id_kab,year,total_area (km2),population,densities,traffic_density,green_open_space,hdi,gross_regional_domestic_product,total_landfills,solid_waste_generated,latitude,longitude,cluster,happiness_score
1101,2022,1838.09,94876.0,51.62,0,0.12,67.27,2688.0,1,1628.09,2.61667,96.08333,2,72.37
1103,2022,4173.82,237376.0,56.87,0,10.884,67.87,6447.0,1,3521.77,3.16667,97.41667,2,72.54
1104,2022,4242.04,228308.0,53.82,0,9.576000000000002,70.32,5829.0,1,3333.3,3.36667,97.7,2,72.38
1106,2022,4527.53,222673.0,49.18,0,1.11,73.95,8873.0,1,4281.213,4.51,96.855,2,71.38
1107,2022,2927.95,202858.0,69.28,0,0.01,72.34,12730.0,1,3702.16,4.45,96.16667,2,72.36
1108,2022,2903.5,414490.0,142.76,0,3.0220000000000002,74.0,15457.0,1,5657.720000000001,5.38333,95.51667,2,72.91
1110,2022,1798.0,443874.0,246.87,0,0.0,73.16,15470.0,1,5667.774,5.08333,96.58333,2,73.03
1111,2022,3296.86,614640.0,186.43,0,0.05,70.22,28310.0,1,12387.482,4.97,97.14,2,70.79
1112,2022,1882.05,155046.0,82.38,0,0.71,67.41,4546.0,1,2834.81,3.83333,96.88333,2,71.79
1113,2022,5549.91,103131.0,18.58,0,79.65,68.25,3077.0,1,1498.6,3.95,97.39,2,71.92
1114,2022,1957.02,301492.0,154.06,0,0.04,70.43,10433.0,1,4406.28,4.25,97.96667,2,72.63
1115,2022,3544.9,173393.0,48.91,0,20.375,70.1,10635.0,1,2531.54,4.16667,96.51667,2,76.15
1116,2022,3727.0,96028.0,25.77,0,0.82,70.36,3122.0,2,1723.13,4.86,95.64,2,72.21
1117,2022,1941.6,168690.0,86.88,0,0.0,73.9,5476.0,1,2408.47,4.73015,96.86156,2,74.78
1171,2022,59.02,257635.0,4365.22,1,8.43,86.28,21561.0,2,9205.59,5.54167,95.33333,2,73.76
1172,2022,122.13,43208.0,353.79,0,179.977,76.85,1643.0,1,630.84,5.82164,95.31086,2,70.92
1173,2022,239.83,192630.0,803.19,0,75.13,77.82,6263.0,1,3447.02,4.47,97.93,2,72.96
1174,2022,181.0,191396.0,1057.44,0,10.592,78.04,10278.0,1,3681.154,5.13333,97.06667,2,70.69
1201,2022,853.44,149249.0,174.88,0,343.175,63.69,4536.0,1,2127.24,1.03333,97.76667,2,71.09
1202,2022,6620.7,484874.0,73.24,0,1002.2759999999998,68.05,16404.0,2,6798.156,0.78378,99.25495,2,71.33
1203,2022,4355.35,307312.0,70.56,0,3300.75,70.92,17052.0,1,5658.42,1.51667,99.25,2,71.41
1204,2022,2194.98,374734.0,170.72,0,0.0,70.31,11635.0,1,6739.73,1.9,98.66667,2,71.12
1206,2022,2022.0,212133.0,104.91,0,120.65799999999999,75.96,8944.0,2,3505.9,2.39793,99.21678,2,71.35
1207,2022,2561.38,508024.0,198.34,0,133.788,72.92,41809.0,1,7505.464999999999,2.26667,100.1,2,71.09
1209,2022,4372.5,1021615.0,233.65,0,554.879,73.77,47286.0,1,18644.47,2.9,99.0,2,69.83
1210,2022,1927.8,315460.0,163.64,0,46.79900000000001,72.56,10717.0,1,4259.571999999999,2.86667,98.23333,2,70.68
1213,2022,6273.29,1039926.0,165.77,0,428.803,71.86,51413.0,4,19032.38,3.71667,98.21667,2,71.1
1214,2022,2487.99,373674.0,150.19,0,350.93600000000004,63.17,8015.0,1,5074.067,0.77,97.75,2,71.01
1215,2022,2297.2,202299.0,88.06,0,60.04799999999999,70.32,6919.0,1,2165.37,2.26551,98.50376,2,70.04
1217,2022,1444.25,139337.0,96.48,0,169.547,71.67,5166.0,1,2376.9950000000003,2.64025,98.71525,2,70.82
1218,2022,1900.22,667998.0,351.54,0,106.8,71.21,33518.0,1,10489.421,3.36667,99.03333,2,70.89
1219,2022,904.96,416367.0,460.09,0,47.192,69.51,40867.0,1,7448.430000000002,3.16166,99.52652,2,71.03
1220,2022,3945.56,267275.0,67.74,0,454.36,70.93,14375.0,1,5141.2170000000015,1.46011,99.67346,2,71.24
1223,2022,3545.8,390954.0,110.26,0,1.0630000000000002,72.77,30282.0,1,6200.337,2.33349,99.63776,2,71.18
1225,2022,520.34,91346.0,175.55,0,510.61899999999997,62.93,2173.0,1,1486.204,1.05966,97.58606,2,70.88
1271,2022,10.77,90366.0,8390.53,1,0.01,74.74,6340.0,1,1502.74,1.73333,98.8,2,70.96
1272,2022,60.52,179748.0,2970.06,1,0.04,69.86,10466.0,1,3214.3469999999993,2.95833,99.79167,2,71.13
1274,2022,38.96,177785.0,4563.27,1,4.76,76.17,6931.0,1,4548.82,3.325,99.14167,2,70.9
1275,2022,265.1,2494512.0,9409.7,1,26.51,81.76,280159.0,1,62874.92,3.65,98.66667,2,70.91
1277,2022,159.3,231062.0,1450.48,0,338.23,76.05,7385.0,1,5906.6,1.37375,99.26843,2,71.19
1278,2022,469.4,137583.0,293.1,0,332.146,70.23,6477.0,1,2545.103,1.32731,97.55018,2,70.94
1301,2022,6033.76,89401.0,14.82,0,481.4789999999998,62.19,5446.0,1,1352.0489999999998,1.98917,99.51889,2,71.07
1302,2022,1938.79,516518.0,266.41,0,600.19,70.84,16606.0,1,5580.32,-1.58333,100.85,2,71.26
1303,2022,3738.0,397829.0,106.43,0,0.39,70.02,15781.0,1,5755.86,-0.96667,100.81667,2,71.24
1304,2022,3130.8,240317.0,76.76,0,0.04,68.69,10669.0,1,3551.39,-1.1827,101.6056,2,69.86
1305,2022,1336.0,376276.0,281.64,0,0.12,73.29,15059.0,1,4705.73,-0.4555,100.5771,2,72.1
1306,2022,1343.09,436129.0,324.72,0,0.0,71.63,22193.0,1,7959.35,-0.6,100.28333,2,71.05
1308,2022,3354.0,388375.0,115.79,0,0.23,70.28,17901.0,1,5595.48,-0.0168,100.5872,2,71.14
1309,2022,3947.63,307425.0,77.88,0,7.98,67.41,10391.0,1,4425.3,0.42503,99.94606,2,70.82
1311,2022,2961.0,234713.0,79.27,0,0.02,72.3,12233.0,1,3783.11,-1.05,101.367,2,70.99
1312,2022,3887.77,442479.0,113.81,0,0.11,69.57,17876.0,1,6387.68,0.28152,99.51965,2,70.84
1371,2022,694.96,919145.0,1322.59,0,142.27,83.29,72979.0,1,23497.31,-0.98333,100.45,2,71.36
1373,2022,273.5,66413.0,242.83,0,0.34,73.73,4390.0,1,688.26,-0.6,100.75,2,70.85
1374,2022,23.0,57850.0,2515.22,1,1.34,78.78,4087.0,1,1786.51,-0.45,100.43333,2,71.23
1375,2022,25.24,122311.0,4845.92,1,1.29,81.42,10194.0,1,4570.75,-0.275,100.375,2,71.25
1377,2022,73.36,96719.0,1318.42,0,0.54,77.65,5882.0,1,1396.34,-0.62682,100.12047,2,71.28
1401,2022,7656.03,345850.0,45.17,0,624.39,71.09,44910.0,1,5080.06,-0.47532,101.45857,2,68.69
1402,2022,8198.71,464076.0,56.6,0,122.65599999999999,70.46,54185.0,1,6617.32,-0.55,102.31667,2,71.9
1403,2022,12614.78,660747.0,52.38,0,0.02,67.37,83164.0,4,11950.681,-0.33333,103.16667,2,72.43
1405,2022,8556.09,477550.0,55.81,0,1.41,74.5,106995.0,4,6813.57,0.97453,102.01355,2,73.78
1406,2022,11289.28,878210.0,77.79,0,302.279,73.84,103550.0,4,18566.99,0.2344,101.2131,2,70.76
1407,2022,7588.13,582679.0,76.79,0,0.4,70.31,49614.0,2,13261.38,0.88333,100.48333,2,71.7
1408,2022,514.0,582973.0,1134.19,0,0.56,74.38,175972.0,4,10666.119,0.9838,102.5096,2,73.92
1410,2022,3708.0,213532.0,57.59,0,0.01,66.52,24896.0,1,4328.252,0.97488,102.69539,2,72.8
1471,2022,632.3,1007540.0,1593.45,0,68.06,82.06,144559.0,1,35650.33,0.53333,101.46667,2,71.42
1473,2022,1727.0,331832.0,192.14,0,0.26,75.26,45053.0,1,6055.93,1.61592,101.4917,2,72.44
1501,2022,3807.0,253900.0,66.69,0,20.851000000000006,71.99,12226.0,1,4389.251,-2.03333,101.53333,2,76.11
1504,2022,4179.7,313200.0,74.93,0,0.12,70.51,24304.0,1,5578.108000000001,-1.75,103.11667,2,75.15
1505,2022,5246.0,412800.0,78.69,0,37.577000000000005,70.18,32958.0,1,6502.157999999999,-1.55214,103.82163,2,75.9
1506,2022,5426.0,234200.0,43.16,0,40.647000000000006,65.77,25606.0,1,4677.9929999999995,-1.13198,103.61755,2,77.35
1508,2022,6461.0,344800.0,53.37,0,85.618,69.78,19698.0,1,5893.099,-1.45576,102.37473,2,76.25
1571,2022,175.53,619600.0,3529.88,1,24.23,79.58,36184.0,1,15968.8,-1.61667,103.65,2,78.98
1572,2022,391.5,99200.0,253.38,0,24.629,76.17,8679.0,1,1829.54,-2.10896,101.32175,2,74.61
1602,2022,19023.47,776690.0,40.83,0,226.574,68.02,34239.0,3,13403.998000000001,-3.36667,105.36667,2,70.92
1603,2022,6763.91,624019.0,92.26,0,21.06,69.43,113577.0,1,8490.1,-4.2327,103.6141,2,71.47
1604,2022,4344.87,441174.0,101.54,0,1.348,68.4,27834.0,1,9840.69,-3.7864,103.5428,2,72.43
1606,2022,14265.96,633124.0,44.38,0,6881.99,68.6,82432.0,8,9414.55,-2.41667,103.75,2,71.11
1607,2022,11875.0,852576.0,71.8,0,294.96,67.93,34443.0,2,21123.59,-2.88333,104.38306,2,75.27
1609,2022,4369.25,656857.0,150.34,0,0.11,70.23,17833.0,2,10298.17,-3.85679,104.75209,2,71.69
1610,2022,2382.0,422907.0,177.54,0,219.584,67.96,13251.0,1,5933.545,-3.43186,104.62727,2,70.74
1611,2022,2256.0,357673.0,158.54,0,33.323,66.0,5838.0,1,4653.783,3.22667,99.09256,2,75.74
1612,2022,1840.0,200368.0,108.9,0,4.44,65.75,8195.0,1,3731.63,-3.21342,104.08722,2,73.4
1613,2022,6008.55,192369.0,32.02,0,65.195,65.74,8549.0,1,3427.517,-2.48533,103.29346,2,72.52
1671,2022,352.5,1707996.0,4845.38,1,43.87,79.47,179107.0,1,43981.57,-3.0,104.71667,2,70.97
1672,2022,434.46,199047.0,458.15,0,4.74,75.52,9208.0,1,3591.82,-3.46202,104.2229,2,72.37
1673,2022,633.66,147071.0,232.1,0,141.508,69.6,3256.0,1,2565.7400000000007,-4.13055,103.26822,2,74.2
1674,2022,401.5,240238.0,598.35,0,8.405,75.53,7688.0,1,4037.2149999999992,-3.29308,102.85503,2,71.99
1701,2022,1186.7,170093.0,143.33,0,175.411,71.42,6713.0,1,2811.639,-4.35,103.03333,2,66.6
1702,2022,1515.76,281281.0,185.57,0,215.61000000000004,71.45,10993.0,1,4682.455,-3.43333,102.71667,2,70.1
1703,2022,4424.6,302833.0,68.44,0,4.38,69.77,12319.0,1,6920.77,-3.33333,102.05,2,69.74
1704,2022,2556.0,129661.0,50.73,0,308.08299999999997,67.77,4227.0,1,2323.707,-4.78179,103.36109,2,69.52
1706,2022,4147.0,196571.0,47.4,0,249.81900000000002,69.12,6217.0,1,3160.917999999999,-3.07438,101.54766,2,68.35
1707,2022,1665.28,107248.0,64.4,0,1214.51,68.12,3889.0,1,2940.98,-3.24278,102.3349,2,71.05
1709,2022,1223.94,119814.0,97.89,0,127.44999999999997,68.47,6545.0,1,2284.4749999999995,-3.20679,102.12616,2,70.73
1771,2022,151.7,384841.0,2536.86,1,0.61,80.99,28090.0,1,8328.321,-3.81667,102.31667,2,68.5
1801,2022,3368.14,303397.0,90.08,0,0.25,68.39,8280.0,1,4475.73,-5.14904,104.19309,2,69.63
1802,2022,4654.96,652898.0,140.26,0,0.21,67.22,18096.0,1,13345.24,-5.38508,104.62349,0,70.51
1803,2022,2219.46,1081115.0,487.11,0,73.714,69.0,51481.0,1,18320.204000000005,-5.4531,104.9877,0,73.57
1804,2022,5325.03,1127946.0,211.82,0,1.22,70.58,49710.0,2,18133.612999999998,-5.10273,105.68003,0,72.25
1805,2022,4546.0,1500022.0,329.97,0,0.01,70.8,82454.0,1,29532.125000000007,-4.86667,105.26667,0,73.65
1806,2022,2667.0,635129.0,238.14,0,75.512,68.33,27046.0,1,9058.181,-4.81667,104.8,0,72.04
1807,2022,3921.63,481036.0,122.66,0,1036.46,68.04,16153.0,1,7008.61,-4.44705,104.52753,2,70.68
1808,2022,4386.0,431208.0,98.31,0,232.36000000000004,69.53,25983.0,1,6554.423000000001,-4.20604,105.57999,0,68.28
1809,2022,1173.77,487153.0,415.03,0,15.49,66.7,18601.0,1,7722.959,-5.4298,105.17899,0,73.51
1810,2022,625.0,408415.0,653.46,0,0.17,70.98,12842.0,1,5939.62,-5.42211,104.93454,0,71.48
1811,2022,2184.0,232685.0,106.54,0,0.0,64.94,11953.0,1,3975.2940000000003,-4.0439,105.4013,0,71.53
1812,2022,1201.15,289620.0,241.12,0,0.1,67.13,13233.0,1,4178.77,-4.43975,105.0444,0,70.48
1813,2022,2953.0,164816.0,55.81,0,90.03200000000001,65.14,5345.0,1,2476.516,-5.19323,103.93976,2,71.37
1871,2022,197.22,1209937.0,6134.96,1,6.01,78.01,67882.0,1,28705.76,-5.41667,105.25,0,72.95
1901,2022,3028.79,334344.0,110.39,0,9.95,72.95,17959.0,2,4881.42,-1.91667,105.93333,2,72.79
1902,2022,2293.69,186331.0,81.24,0,41.92,73.38,12322.0,1,2686.46,-2.86667,107.7,0,73.67
1903,2022,2884.15,209413.0,72.61,0,67.29,70.12,16761.0,1,3658.3060000000005,-1.95839,105.53741,2,74.58
1904,2022,2279.11,205510.0,90.17,0,462.75,71.4,10523.0,1,3006.11,-2.33989,106.1142,0,73.49
1905,2022,3607.08,202263.0,56.07,0,100.74,67.95,10693.0,1,2996.69,-2.66803,106.01257,0,74.32
1906,2022,2506.91,130463.0,52.04,0,27.232,72.29,9785.0,1,1858.52,-2.9627,108.15216,0,75.91
1971,2022,118.4,226297.0,1911.29,0,16.889999999999997,79.24,17278.0,1,4919.714,-2.13333,106.13333,2,74.08
2101,2022,1524.0,266177.0,174.66,0,11.17,72.65,15554.0,1,6800.82,0.80764,103.41911,2,74.29
2102,2022,1946.13,165781.0,85.18,0,0.19,74.99,22996.0,1,2040.99,0.95,104.61944,2,75.82
2103,2022,2009.04,83102.0,41.36,0,0.32,73.47,24265.0,1,1247.51,4.71417,107.97639,2,74.18
2104,2022,2117.72,102853.0,48.57,0,24.133000000000003,66.57,4853.0,1,1037.66,0.2,104.61667,2,73.38
2105,2022,590.14,49632.0,84.1,0,19.628999999999998,69.61,19909.0,1,481.8,3.0,106.0,2,75.48
2171,2022,3868.97,1236010.0,319.47,0,2.5,81.67,194836.0,1,41346.16,1.05211,104.02851,2,74.67
2172,2022,144.56,239854.0,1659.2,0,25.07,79.64,21792.0,1,5690.54,0.91683,104.44329,2,74.87
3101,2022,10.73,28262.0,2633.92,1,2.91,72.79,10126.0,1,653.11,-5.5985,106.55271,0,72.98
3171,2022,144.94,2234262.0,15415.08,2,3.21,85.21,730695.0,1,71330.09,-6.266,106.8135,0,74.11
3173,2022,47.56,1053482.0,22150.59,2,0.84,82.11,795395.0,1,31026.85,-6.1777,106.8403,0,72.06
3174,2022,125.0,2458707.0,19669.66,2,0.02,82.51,540753.0,1,73854.78,-6.1676,106.7673,0,72.82
3175,2022,147.21,1799220.0,12222.13,2,0.83,80.81,587792.0,1,49948.08,-6.1339,106.8823,0,73.73
3201,2022,2710.62,5566838.0,2053.71,1,229.18800000000002,71.2,267744.0,1,58043.325,-6.58333,106.71667,0,74.49
3202,2022,4145.7,2806664.0,677.01,0,3.2089999999999996,67.64,76244.0,1,44320.242999999995,-7.06667,106.7,0,74.43
3203,2022,3840.16,2542793.0,662.16,0,2.156,65.94,53989.0,1,40545.812,-6.7725,107.08306,0,74.85
3204,2022,1767.96,3718660.0,2103.36,1,282.45,73.16,143002.0,1,46835.19,-7.1,107.6,0,74.24
3205,2022,3074.07,2627220.0,854.64,0,0.19,67.41,66591.0,1,40596.96,-7.38333,107.76667,0,73.51
3206,2022,2551.19,1906288.0,747.22,0,65.601,66.84,42660.0,1,30836.126999999997,-7.5,108.13333,0,72.21
3208,2022,1110.56,1196017.0,1076.95,0,0.11,70.16,29520.0,1,21878.21,-7.0,108.55,0,73.16
3209,2022,984.52,2315417.0,2351.82,1,2.8770000000000002,70.06,56654.0,1,47557.146,-6.8,108.56667,0,74.98
3210,2022,1204.24,1335460.0,1108.96,0,77.724,68.56,37777.0,1,20570.044,-6.81667,108.28333,0,74.72
3211,2022,1518.33,1167033.0,768.63,0,0.14,72.69,40025.0,1,16159.2,-6.81667,107.98333,0,74.65
3212,2022,2040.11,1871832.0,917.52,0,0.74,68.55,90773.0,2,40648.11,-6.45,108.16667,0,73.21
3213,2022,1893.95,1624386.0,857.67,0,0.48,69.87,46160.0,1,27280.226000000002,-6.50833,107.7025,0,74.3
3214,2022,825.74,1028569.0,1245.63,0,17.466,71.56,76478.0,1,17639.787,-6.58333,107.45,0,74.13
3215,2022,1652.2,2505247.0,1516.31,0,136.32200000000003,71.74,268229.0,1,36643.65,-6.26667,107.41667,0,73.61
3216,2022,1224.88,3214791.0,2624.58,1,106.571,75.22,367562.0,1,82137.91,-6.24667,107.10833,0,74.34
3271,2022,118.5,1063513.0,8974.79,1,2.38,77.17,52915.0,1,27172.76,-6.59167,106.8,0,74.7
3272,2022,48.25,356410.0,7386.74,1,4.25,75.4,14192.0,1,6582.84,-6.95,106.93333,0,73.52
3273,2022,167.67,2461553.0,14680.94,2,1.06,82.5,328151.0,1,58187.65,-6.9175,107.62444,0,74.21
3274,2022,37.36,341235.0,9133.7,1,1.7,75.89,26618.0,1,6661.857999999998,-6.75,108.55,0,75.91
3275,2022,206.61,2590257.0,12536.94,2,0.1,82.46,109881.0,1,66817.9,-6.28333,106.98333,0,74.82
3276,2022,200.29,2123349.0,10601.37,2,0.36,81.86,81167.0,1,58306.002,-6.4,106.81667,0,74.38
3279,2022,113.49,206457.0,1819.16,0,36.26,72.55,4929.0,1,3126.78,-7.36996,108.53209,0,75.36
3302,2022,1328.0,1806013.0,1359.95,0,231.39,73.17,62817.0,1,19596.45,-7.45,109.16667,0,72.08
3303,2022,777.64,1019840.0,1311.46,0,89.375,69.54,28824.0,1,18612.08,-7.28417,109.35028,0,73.66
3305,2022,1281.11,1376825.0,1074.71,0,223.26,70.79,32615.0,2,16901.34,-7.63917,109.66056,0,72.34
3306,2022,1034.84,778257.0,752.06,0,0.33,73.6,21353.0,1,10569.42,-7.7,109.96667,0,71.99
3307,2022,984.68,896346.0,910.29,0,30.459000000000003,68.89,21587.0,1,13368.26,-7.36139,109.92667,0,71.97
3308,2022,1085.73,1312573.0,1208.93,0,0.0,70.85,37432.0,1,21239.081,-7.4275,110.16194,0,71.94
3309,2022,1096.35,1079952.0,985.04,0,0.3,74.97,38789.0,1,10678.13,-7.5,110.7,0,70.75
3310,2022,655.56,1275850.0,1946.2,0,74.773,76.95,46592.0,1,23470.34,-7.68333,110.61667,0,71.27
3311,2022,466.66,916627.0,1964.23,0,33.746,77.94,42781.0,1,13210.11,-7.68333,110.83333,0,72.88
3312,2022,1941.28,1057087.0,544.53,0,720.21,71.04,33692.0,1,12691.79,-7.91667,111.0,0,73.48
3313,2022,774.0,947642.0,1224.34,0,0.59,76.58,43088.0,1,13706.6,-7.62806,111.0625,0,73.44
3314,2022,941.55,992243.0,1053.84,0,117.34,74.65,44243.0,1,21541.74,-7.41278,110.935,0,70.99
3315,2022,2022.25,1470150.0,726.99,0,0.71,70.97,31807.0,1,31002.18,-7.11667,110.91667,0,73.04
3316,2022,1820.95,888224.0,487.78,0,4.87,69.95,30960.0,2,13981.18,-7.06667,111.38333,0,71.97
3317,2022,1014.08,650770.0,641.73,0,1.38,71.0,22107.0,1,9202.6,-6.78333,111.46667,0,72.58
3318,2022,1503.68,1339572.0,890.86,0,383.58,73.14,50119.0,1,24622.39,-6.76667,111.1,0,72.71
3319,2022,425.2,856472.0,2014.28,1,6.3,75.89,114565.0,1,16357.9,-6.8,110.86667,0,69.66
3320,2022,1062.01,1192811.0,1123.16,0,182.33,73.15,35011.0,3,15051.64,-6.58333,110.76667,0,70.35
3321,2022,897.43,1223217.0,1363.02,0,0.74,73.36,30252.0,1,26366.64,-6.8993,110.6122,0,72.12
3322,2022,950.21,1068492.0,1124.48,0,0.0,74.67,56640.0,1,19342.15,-7.20667,110.44139,0,72.04
3323,2022,870.65,799764.0,918.58,0,171.59,70.77,24726.0,1,14605.04,-7.25,110.11667,0,71.98
3324,2022,1002.23,1033367.0,1031.07,0,0.07,73.19,49666.0,1,14965.29,-7.0256,110.1685,0,73.12
3325,2022,788.6,813791.0,1031.94,0,16.193,69.45,25444.0,1,20705.54,-7.03333,109.88333,0,71.25
3326,2022,836.13,986455.0,1179.79,0,0.2,70.81,25962.0,1,14256.96,-7.0319,109.624,0,70.96
3327,2022,1115.0,1500754.0,1345.97,0,150.18,67.19,29915.0,1,21669.45,-7.03333,109.4,0,73.06
3328,2022,876.1,1623595.0,1853.21,0,0.16,69.53,40770.0,1,30646.62,-7.03333,109.16667,0,70.55
3329,2022,1769.62,2010617.0,1136.19,0,1.78,67.03,53709.0,2,36693.76,-7.05,108.9,0,72.65
3372,2022,46.72,523008.0,11194.52,2,22.187,83.08,55849.0,1,13734.55,-7.55,110.81667,0,71.85
3373,2022,56.78,195065.0,3435.45,1,12.937999999999999,84.35,15381.0,1,4166.83,-7.33278,110.48333,0,73.36
3375,2022,45.25,309742.0,6845.13,1,6.832000000000001,75.9,12591.0,1,6411.884999999999,-6.9,109.68333,0,70.84
3376,2022,39.68,278299.0,7013.58,1,4.102,76.15,17680.0,1,7936.6,-6.8686,109.1129,0,73.23
3401,2022,586.3,440680.0,751.63,0,0.79,75.46,14315.0,1,6473.07,-7.645,110.02694,0,73.34
3402,2022,506.85,1000800.0,1974.55,0,56.287,80.69,31183.0,1,22524.597999999998,-7.9,110.36667,0,72.63
3403,2022,1485.36,749710.0,504.73,0,0.02,70.96,22749.0,1,13787.19,-7.98333,110.61667,0,70.61
3404,2022,574.82,1145850.0,1993.41,0,71.387,84.31,54702.0,1,21780.73,-7.68167,110.32333,0,71.2
3471,2022,32.5,375520.0,11554.46,2,2.62,87.69,42624.0,1,11064.26,-7.8,110.375,0,71.32
3502,2022,1371.78,964253.0,702.92,0,0.12,71.87,23028.0,1,13955.26,-7.93333,111.5,0,74.97
3504,2022,1055.65,1105337.0,1047.07,0,66.914,74.06,44133.0,1,20214.89,-8.11667,111.91667,0,72.17
3506,2022,1386.05,1656020.0,1194.78,0,0.01,73.46,46650.0,1,24008.24,-7.83333,112.16667,0,71.83
3507,2022,3530.65,2685900.0,760.74,0,64.295,71.38,117422.0,3,35061.41,-8.16667,112.66667,0,72.11
3508,2022,1790.9,1137227.0,635.0,0,4.12,66.95,36664.0,1,19144.61,-8.11667,113.15,0,74.98
3509,2022,3306.69,2567718.0,776.52,0,0.6,67.97,88030.0,4,37036.24,-8.25,113.65,0,72.48
3510,2022,5782.5,1731731.0,299.48,0,29.475,71.94,93279.0,1,29707.85,-8.33333,114.2,0,72.37
3512,2022,1638.5,691260.0,421.89,0,5.45,68.25,23129.0,1,9389.17,-7.71667,114.05,0,73.29
3513,2022,1696.17,1159965.0,683.87,0,3.99,66.96,38933.0,1,16876.05,-7.86667,113.31667,0,74.74
3514,2022,1474.02,1619035.0,1098.38,0,59.186,69.68,172654.0,1,24424.518,-7.73333,112.83333,0,71.1
3515,2022,714.27,2103401.0,2944.83,1,0.38,81.02,245227.0,1,51538.504,-7.45,112.7,0,75.08
3516,2022,692.15,1133584.0,1637.77,0,2.74,74.89,95798.0,2,16832.26,-7.55,112.5,0,73.97
3518,2022,1224.33,1117033.0,912.36,0,3.14,72.93,30820.0,3,16210.77,-7.6,111.93333,0,71.89
3520,2022,688.84,678343.0,984.76,0,17.94,74.85,21195.0,1,10064.79,-7.64472,111.35917,0,73.33
3522,2022,2307.06,1315125.0,570.04,0,15.87,70.12,100493.0,2,13727.14,-7.25,111.8,0,73.98
3524,2022,1752.21,1371509.0,782.73,0,0.11,74.02,45441.0,1,8324.09,-7.13333,112.31667,0,73.48
3527,2022,1233.0,984162.0,798.18,0,1.9,63.39,23009.0,2,16951.13,-7.05,113.25,0,75.63
3528,2022,792.2,857818.0,1082.83,0,39.32,66.99,19263.0,1,10114.06,-7.06667,113.5,0,73.02
3529,2022,2093.47,1136632.0,542.94,0,2.42,67.87,40255.0,1,13219.79,-7.11667,114.33333,0,72.3
3571,2022,63.4,289418.0,4564.66,1,6.8,79.59,152778.0,1,6518.37,-7.83333,112.01667,0,74.44
3572,2022,32.58,151960.0,4664.21,1,11.28,79.93,7834.0,1,2773.27,-8.1,112.16667,0,72.5
3573,2022,110.06,846126.0,7687.86,1,12.347,82.71,84807.0,1,27914.84,-7.975,112.63333,0,73.76
3575,2022,35.29,211497.0,5993.11,1,8.69,76.54,9453.0,1,5329.73,-7.65,112.9,0,74.35
3576,2022,20.21,134350.0,6647.7,1,0.05,79.32,7637.0,1,2442.03,-7.46667,112.43333,0,73.46
3577,2022,33.23,199192.0,5994.34,1,2.89,82.01,15819.0,1,4421.98,-7.63333,111.53333,0,73.32
3579,2022,199.09,216735.0,1088.63,0,201.17,77.22,18588.0,1,4935.95,-7.83272,112.53751,0,72.36
3601,2022,2746.0,1298850.0,473.0,0,33.98299999999999,65.84,32077.0,1,18011.756,-6.63333,105.75,0,68.32
3602,2022,3305.07,1417350.0,428.84,0,5.78,64.71,33475.0,2,21588.52,-6.65,106.21667,0,65.11
3603,2022,959.61,3321650.0,3461.46,1,0.23,72.97,160167.0,1,84149.77,-6.2,106.46667,0,67.43
3671,2022,164.55,1931640.0,11738.92,2,96.13300000000001,78.9,182409.0,1,50425.81,-6.17944,106.62991,0,67.12
3672,2022,162.51,445060.0,2738.66,1,104.62199999999999,73.95,120767.0,1,8316.91,-6.01667,106.01667,0,66.73
3673,2022,266.74,712410.0,2670.8,1,146.80800000000005,72.98,36724.0,1,21346.4,-6.12563,106.14999,0,67.41
3674,2022,147.19,1378710.0,9366.87,1,34.46,81.95,96137.0,1,35500.94,-6.29373,106.71244,0,69.84
5101,2022,841.8,327900.0,389.52,0,0.41,73.58,14532.0,1,5947.29,-8.3,114.66667,0,73.83
5102,2022,839.33,469300.0,559.14,0,53.11,76.75,23681.0,1,8208.366,-8.43333,115.06667,0,74.88
5103,2022,418.5,549500.0,1313.02,0,129.92,82.13,55290.0,1,11947.46,-8.51667,115.2,0,75.02
5104,2022,368.0,524000.0,1423.91,0,0.77,78.39,27944.0,1,19669.85,-8.46667,115.28333,0,74.97
5105,2022,315.0,214000.0,679.37,0,0.07,72.55,9210.0,3,3764.36,-8.55,115.4,0,75.01
5106,2022,520.81,267100.0,512.85,0,2.36,70.26,7338.0,1,4083.61,-8.28333,115.35,0,75.27
5108,2022,1366.0,825100.0,604.03,0,1.41,73.45,35805.0,1,14328.37,-8.25,114.96667,0,75.12
5171,2022,127.78,726800.0,5687.9,1,1.38,84.37,54634.0,1,31631.27,-8.66667,115.21663,0,76.14
5201,2022,1053.92,742074.0,704.11,0,98.93800000000002,69.41,16562.0,1,10533.61,-8.69583,116.11667,0,68.27
5203,2022,2679.88,1368136.0,510.52,0,0.08,67.59,22600.0,1,19620.96,-8.53333,116.53333,0,69.27
5204,2022,6643.98,522357.0,78.62,0,0.65,68.89,16108.0,2,9482.04,-8.7439,117.3324,0,70.17
5205,2022,2324.55,243404.0,104.71,0,0.15300000000000002,69.15,7826.0,1,3535.343,-8.5094,118.4816,0,70.33
5206,2022,4389.0,527664.0,120.22,0,138.85699999999997,67.57,12734.0,1,10110.21,-8.6,118.61667,0,69.3
5207,2022,1742.27,150338.0,86.29,0,7.88,72.65,31512.0,1,2773.152,-8.75159,116.92132,0,71.22
5208,2022,809.53,254145.0,313.94,0,29.862000000000002,65.7,5051.0,1,3744.61,-8.35214,116.40152,0,70.25
5271,2022,61.3,437162.0,7131.52,1,102.73500000000001,79.59,21182.0,1,9643.69,-8.5833,116.1167,0,67.91
5301,2022,757.41,149804.0,197.78,0,102.174,64.43,2583.0,1,2481.464,-9.56667,119.45,1,71.58
5303,2022,5136.51,373259.0,72.67,0,105.203,65.04,8483.0,1,5584.418,-9.91667,123.83333,1,69.96
5304,2022,3933.15,467732.0,118.92,0,114.55999999999999,62.73,8810.0,1,7415.517,-9.83333,124.4,1,71.82
5306,2022,1127.25,226307.0,200.76,0,11.829999999999998,63.22,5036.0,1,3117.3230000000003,-9.41258,124.95066,1,70.67
5307,2022,2928.56,218059.0,74.46,0,0.01,62.26,3363.0,1,3491.2290000000003,-8.3,124.56667,1,71.85
5308,2022,1268.11,139436.0,109.96,0,21.656999999999996,65.47,2017.0,1,2240.0080000000003,-8.41396,123.55225,1,73.32
5309,2022,1748.52,284122.0,162.49,0,26.875,64.93,5643.0,1,3578.072,-8.24224,122.96817,1,72.06
5310,2022,1671.65,330429.0,197.67,0,141.93099999999998,66.06,5703.0,1,3837.6279999999997,-8.66667,122.36667,1,70.2
5311,2022,2085.24,275785.0,132.26,0,134.54000000000002,67.97,6793.0,1,3510.1059999999998,-8.84056,121.66389,1,70.88
5312,2022,1735.64,169383.0,97.59,0,45.299,68.26,3819.0,1,2723.323,-8.66667,121.0,1,71.51
5313,2022,1343.83,323054.0,240.4,0,215.15699999999998,65.83,5097.0,1,3132.001,-8.56667,120.41667,1,70.22
5315,2022,3129.0,265613.0,84.89,0,0.08,64.92,3884.0,1,3097.24,-8.64484,119.88281,1,70.27
5316,2022,1789.66,88706.0,49.57,0,0.32,62.71,1303.0,1,1089.33,-9.62941,119.61914,1,73.3
5317,2022,1383.31,315427.0,228.02,0,31.238999999999997,63.15,4176.0,1,3325.2110000000002,-9.56216,119.08905,0,72.74
5320,2022,460.96,91877.0,199.32,0,123.849,57.9,1546.0,1,1249.467,-10.56286,121.78894,1,73.93
5321,2022,1109.16,188493.0,169.94,0,210.836,61.34,3144.0,1,2628.6259999999993,-9.5632,124.89481,1,69.41
5371,2022,159.33,458253.0,2876.13,1,9.437,80.2,26200.0,1,8319.26,-10.21667,123.6,1,72.57
6101,2022,6395.7,641271.0,100.27,0,0.56,67.95,24423.0,5,11611.2,1.41667,109.33333,0,71.39
6104,2022,2797.88,308804.0,110.37,0,32.38,66.94,9956.0,1,3066.97,0.25,109.16667,0,72.79
6105,2022,12857.7,497280.0,38.68,0,0.25,66.91,23847.0,6,8984.18,0.25472,110.45,0,73.7
6106,2022,31588.0,584946.0,18.52,0,78.08399999999999,67.92,34314.0,4,11725.662,-1.58333,110.5,0,72.69
6107,2022,21635.0,432206.0,19.98,0,487.28900000000004,67.86,17330.0,1,7243.518000000001,-0.08333,112.08333,0,72.07
6108,2022,29842.0,258989.0,8.68,0,488.372,66.7,12187.0,1,4866.38,0.81667,112.76667,0,72.94
6109,2022,5444.2,216862.0,39.83,0,3.4939999999999998,65.58,7884.0,1,3696.0630000000006,0.03485,110.95066,0,73.48
6110,2022,10640.8,235669.0,22.15,0,0.27,66.81,6177.0,1,3792.7300000000005,-0.33617,111.698,0,74.36
6111,2022,4568.26,130592.0,28.59,0,44.657,63.81,4981.0,1,2153.3049999999994,-1.43711,110.79781,0,72.38
6112,2022,6985.2,628558.0,89.98,0,35.552,68.91,35209.0,4,11731.679,0.01637,109.33731,0,73.7
6172,2022,504.0,242177.0,480.51,0,34.947,72.89,11922.0,1,3429.79,0.90734,109.00103,0,72.54
6204,2022,7020.09,133478.0,19.01,0,66.286,71.01,8132.0,1,2443.97,-1.86667,114.73333,0,73.24
6205,2022,8300.0,158539.0,19.1,0,0.17,71.21,14298.0,1,2260.39,-0.98333,115.1,0,72.89
6206,2022,3827.0,65457.0,17.1,0,190.343,68.94,5460.0,1,958.0719999999999,-2.62675,111.23681,0,72.54
6207,2022,6414.0,100509.0,15.67,0,0.56,71.11,7316.0,1,1505.674,-1.83828,111.2869,0,74.66
6208,2022,16404.0,168262.0,10.26,0,0.03,68.24,10809.0,1,2999.94,-2.33333,112.25,0,74.63
6209,2022,20382.53,166820.0,8.18,0,0.11700000000000002,69.74,9966.0,1,2687.487,-2.06667,113.4,0,73.24
6210,2022,8997.0,136869.0,15.21,0,0.08,69.01,6465.0,1,2469.88,-3.11858,113.8623,0,73.21
6211,2022,10804.0,140125.0,12.97,0,0.0,71.4,8135.0,1,3705.84,-0.95,113.5,0,75.6
6212,2022,3834.0,115860.0,30.22,0,0.01,72.07,10948.0,1,1679.83,-1.93333,115.1,0,72.17
6213,2022,23700.16,114831.0,4.85,0,0.79,68.63,12999.0,1,2033.98,-0.01667,114.26667,0,72.85
6271,2022,2853.19,301417.0,105.64,0,304.75,81.16,21955.0,1,5544.81,-1.76979,113.73126,0,73.58
6301,2022,3631.35,358090.0,98.61,0,2.14,70.35,19022.0,1,5180.74,-3.88333,114.86667,0,72.2
6302,2022,9442.46,326631.0,34.59,0,3.0,69.74,33266.0,1,6614.35,-3.0,116.0,0,73.94
6303,2022,4668.5,570347.0,122.17,0,0.25,70.72,21071.0,1,13051.24,-3.31667,115.08333,0,72.89
6304,2022,2996.46,319708.0,106.7,0,39.25,67.37,9868.0,2,3517.98,-3.08333,114.61667,0,75.01
6308,2022,915.05,233428.0,255.1,0,0.04,66.84,5671.0,1,3376.83,-2.45,115.13333,0,73.33
6309,2022,3556.0,258525.0,72.7,0,10.88,73.13,29172.0,1,3750.78,-1.88333,115.5,0,74.08
6310,2022,4871.39,341137.0,70.03,0,0.83,71.79,31610.0,3,6074.35,-3.45413,115.70372,0,74.59
6311,2022,1878.3,133789.0,71.23,0,2.59,69.73,19848.0,1,2057.63,-2.32314,115.62922,0,73.18
6372,2022,371.38,268292.0,722.42,0,65.17,79.68,11786.0,1,6707.97,-3.41667,114.83333,0,72.67
6401,2022,11603.94,286952.0,24.73,0,51.3,73.44,76262.0,1,4330.1,-1.43517,116.23535,0,74.6
6403,2022,27263.1,791855.0,29.04,0,77.28,74.67,240393.0,6,11452.48,-0.44019,116.98139,0,74.08
6404,2022,35747.5,399453.0,11.17,0,14.464000000000002,74.35,211101.0,2,7767.44,1.03769,117.83112,1,73.4
6405,2022,34127.17,236325.0,6.92,0,20.19,75.74,60158.0,2,4980.19,2.0,117.3,0,72.74
6409,2022,3333.0,159073.0,47.73,0,333.56,72.55,13129.0,1,3503.4,-1.25,116.83333,0,73.31
6411,2022,15315.0,27201.0,1.78,0,6.2780000000000005,68.75,3169.0,1,558.46,0.37822,115.38048,0,74.67
6472,2022,716.96,865911.0,1207.75,0,0.05,81.43,83354.0,2,21434.79,-0.43333,117.18333,0,73.41
6501,2022,38911.8,84509.0,2.17,0,496.34900000000005,72.75,17587.0,1,1440.9940000000001,2.45,115.68333,0,77.97
6503,2022,3504.0,26783.0,7.64,0,0.0,68.6,8626.0,1,517.79,3.55,117.25,0,76.67
6504,2022,13564.0,204762.0,15.1,0,4565.6,67.16,40151.0,1,1557.68,4.13333,116.7,0,75.95
6571,2022,251.0,248182.0,988.77,0,478.8600000000001,76.68,47488.0,1,5107.727,3.36667,117.6,1,76.77
7101,2022,3269.3,252648.0,77.28,0,8.790000000000003,68.95,9777.0,1,4571.22,0.75,124.08333,1,75.89
7102,2022,1128.45,350317.0,310.44,0,63.398,76.18,20369.0,2,6363.28,1.2537,124.83,1,75.9
7103,2022,597.26,140165.0,234.68,0,0.01,71.63,5223.0,1,2039.39,3.5,125.55,1,75.17
7104,2022,1012.14,95545.0,94.4,0,0.19,70.43,2631.0,1,1550.3080000000002,4.31178,126.78085,1,76.2
7105,2022,1456.69,241680.0,165.91,0,0.01,72.89,10527.0,1,3452.36,1.21291,124.59708,1,74.16
7106,2022,995.55,229368.0,230.39,0,102.69,74.69,17226.0,1,4311.42,1.4025,124.96,1,73.67
7109,2022,753.14,118023.0,156.71,0,18.068999999999996,71.48,6147.0,1,1684.1,1.05633,124.7925,1,74.89
7110,2022,1796.07,71481.0,39.8,0,3.9179999999999993,65.9,2504.0,1,1055.35,0.40912,123.75961,1,75.56
7111,2022,859.97,92299.0,107.33,0,0.08,67.21,3533.0,1,1347.62,0.72073,124.50256,1,74.07
7171,2022,162.35,454606.0,2800.16,1,22.185,79.66,43920.0,1,10624.11,1.51667,124.88333,1,74.81
7172,2022,329.72,229795.0,696.94,0,0.0,74.7,20620.0,1,5805.52,1.48333,125.15,1,75.54
7173,2022,169.06,101151.0,598.31,0,8.41,77.44,5034.0,1,1851.04,1.31307,124.83404,1,76.32
7174,2022,108.89,125405.0,1151.67,0,18.52,73.96,4413.0,1,3146.38,0.68915,124.32678,1,75.14
7201,2022,2385.07,123576.0,51.81,0,0.04,66.08,4569.0,1,2192.59,-1.6424,123.54881,1,75.77
7203,2022,4486.89,176244.0,39.28,0,0.75,72.55,146772.0,1,3064.36,-1.89342,121.25473,1,76.48
7204,2022,7545.93,252650.0,33.48,0,0.0,71.93,10891.0,1,5060.962,-1.65,120.5,1,75.86
7205,2022,5126.59,305890.0,59.67,0,0.62,66.25,13781.0,1,4423.29,-0.58333,119.85,1,75.27
7206,2022,3700.37,228641.0,61.79,0,0.1,66.76,9697.0,1,3328.876,1.30862,120.88643,1,76.42
7207,2022,3723.58,148246.0,39.81,0,3.912,68.72,6713.0,1,2206.6939999999995,0.75,120.75,1,74.52
7208,2022,5805.61,446712.0,76.94,0,2.4,66.26,20061.0,1,8258.25,0.3368,120.17841,1,74.69
7210,2022,5225.44,266812.0,51.06,0,37.128,69.05,10600.0,1,4700.84,-1.385,119.96694,1,76.83
7211,2022,725.67,71345.0,98.32,0,116.78899999999999,66.22,2804.0,1,1354.99,-1.61841,123.49388,1,74.71
7212,2022,8736.01,124006.0,14.19,0,457.203,68.97,21082.0,1,2230.88,-1.7207,121.24649,1,75.4
7271,2022,395.06,381572.0,965.86,0,9.98,82.02,28445.0,1,7407.37,-0.86972,119.9,1,73.57
7301,2022,1160.36,139658.0,120.36,0,0.25,68.35,7480.0,1,2014.42,-6.81667,120.8,1,71.85
7302,2022,1175.53,445815.0,379.25,0,36.99,70.34,17233.0,1,6530.46,-5.41667,120.23333,1,75.59
7303,2022,390.97,200843.0,513.7,0,0.48,69.69,12164.0,1,2956.24,-5.48333,119.98333,1,72.45
7306,2022,1813.0,788159.0,434.73,0,42.717,70.99,25612.0,1,11643.261999999999,-5.31667,119.75,1,72.58
7309,2022,888.91,352056.0,396.05,0,23.912,69.79,30482.0,1,5153.06,-4.7827,119.5506,1,75.07
7310,2022,1201.9,186678.0,155.32,0,1.13,71.53,8878.0,1,2781.72,-4.43333,119.68333,1,72.67
7311,2022,4567.36,816013.0,178.66,0,4.72,67.01,43641.0,1,14811.52,-4.7,120.13333,1,73.01
7312,2022,1385.55,237120.0,171.14,0,1.78,69.7,13742.0,1,3439.38,-4.3842,119.89,1,72.7
7314,2022,1832.3,325058.0,177.4,0,0.24,72.06,16699.0,1,4718.63,-3.85,119.96667,1,73.84
7315,2022,1896.58,413966.0,218.27,0,0.65,71.97,23765.0,1,6586.18,-3.61667,119.6,1,73.33
7316,2022,1806.85,231121.0,127.91,0,1.616,73.39,9025.0,1,4174.07,-3.5,119.86667,1,72.74
7317,2022,2902.07,374316.0,128.98,0,192.505,71.36,19981.0,1,5635.285999999999,-2.5577,121.3242,1,72.83
7318,2022,2043.62,286451.0,140.17,0,24.522000000000002,69.88,8757.0,1,4249.27,-3.0024,119.79655,1,73.54
7322,2022,7422.42,329892.0,44.45,0,1248.8,70.51,16051.0,1,5611.272999999999,-2.6,120.25,1,74.43
7326,2022,1289.13,268877.0,208.57,0,0.22,70.36,11311.0,1,5784.78,-2.92738,119.79218,1,74.43
7371,2022,176.85,1444879.0,8170.08,1,1405.2810000000004,83.12,208936.0,1,36592.43,-5.15,119.45,1,73.25
7372,2022,89.67,155912.0,1738.73,0,20.91,78.54,8697.0,1,2838.9,-4.03333,119.65,1,73.37
7373,2022,273.24,189841.0,694.78,0,0.48,78.91,9768.0,1,3418.79,-2.97841,120.11078,1,73.58
7402,2022,1858.1,221370.0,119.14,0,0.52,69.61,8261.0,1,3393.76,-4.96667,122.66667,1,73.44
7403,2022,5351.85,264930.0,49.5,0,632.0970000000001,72.04,14270.0,1,5892.455,-3.91717,122.08823,1,75.74
7404,2022,2958.92,243040.0,82.14,0,3145.8,73.98,31397.0,1,4402.16,-4.08333,121.66667,1,73.42
7405,2022,4237.74,318350.0,75.12,0,632.4860000000001,69.36,14537.0,1,5042.039,-4.19191,122.44854,1,73.86
7406,2022,3293.97,155510.0,47.21,0,19.903,66.81,7780.0,1,2313.862,-4.6257,121.81641,1,75.57
7407,2022,450.46,114620.0,254.45,0,0.16,70.85,5241.0,1,2945.56,-5.31934,123.5948,1,74.96
7408,2022,2932.25,142770.0,48.69,0,0.04,70.39,10096.0,1,2034.06,-3.10452,121.12427,1,75.88
7409,2022,1755.83,68090.0,38.78,0,19.558,69.0,3802.0,1,982.15,-5.01457,122.93015,1,73.75
7410,2022,4219.81,70680.0,16.75,0,8.25,71.1,4799.0,1,1133.79,-3.41552,121.99081,1,72.81
7411,2022,3992.53,123980.0,31.05,0,19.625,68.73,5274.0,1,2108.77,-4.01807,121.86172,1,75.89
7412,2022,705.71,38310.0,54.29,0,0.291,66.69,1579.0,1,654.9670000000001,-4.11656,123.10181,1,74.85
7413,2022,818.7,87590.0,106.99,0,29.148000000000014,66.21,3070.0,1,1147.517,-4.83333,122.48333,1,74.17
7414,2022,836.96,117630.0,140.54,0,0.46499999999999997,65.29,2794.0,1,2068.394,-5.31667,122.33333,1,75.7
7415,2022,517.63,97950.0,189.23,0,29.156000000000013,65.44,3314.0,1,802.67,-5.56667,122.7,1,76.89
7472,2022,294.14,163720.0,556.61,0,0.27,76.67,10711.0,1,2992.33,-5.477,122.6166,1,74.41
7501,2022,1830.87,148526.0,81.12,0,0.47,67.27,6112.0,1,2138.837,0.62689,122.3568,1,77.43
7502,2022,2160.36,398801.0,184.6,0,0.99,68.28,14889.0,1,5776.27,0.5728,122.2337,1,76.51
7503,2022,4370.36,149297.0,34.16,0,0.94,66.53,7534.0,1,2156.26,0.7098,121.59582,1,74.25
7504,2022,1889.0,166200.0,87.98,0,0.22,70.9,5279.0,1,1819.89,0.50296,123.27501,1,75.67
7505,2022,1703.63,128563.0,75.46,0,0.58,66.01,3854.0,1,2308.3209999999995,0.77,122.31667,1,73.22
7571,2022,70.93,201350.0,2838.71,1,0.04,78.22,9757.0,1,5164.65,0.53333,123.1,1,72.8
7601,2022,947.84,177390.0,187.15,0,5.566,67.84,5537.0,1,2589.89,-3.15,118.86667,1,74.16
7602,2022,2074.76,490493.0,236.41,0,33.0,64.79,14843.0,1,6857.173,-3.3,119.16667,1,75.16
7603,2022,3005.88,166471.0,55.38,0,13.608,67.21,3288.0,1,2322.1169999999997,-2.96492,119.30631,1,73.49
7604,2022,4979.89,285616.0,57.35,0,3.4330000000000007,68.88,13378.0,1,5335.473999999999,-2.5,119.41667,1,74.57
7605,2022,3043.75,198608.0,65.25,0,0.0,68.61,13185.0,1,3325.057,-1.51639,119.42139,1,73.35
7606,2022,3014.37,140028.0,46.45,0,11.942,66.89,3814.0,1,2005.75,-2.8212,119.2662,1,75.91
8101,2022,10102.92,124787.0,12.35,0,0.137,63.45,3153.0,1,2303.288,-7.61186,131.38,1,76.76
8102,2022,4676.0,124199.0,26.56,0,19.683,66.88,3785.0,1,2200.475,-5.75,132.73334,1,77.98
8103,2022,2759.07,427050.0,154.78,0,0.07,71.81,9986.0,1,6201.06,-3.29167,128.9675,1,76.56
8106,2022,6948.4,217958.0,31.37,0,2.3959999999999995,66.67,3501.0,1,3980.4739999999997,-3.1027,128.42996,1,76.8
8107,2022,3952.08,143438.0,36.29,0,0.304,65.05,3638.0,1,2432.5099999999998,-3.39851,130.39166,1,76.86
8108,2022,8633.15,82560.0,9.56,0,0.04,63.07,2264.0,1,1062.1969999999997,-7.8296,126.17386,1,75.92
8171,2022,377.0,348225.0,923.67,0,19.723000000000003,81.63,17175.0,1,7036.9090000000015,-3.7,128.18333,1,76.82
8172,2022,352.66,93145.0,264.12,0,0.13699999999999998,68.6,2909.0,1,1357.5079999999998,-5.64301,132.74934,1,76.61
8201,2022,2239.11,136282.0,60.86,0,3.636999999999999,66.2,2529.0,1,2305.922,1.41709,127.55264,1,76.92
8202,2022,2276.9,86379.0,37.94,0,6.895999999999999,66.49,21302.0,1,1044.442,0.48056,128.25,1,75.79
8204,2022,8096.4,253331.0,31.29,0,3.7879999999999994,65.06,14326.0,1,4845.284000000001,-0.3955,127.90833,1,76.54
8205,2022,3891.62,201196.0,51.7,0,0.0,68.38,6489.0,1,5049.7,1.73194,128.00778,1,77.13
8206,2022,6488.73,96395.0,14.86,0,8.189000000000002,67.93,4184.0,1,1525.778,1.33517,128.48627,1,75.51
8207,2022,2337.33,78304.0,33.5,0,3.566999999999999,63.8,1752.0,1,1092.592,2.19924,128.40546,1,76.15
8208,2022,2985.75,63231.0,21.18,0,0.272,61.64,1871.0,1,797.899,-1.84578,124.78992,1,76.03
8271,2022,579.54,201916.0,348.41,0,0.03,80.81,12314.0,1,4779.293,0.89618,127.31016,1,74.89
9101,2022,14320.0,89319.0,6.24,0,458.6650000000001,69.12,5591.0,1,1301.776,-2.92641,132.29608,1,74.54
9102,2022,18500.0,65061.0,3.52,0,462.584,66.11,2741.0,1,929.04,-3.66093,133.77451,1,76.5
9103,2022,14953.8,45030.0,3.01,0,917.1790000000001,60.87,1663.0,1,669.72,-2.7,134.5,1,72.97
9104,2022,18658.0,80884.0,4.34,0,776.146,65.27,34935.0,1,1088.202,-1.88037,133.33105,1,75.56
9105,2022,14250.94,200785.0,14.09,0,913.2740000000001,72.6,10282.0,1,5962.78,-0.9,133.75,1,76.76
9107,2022,13075.28,124195.0,9.5,0,33.532,66.69,11572.0,1,1816.27,-1.16667,131.5,1,76.74
9108,2022,67379600.0,66793.0,0.0,0,468.741,64.65,4066.0,1,804.095,-0.5,130.0,1,74.33
9109,2022,11529.18,32617.0,2.83,0,70.268,54.63,256.0,1,641.228,-0.60515,132.48962,1,77.59
9111,2022,2812.44,37423.0,13.31,0,111.56300000000002,60.68,887.0,1,654.76,-1.0798,133.96729,1,74.64
9171,2022,1105.0,282802.0,255.93,0,69.966,78.98,16174.0,1,5992.905000000001,-0.86507,131.25153,1,74.66
9402,2022,7030.66,273503.0,38.9,0,478.94899999999996,59.6,9166.0,1,4595.666,-4.08333,139.08333,1,69.56
9403,2022,17514.0,200224.0,11.43,0,0.03,72.67,18279.0,1,3136.03,-3.0,139.95,1,71.78
9409,2022,2602.0,146346.0,56.24,0,681.0,72.85,5865.0,1,2143.46,-1.03333,136.0,1,69.81
9410,2022,6526.25,122124.0,18.71,0,163.753,57.14,4705.0,1,2210.134,-3.9,136.60001,1,72.79
9412,2022,21693.51,312255.0,14.39,0,12.872,75.08,110425.0,1,5774.21,-4.54357,136.56555,1,70.93
9413,2022,27108.29,65310.0,2.41,0,466.724,62.52,5078.0,1,951.82,-5.70519,140.36349,1,69.96
9414,2022,23824.0,108232.0,4.54,0,462.79499999999996,59.61,3351.0,1,1958.1380000000001,-6.49971,139.34441,1,71.14
9415,2022,23746.0,108912.0,4.59,0,464.716,52.22,2881.0,1,1657.45,-5.3795,138.46344,1,71.44
9416,2022,17512.0,355021.0,20.27,0,460.71400000000006,50.25,2694.0,1,5020.352000000001,-4.60403,139.58405,1,71.74
9417,2022,15683.0,112251.0,7.16,0,460.637,47.21,2203.0,1,1950.324,-4.52167,140.29541,1,71.92
9418,2022,14263.0,251117.0,17.61,0,1373.805,50.51,1817.0,1,4518.9259999999995,-3.42661,137.41699,1,70.85
9419,2022,18034.0,41821.0,2.32,0,462.622,64.86,3316.0,1,611.0,-2.41667,139.08333,1,72.63
9426,2022,22004.87,36974.0,1.68,0,735.042,65.67,2311.0,1,528.52,-2.286,137.01837,1,67.67
9427,2022,634.24,25015.0,39.44,0,68.40700000000001,63.65,1139.0,1,640.6120000000001,-0.73881,135.61111,1,71.78
9428,2022,23813.91,38735.0,1.63,0,468.646,53.1,1973.0,1,689.443,-2.23561,137.78229,1,71.56
9429,2022,12941.0,110676.0,8.55,0,70.249,34.1,1413.0,1,1931.3570000000004,-4.45093,138.10089,1,71.65
9431,2022,3743.64,48735.0,13.02,0,214.362,49.25,1287.0,1,671.9869999999999,-2.46064,138.45245,1,70.23
9432,2022,4330.29,104066.0,24.03,0,146.32,49.9,1440.0,1,1266.71,-3.86037,138.47305,1,70.52
9433,2022,8055.0,176561.0,21.92,0,138.346,43.87,1613.0,1,3162.538,-4.14204,137.09702,1,71.64
9434,2022,4237.4,115380.0,27.23,0,78.26700000000001,55.72,1445.0,1,1931.3570000000004,-4.03186,135.43945,1,70.72
9435,2022,3922.02,136365.0,34.77,0,146.363,49.25,1359.0,1,2377.136,-3.41016,136.70837,1,70.71
9471,2022,940.0,368578.0,392.1,0,6.93,80.61,35365.0,1,7952.83,-2.64647,140.77779,1,70.69
1102,2023,1857.88,135435.0,72.9,0,55.821000000000005,70.14,3203.0,1,1909.49,2.41667,97.91667,2,75.53
1103,2023,4173.82,236933.0,56.77,0,1.2130000000000003,68.44,7034.0,1,3532.35,3.16667,97.41667,2,76.31
1104,2023,4242.04,231331.0,54.53,0,2.2,71.05,6258.0,1,4166.62,3.36667,97.7,2,73.98
1106,2023,4527.53,227168.0,50.17,0,0.96,74.6,9843.0,1,4259.842000000001,4.51,96.855,2,75.38
1107,2023,2927.95,204475.0,69.84,0,0.17,72.88,13572.0,1,3681.37,4.45,96.16667,2,75.86
1108,2023,2903.5,435298.0,149.92,0,53.469999999999985,74.53,16978.0,2,5405.33,5.38333,95.51667,2,76.7
1109,2023,3184.46,444898.0,139.71,0,0.42,71.66,13490.0,1,5793.558999999999,5.08,96.11,2,76.01
1110,2023,1781.34,458978.0,257.66,0,0.0,73.63,17028.0,1,5673.311,5.08333,96.58333,2,76.03
1111,2023,3296.86,627543.0,190.35,0,62.204999999999984,70.87,28472.0,1,10586.516,4.97,97.14,2,75.32
1113,2023,5365.98,104856.0,19.54,0,16.221,68.93,3336.0,1,1506.85,3.95,97.39,2,74.7
1114,2023,1957.02,308102.0,157.43,0,100.53499999999998,71.35,10729.0,1,4456.17,4.25,97.96667,2,73.63
1116,2023,3727.0,99717.0,26.76,0,0.82,70.88,3374.0,2,1752.51,4.86,95.64,2,73.68
1117,2023,1145.0,175781.0,153.52,0,0.0,74.49,6016.0,1,2468.57,4.73015,96.86156,2,74.03
1118,2023,952.11,163591.0,171.82,0,10.0,74.8,4349.0,1,2546.453,5.15,96.21667,2,74.24
1172,2023,122.13,43527.0,356.4,0,0.0,77.52,1747.0,1,630.84,5.82164,95.31086,2,72.7
1174,2023,181.06,196067.0,1082.88,0,0.05,78.92,11170.0,1,3463.8719999999994,5.13333,97.06667,2,75.08
1175,2023,1391.0,103044.0,74.08,0,0.2,67.1,2560.0,1,2083.11,2.75,97.93333,2,76.17
1201,2023,853.44,153658.0,180.05,0,353.17,64.56,4858.0,1,2349.0439999999994,1.03333,97.76667,2,73.43
1203,2023,4355.35,312540.0,71.76,0,661.9010000000001,71.55,18875.0,1,5633.636,1.51667,99.25,2,72.28
1204,2023,2194.98,386895.0,176.26,0,49.948,70.91,12632.0,1,5598.394,1.9,98.66667,2,72.74
1205,2023,3793.71,323102.0,85.17,0,0.484,74.65,10490.0,1,4221.604,2.0028,99.0707,2,73.96
1206,2023,2022.0,213850.0,105.76,0,89.981,76.38,9656.0,2,3506.72,2.39793,99.21678,2,74.15
1207,2023,2561.38,513826.0,200.61,0,136.18900000000002,73.69,45763.0,1,7623.471,2.26667,100.1,2,75.47
1208,2023,3732.97,802563.0,214.99,0,0.68,71.56,51282.0,1,17307.606000000003,2.78333,99.55,2,73.95
1209,2023,4372.5,1035920.0,236.92,0,488.7540000000001,74.29,52239.0,1,18644.47,2.9,99.0,2,73.02
1211,2023,2127.25,420799.0,197.81,0,56.136999999999986,75.98,26409.0,1,5807.3060000000005,3.11667,98.3,2,73.46
1212,2023,2498.0,2018164.0,807.91,0,423.33,76.52,139098.0,1,43007.74199999999,3.41667,98.66667,2,73.12
1213,2023,6273.29,1066711.0,170.04,0,680.5150000000001,72.21,56191.0,3,17912.184,3.71667,98.21667,2,71.43
1214,2023,2487.99,382539.0,153.75,0,373.38700000000006,64.12,8575.0,1,4913.221,0.77,97.75,2,73.4
1215,2023,2297.2,204700.0,89.11,0,55.592999999999996,70.75,7655.0,1,3125.9709999999995,2.26551,98.50376,2,74.3
1216,2023,1218.0,55172.0,45.3,0,40.016,69.58,1560.0,1,919.642,2.56667,98.28333,2,73.69
1217,2023,1444.25,141333.0,97.86,0,80.662,72.08,5656.0,1,2284.7290000000003,2.64025,98.71525,2,73.63
1219,2023,904.96,430533.0,475.75,0,0.0,70.31,43775.0,1,6866.0160000000005,3.16166,99.52652,2,73.35
1220,2023,3945.56,275448.0,69.81,0,663.433,71.63,15822.0,1,5765.046,1.46011,99.67346,2,72.59
1221,2023,3892.74,275648.0,70.81,0,331.724,70.34,16127.0,1,5953.353,1.44684,99.99207,2,71.51
1222,2023,3596.0,330797.0,91.99,0,46.564,72.82,37584.0,1,5069.61,1.983,100.0976,2,73.29
1223,2023,3545.8,401863.0,113.33,0,64.55199999999999,73.63,33271.0,1,6382.606000000001,2.33349,99.63776,2,73.57
1224,2023,1242.0,155873.0,125.5,0,357.442,64.64,4478.0,1,2354.0989999999993,1.33037,97.31964,2,72.66
1271,2023,10.77,91265.0,8474.0,1,0.0,75.2,6821.0,1,1603.0039999999997,1.73333,98.8,2,73.62
1273,2023,79.97,274838.0,3436.76,1,0.71,80.46,16228.0,1,5866.46,2.96667,99.05,2,72.76
1274,2023,38.96,178914.0,4592.25,1,4.71,76.98,7428.0,1,3657.8660000000004,3.325,99.14167,2,73.59
1275,2023,265.1,2474166.0,9332.95,1,54.79,82.19,303312.0,1,62827.94299999999,3.65,98.66667,2,73.55
1276,2023,90.45,303272.0,3352.92,1,6.435,77.6,14460.0,1,6212.869999999999,3.8,108.23333,2,73.26
1277,2023,159.3,236217.0,1482.84,0,336.524,76.44,7929.0,1,4759.752000000001,1.37375,99.26843,2,73.44
1278,2023,469.4,142890.0,304.41,0,347.12600000000003,70.68,6924.0,1,2565.6650000000004,1.32731,97.55018,2,72.73
1301,2023,6033.76,90406.0,14.98,0,480.68799999999993,63.13,5915.0,1,1286.096,1.98917,99.51889,2,73.35
1302,2023,1938.79,523402.0,269.96,0,600.2,71.44,18026.0,1,5655.87,-1.58333,100.85,2,73.87
1303,2023,3738.0,401371.0,107.38,0,0.78,70.63,17316.0,1,5923.4,-0.96667,100.81667,2,74.01
1305,2023,1336.0,378797.0,283.53,0,130.83,73.98,16460.0,1,4738.26,-0.4555,100.5771,2,72.4
1307,2023,2232.4,547578.0,245.29,0,736.64,73.98,26163.0,1,8016.38,-0.25,100.16667,2,71.24
1308,2023,3354.0,391054.0,116.59,0,0.23,70.7,19604.0,1,5856.657999999999,-0.0168,100.5872,2,72.72
1309,2023,3947.63,311744.0,78.97,0,7.98,68.13,11360.0,1,4488.41,0.42503,99.94606,2,72.53
1311,2023,2961.0,238211.0,80.45,0,0.02,73.04,13346.0,1,3822.0990000000006,-1.05,101.367,2,71.91
1312,2023,3887.77,448639.0,115.4,0,0.11,70.19,19545.0,1,6531.064,0.28152,99.51965,2,72.12
1371,2023,694.96,924687.0,1330.56,0,142.27,83.58,79705.0,1,23629.66,-0.98333,100.45,2,75.02
1372,2023,58.72,77240.0,1315.4,0,11.46,79.58,5262.0,1,2036.41,-0.76667,100.61667,2,71.58
1373,2023,273.45,67131.0,245.5,0,0.34,74.42,4825.0,1,692.6,-0.6,100.75,2,70.57
1374,2023,23.0,58729.0,2553.43,1,0.05,79.26,4474.0,1,1290.596,-0.45,100.43333,2,71.17
1375,2023,25.24,123013.0,4873.73,1,1.11,81.78,11132.0,1,3889.5809999999997,-0.275,100.375,2,69.31
1376,2023,80.43,145468.0,1808.63,0,8.53,79.97,8982.0,1,3404.16,-0.23333,100.63333,2,72.98
1377,2023,64.97,98143.0,1510.59,0,25.496000000000002,78.13,6435.0,1,1947.9820000000004,-0.62682,100.12047,2,74.35
1402,2023,8198.71,475002.0,57.94,0,293.11499999999995,71.04,56482.0,2,6907.776000000001,-0.55,102.31667,2,73.67
1403,2023,12614.78,663248.0,52.58,0,72.487,67.98,87546.0,3,10148.246000000001,-0.33333,103.16667,2,74.41
1404,2023,12614.78,422907.0,33.52,0,10.98,73.59,70522.0,1,6392.798999999999,0.20822,102.18607,2,75.04
1405,2023,8556.09,488497.0,57.09,0,1.44,74.98,109923.0,4,6972.23,0.97453,102.01355,2,74.45
1406,2023,11289.28,898840.0,79.62,0,77.157,74.24,106929.0,4,18479.026,0.2344,101.2131,2,73.97
1408,2023,514.0,592390.0,1152.51,0,0.56,74.97,168636.0,4,9511.5,0.9838,102.5096,2,74.31
1409,2023,8881.59,669996.0,75.44,0,0.25,70.78,94740.0,3,12334.859,2.16599,100.82514,2,73.31
1410,2023,3708.0,217607.0,58.69,0,0.01,67.28,25609.0,1,4326.173,0.97488,102.69539,2,73.75
1471,2023,632.3,1020308.0,1613.65,0,47.17,82.38,159961.0,1,31186.327,0.53333,101.46667,2,74.62
1473,2023,1727.0,340310.0,197.05,0,0.26,75.66,49034.0,1,6210.66,1.61592,101.4917,2,73.67
1501,2023,3807.0,255100.0,67.01,0,191.544,72.54,13405.0,1,4573.844,-2.03333,101.53333,2,78.91
1502,2023,7679.0,368400.0,47.97,0,186.56199999999998,70.81,22525.0,1,6115.768,-2.06933,102.13303,2,79.63
1503,2023,6174.0,302200.0,48.95,0,0.04,71.29,21509.0,2,5734.209,-2.3,102.65,2,80.8
1504,2023,5804.83,312700.0,53.87,0,0.24,71.02,25449.0,1,5456.8730000000005,-1.75,103.11667,2,78.49
1505,2023,5246.0,418800.0,79.83,0,230.65,71.04,35885.0,1,6511.746,-1.55214,103.82163,2,77.53
1506,2023,5426.0,236700.0,43.62,0,128.149,66.65,25073.0,1,4677.9929999999995,-1.13198,103.61755,2,80.16
1508,2023,6461.0,350800.0,54.3,0,157.649,70.63,21183.0,1,5740.900000000001,-1.45576,102.37473,2,79.89
1509,2023,4659.0,376400.0,80.79,0,787.08,71.06,26235.0,1,5901.41,-1.50222,101.96,2,78.65
1571,2023,205.38,627800.0,3056.77,1,1.85,80.15,40581.0,1,17976.915,-1.61667,103.65,2,79.69
1572,2023,391.5,99800.0,254.92,0,50.411,76.65,9475.0,1,1767.8870000000002,-2.10896,101.32175,2,79.36
1601,2023,4797.0,379130.0,79.03,0,131.142,71.01,19019.0,1,5560.243,-4.13333,104.03333,2,73.66
1602,2023,19023.47,797429.0,41.92,0,293.18899999999996,68.65,37395.0,3,16141.590000000002,-3.36667,105.36667,2,70.83
1603,2023,6763.91,633779.0,93.7,0,21.04,70.24,118518.0,4,8497.14,-4.2327,103.6141,2,75.28
1604,2023,4344.87,444949.0,102.41,0,0.86,69.1,29289.0,1,9805.33,-3.7864,103.5428,2,72.32
1605,2023,6357.09,407694.0,64.13,0,114.604,68.26,23527.0,1,7187.130999999999,-3.08333,103.2,2,73.61
1606,2023,14265.96,644386.0,45.17,0,6881.99,69.17,85771.0,8,9243.61,-2.41667,103.75,2,74.44
1607,2023,11875.0,874210.0,73.62,0,294.96,68.65,37440.0,3,18933.520000000004,-2.88333,104.38306,2,72.25
1608,2023,5493.94,424190.0,77.21,0,32.05499999999999,66.67,11090.0,1,5960.763,-4.65728,104.00659,2,71.83
1609,2023,4369.25,668035.0,152.89,0,0.11,70.96,19465.0,1,11494.957,-3.85679,104.75209,2,74.7
1611,2023,2256.0,342178.0,151.67,0,46.443,66.68,6303.0,1,3857.202,3.22667,99.09256,2,72.06
1612,2023,1840.0,202681.0,110.15,0,4.44,66.64,8719.0,1,3441.0380000000005,-3.21342,104.08722,2,74.62
1613,2023,6008.55,195962.0,32.61,0,84.925,66.6,9067.0,1,3511.0190000000002,-2.48533,103.29346,2,75.24
1671,2023,352.52,1706371.0,4840.49,1,43.87,80.02,194570.0,1,41503.07,-3.0,104.71667,2,75.88
1673,2023,633.66,147836.0,233.3,0,287.53,70.45,3491.0,1,2698.01,-4.13055,103.26822,2,73.7
1674,2023,401.5,242976.0,605.17,0,35.842,76.19,8234.0,1,4190.004,-3.29308,102.85503,2,73.53
1702,2023,1515.76,283689.0,187.16,0,6.765000000000001,72.31,11899.0,1,5287.889999999999,-3.43333,102.71667,2,73.13
1703,2023,4424.6,306201.0,69.2,0,4.38,70.28,12491.0,1,5747.209000000001,-3.33333,102.05,2,71.95
1705,2023,4128.0,216977.0,52.56,0,21.896,68.27,5769.0,1,3901.39,-3.96644,102.47429,2,72.51
1708,2023,665.0,156330.0,235.08,0,0.0,69.6,5616.0,1,2673.033,-3.60194,102.56424,2,73.02
1771,2023,151.7,391045.0,2577.75,1,2.5,81.45,30811.0,1,8834.766,-3.81667,102.31667,2,72.66
1801,2023,3368.14,303931.0,90.24,0,0.25,69.11,9018.0,1,4249.111,-5.14904,104.19309,2,74.3
1803,2023,2219.46,1090174.0,491.19,0,61.83200000000001,69.63,55759.0,1,18832.235999999997,-5.4531,104.9877,0,72.49
1804,2023,5325.03,1137434.0,213.6,0,73.193,71.21,52874.0,2,17970.492000000002,-5.10273,105.68003,0,71.63
1805,2023,4559.56,1522426.0,333.9,0,0.0,71.6,90078.0,1,25185.09,-4.86667,105.26667,0,71.99
1806,2023,2529.54,635903.0,251.39,0,63.653999999999996,68.95,29261.0,1,9783.159000000001,-4.81667,104.8,0,71.5
1808,2023,4386.0,431623.0,98.41,0,1.2830000000000001,70.02,28197.0,1,6760.975,-4.20604,105.57999,0,72.9
1809,2023,1173.77,492474.0,419.57,0,22.221,67.67,20217.0,1,8088.85,-5.4298,105.17899,0,72.65
1810,2023,617.19,409858.0,664.07,0,0.17,71.61,14010.0,1,5962.86,-5.42211,104.93454,0,71.37
1811,2023,2184.0,235546.0,107.85,0,63.02,65.64,12949.0,1,3477.4800000000005,-4.0439,105.4013,0,71.0
1812,2023,1201.15,291437.0,242.63,0,0.39,67.81,14390.0,1,4228.45,-4.43975,105.0444,0,71.83
1813,2023,2953.0,165937.0,56.19,0,258.198,66.0,5735.0,1,2406.31,-5.19323,103.93976,2,70.63
1871,2023,197.22,1234988.0,6261.98,1,6.11,78.56,74104.0,1,28705.83,-5.41667,105.25,0,73.31
1872,2023,73.21,172505.0,2356.3,1,3.8590000000000004,78.36,7865.0,1,3093.4800000000005,-5.11856,105.29949,0,72.86
1902,2023,2293.69,189225.0,82.5,0,41.92,74.02,13510.0,1,2740.6,-2.86667,107.7,0,76.69
1904,2023,2279.11,203733.0,89.39,0,15.34,71.71,11427.0,1,3060.45,-2.33989,106.1142,0,77.52
1905,2023,3607.08,206972.0,57.38,0,64.688,68.51,11372.0,1,3071.02,-2.66803,106.01257,0,76.33
1906,2023,2506.91,132355.0,52.8,0,27.242,72.86,10562.0,1,1916.94,-2.9627,108.15216,0,76.02
1971,2023,118.4,236267.0,1995.5,0,16.157,79.93,18809.0,1,5520.7480000000005,-2.13333,106.13333,2,77.86
2101,2023,1524.0,267762.0,175.7,0,7.38,73.51,17017.0,1,7142.22,0.80764,103.41911,2,74.25
2102,2023,1946.13,175873.0,90.37,0,53.101,75.7,25084.0,1,2040.99,0.95,104.61944,2,76.24
2103,2023,1978.29,83668.0,42.29,0,0.08,74.21,23520.0,1,1272.58,4.71417,107.97639,2,76.28
2104,2023,2117.72,101917.0,48.13,0,48.022,67.44,5250.0,1,1415.733,0.2,104.61667,2,73.58
2105,2023,590.14,50140.0,84.96,0,19.634999999999998,70.26,19241.0,1,487.68,3.0,106.0,2,76.45
2171,2023,3868.97,1256610.0,324.79,0,2.5,82.11,216098.0,1,42305.41,1.05211,104.02851,2,77.7
3101,2023,10.73,28523.0,2658.25,1,2.91,73.39,8214.0,1,663.43,-5.5985,106.55271,0,77.89
3171,2023,144.94,2235606.0,15424.35,2,1.57,86.07,792615.0,1,71946.38,-6.266,106.8135,0,80.53
3172,2023,185.54,3079618.0,16598.14,2,0.01,84.13,592230.0,1,85161.36,-6.2521,106.884,0,78.18
3173,2023,47.56,1049314.0,22062.95,2,0.92,82.53,860049.0,1,31124.28,-6.1777,106.8403,0,79.06
3175,2023,147.21,1808985.0,12288.47,2,0.83,81.11,631393.0,1,50456.05,-6.1339,106.8823,0,78.02
3202,2023,4145.7,2851890.0,687.92,0,0.817,68.49,82317.0,1,44320.242999999995,-7.06667,106.7,0,79.16
3203,2023,3614.35,2578790.0,713.49,0,0.1,66.55,58391.0,1,42543.79099999999,-6.7725,107.08306,0,76.67
3204,2023,1762.0,3770991.0,2140.18,1,37.33,73.74,153951.0,1,59068.952000000005,-7.1,107.6,0,80.49
3205,2023,3065.19,2649198.0,864.29,0,0.19,68.11,72229.0,1,40946.54,-7.38333,107.76667,0,78.14
3207,2023,1425.0,1257583.0,882.51,0,66.8,72.05,39841.0,2,18217.44,-7.28333,108.41667,0,81.54
3208,2023,1194.0,1211553.0,1014.7,0,0.11,70.72,32545.0,1,19546.292999999998,-7.0,108.55,0,81.06
3209,2023,1076.76,2339555.0,2172.77,1,25.06,70.95,61310.0,1,48344.509999999995,-6.8,108.56667,0,79.57
3210,2023,1204.24,1351828.0,1122.56,0,372.93,69.13,41713.0,1,19985.475,-6.81667,108.28333,0,79.63
3211,2023,1558.72,1174485.0,753.49,0,54.189,73.18,43327.0,2,17480.61,-6.81667,107.98333,0,79.56
3212,2023,2099.42,1892043.0,901.22,0,6.32,69.25,103560.0,2,39397.52399999999,-6.45,108.16667,0,79.65
3213,2023,1893.95,1639931.0,865.88,0,44.175,70.7,49692.0,1,25005.697,-6.50833,107.7025,0,78.94
3214,2023,825.74,1045704.0,1266.38,0,6.1579999999999995,72.09,82129.0,1,16947.7,-6.58333,107.45,0,78.67
3215,2023,1652.2,2541841.0,1538.46,0,78.135,72.35,290916.0,1,38475.83,-6.26667,107.41667,0,80.19
3216,2023,1224.88,3271838.0,2671.15,1,139.458,75.76,393823.0,1,80993.5,-6.24667,107.10833,0,78.57
3217,2023,1287.41,1879840.0,1460.17,0,149.40699999999998,69.61,56945.0,1,34716.55100000001,-6.83333,107.48333,0,79.08
3218,2023,1010.0,437094.0,432.77,0,79.552,69.38,14256.0,1,7048.5380000000005,-7.6673,108.64037,0,80.15
3271,2023,111.39,1074522.0,9646.49,1,2.09,77.85,57004.0,1,28463.16,-6.59167,106.8,0,79.58
3272,2023,48.2,362018.0,7510.75,1,2.545,76.32,15350.0,1,6730.83,-6.95,106.93333,0,79.59
3273,2023,167.31,2469589.0,14760.56,2,0.0,83.04,351284.0,1,59691.428000000014,-6.9175,107.62444,0,80.0
3274,2023,37.36,345578.0,9249.95,1,2.2329999999999997,76.46,28773.0,1,6729.92,-6.75,108.55,0,80.66
3276,2023,200.29,2160905.0,10788.88,2,0.08,82.38,87569.0,1,59055.464,-6.4,106.81667,0,81.42
3277,2023,42.73,578718.0,13543.6,2,0.37,79.46,40499.0,1,20036.943999999996,-6.89167,107.55,0,79.9
3278,2023,183.8,742958.0,4042.21,1,0.29,74.47,27411.0,1,11795.52,-7.35,108.21667,0,80.99
3279,2023,132.0,209493.0,1587.07,0,36.27,73.08,5247.0,1,3162.42,-7.36996,108.53209,0,80.72
3301,2023,2249.28,2007829.0,892.65,0,43.33,71.83,132425.0,3,37116.563,-7.57417,108.98861,0,74.31
3303,2023,777.64,1027333.0,1321.09,0,17.460000000000004,70.24,31225.0,1,19775.84,-7.28417,109.35028,0,76.04
3304,2023,1069.71,1047226.0,978.98,0,0.23,69.14,27191.0,1,15566.395999999999,-7.35111,109.5875,0,74.05
3305,2023,1281.11,1397555.0,1090.89,0,314.7,71.37,35764.0,1,22661.678999999996,-7.63917,109.66056,0,76.95
3306,2023,1034.84,788265.0,761.73,0,0.44,74.28,23188.0,1,11743.29,-7.7,109.96667,0,76.03
3307,2023,1011.62,909664.0,899.22,0,17.437999999999995,69.37,23330.0,1,13281.09,-7.36139,109.92667,0,74.27
3309,2023,1096.35,1090129.0,994.33,0,0.3,75.41,42736.0,1,13960.41,-7.5,110.7,0,76.88
3310,2023,701.52,1284386.0,1830.86,0,0.05,77.59,51274.0,1,23705.07,-7.68333,110.61667,0,73.91
3311,2023,466.66,932680.0,1998.63,0,57.61,78.65,46521.0,1,18723.689,-7.68333,110.83333,0,75.29
3312,2023,1941.28,1051085.0,541.44,0,99.04,71.97,36943.0,1,12799.9,-7.91667,111.0,0,76.44
3313,2023,774.0,955116.0,1234.0,0,0.0,77.31,47204.0,1,18702.901,-7.62806,111.0625,0,73.19
3316,2023,1820.59,901621.0,495.24,0,1.45,70.63,31753.0,2,14143.3,-7.06667,111.38333,0,75.76
3317,2023,1014.08,660166.0,651.0,0,1.2,71.89,24130.0,1,9277.01,-6.78333,111.46667,0,74.94
3318,2023,1503.68,1359364.0,904.02,0,381.82,73.59,54775.0,1,25109.26,-6.76667,111.1,0,73.85
3319,2023,425.2,874632.0,2056.99,1,0.18,76.71,121310.0,1,17437.784000000003,-6.8,110.86667,0,74.7
3321,2023,897.43,1240510.0,1382.29,0,0.74,74.07,33017.0,1,24785.974,-6.8993,110.6122,0,76.1
3322,2023,950.21,1080648.0,1137.27,0,50.38,75.13,61284.0,1,19460.19,-7.20667,110.44139,0,74.57
3323,2023,870.65,808446.0,928.55,0,171.59,71.33,26912.0,1,14735.78,-7.25,110.11667,0,74.68
3324,2023,1002.23,1052826.0,1050.48,0,0.07,73.86,54360.0,1,18123.172,-7.0256,110.1685,0,75.1
3326,2023,836.13,1007384.0,1204.82,0,1.13,71.4,28112.0,1,17208.425,-7.0319,109.624,0,74.74
3328,2023,876.1,1654836.0,1888.87,0,60.492999999999995,70.23,44440.0,1,22049.37,-7.03333,109.16667,0,76.4
3329,2023,1769.62,2043077.0,1154.53,0,1.79,67.95,57599.0,2,36693.76,-7.05,108.9,0,75.87
3371,2023,18.12,122150.0,6741.17,1,1.87,81.17,10983.0,1,2940.03,-7.5,110.225,0,74.04
3372,2023,44.04,526870.0,11963.44,2,12.223,83.54,60486.0,1,20557.904000000002,-7.55,110.81667,0,75.34
3374,2023,373.7,1694743.0,4535.04,1,109.34,84.43,248903.0,1,43153.47,-7.03333,110.38333,0,75.07
3375,2023,45.25,317524.0,7017.1,1,10.060999999999998,76.71,13744.0,1,6593.186,-6.9,109.68333,0,76.23
3376,2023,39.68,282781.0,7126.54,1,3.067,77.02,19162.0,1,7057.528000000001,-6.8686,109.1129,0,75.98
3401,2023,586.3,443050.0,755.67,0,0.79,75.79,15847.0,1,8003.39,-7.645,110.02694,0,74.29
3402,2023,506.85,1009430.0,1991.58,0,33.148,81.39,34012.0,1,22669.096,-7.9,110.36667,0,73.02
3404,2023,574.82,1157290.0,2013.31,1,48.57,84.77,59432.0,1,22562.638000000003,-7.68167,110.32333,0,75.77
3471,2023,32.5,375700.0,11560.0,2,2.65,88.28,46193.0,1,10485.018999999998,-7.8,110.375,0,73.99
3501,2023,1390.0,596649.0,429.24,0,592.25,70.19,19491.0,1,10534.56,-8.13333,111.16667,0,73.54
3502,2023,1371.78,972582.0,708.99,0,0.12,72.5,25248.0,1,14019.357,-7.93333,111.5,0,75.24
3503,2023,1261.4,744358.0,590.1,0,65.023,71.73,22740.0,1,11149.87,-8.16667,111.61667,0,74.7
3504,2023,1055.65,1113973.0,1055.25,0,0.8,74.61,47964.0,1,20402.88,-8.11667,111.91667,0,72.75
3506,2023,1386.05,1667450.0,1203.02,0,120.00099999999998,73.96,50638.0,1,24177.89,-7.83333,112.16667,0,72.26
3507,2023,3530.65,2703175.0,765.63,0,0.13,72.16,128373.0,3,35292.73,-8.16667,112.66667,0,73.88
3509,2023,3306.69,2584771.0,781.68,0,14.069999999999999,68.64,95290.0,3,36269.606999999996,-8.25,113.65,0,71.93
3510,2023,5782.5,1744814.0,301.74,0,1.104,72.61,101297.0,1,30531.29,-8.33333,114.2,0,74.15
3511,2023,1560.1,784192.0,502.65,0,64.32000000000001,67.99,24773.0,1,11769.168999999998,-7.9404,113.9834,0,73.58
3512,2023,1638.5,694081.0,423.61,0,5.45,69.16,25225.0,1,9213.08,-7.71667,114.05,0,74.34
3514,2023,1474.02,1626029.0,1103.13,0,62.1,70.29,186946.0,1,25551.517999999996,-7.73333,112.83333,0,74.31
3517,2023,1159.5,1345886.0,1160.75,0,0.3,74.6,49984.0,1,19358.34,-7.55,112.25,0,74.26
3518,2023,1224.33,1124247.0,918.25,0,34.275999999999996,73.71,33647.0,3,16308.68,-7.6,111.93333,0,72.65
3519,2023,1010.86,765135.0,756.91,0,458.95,72.97,23833.0,1,10914.8,-7.61667,111.65,0,74.43
3521,2023,1394.74,881393.0,631.94,0,92.02699999999999,72.47,24325.0,1,14375.164999999999,-7.47444,111.33444,0,74.54
3522,2023,2307.06,1322474.0,573.23,0,88.94000000000001,70.85,97522.0,2,13363.94,-7.25,111.8,0,73.48
3524,2023,1752.21,1386941.0,791.54,0,0.11,74.53,48927.0,1,17751.135,-7.13333,112.31667,0,73.05
3525,2023,1256.76,1344648.0,1069.93,0,121.14,77.98,176071.0,1,14423.83,-7.1933,112.553,0,73.86
3526,2023,1260.15,1101556.0,874.15,0,0.39,65.75,27740.0,1,15225.9,-7.05,112.93333,0,74.07
3527,2023,1233.0,992210.0,804.71,0,1.9,64.13,24087.0,1,14866.222,-7.05,113.25,0,73.01
3528,2023,792.2,862009.0,1088.12,0,21.61,67.96,20881.0,1,10115.61,-7.06667,113.5,0,73.11
3529,2023,2093.47,1143295.0,546.12,0,131.52,68.61,42848.0,1,13411.67,-7.11667,114.33333,0,72.95
3571,2023,63.4,290836.0,4587.03,1,6.99,80.44,159750.0,1,6346.19,-7.83333,112.01667,0,74.13
3572,2023,32.58,153541.0,4712.74,1,8.241,80.63,8515.0,1,2687.03,-8.1,112.16667,0,75.99
3573,2023,110.06,847182.0,7697.46,1,0.03,83.39,93053.0,1,28409.54,-7.975,112.63333,0,73.56
3574,2023,56.67,245174.0,4326.57,1,5.94,75.43,14296.0,1,3570.56,-7.78333,113.21667,0,74.34
3575,2023,39.0,213450.0,5473.08,1,26.808,77.17,10400.0,1,5383.02,-7.65,112.9,0,71.93
3576,2023,20.21,135414.0,6700.35,1,0.05,80.07,8039.0,1,2890.238,-7.46667,112.43333,0,73.72
3577,2023,33.23,201460.0,6062.59,1,2.89,82.71,17256.0,1,4734.753999999999,-7.63333,111.53333,0,74.67
3578,2023,335.28,2893698.0,8630.69,1,12.608,83.45,715295.0,1,65701.66,-7.26667,112.71667,0,73.43
3579,2023,199.09,218802.0,1099.01,0,2.01,78.18,20524.0,1,5206.27,-7.83272,112.53751,0,74.51
3602,2023,3305.07,1433700.0,433.79,0,5.78,65.21,35571.0,2,21826.65,-6.65,106.21667,0,69.19
3603,2023,959.61,3362610.0,3504.14,1,71.3,73.43,173303.0,1,76085.86500000002,-6.2,106.46667,0,70.72
3604,2023,1734.28,1682130.0,969.93,0,215.017,68.39,95080.0,1,42896.28,-6.15,106.0,0,71.19
3671,2023,164.55,1950580.0,11854.03,2,33.938,79.46,206597.0,1,50564.02100000001,-6.17944,106.62991,0,69.49
3672,2023,162.51,450510.0,2772.2,1,26.78,74.54,129532.0,1,10177.28,-6.01667,106.01667,0,71.22
3673,2023,266.74,723790.0,2713.47,1,2.44,73.48,39838.0,1,21950.3,-6.12563,106.14999,0,70.43
3674,2023,147.19,1391650.0,9454.79,1,5.676999999999999,82.28,104388.0,1,36917.75,-6.29373,106.71244,0,72.16
5101,2023,841.8,330100.0,392.14,0,0.85,74.04,15613.0,1,5976.53,-8.3,114.66667,0,76.7
5102,2023,839.33,470900.0,561.04,0,41.31,77.43,25531.0,1,8492.27,-8.43333,115.06667,0,78.22
5103,2023,420.1,554700.0,1320.4,0,41.738,83.08,68398.0,1,19522.25,-8.51667,115.2,0,78.69
5104,2023,368.0,527100.0,1432.34,0,0.71,79.24,30529.0,1,19669.85,-8.46667,115.28333,0,77.6
5105,2023,315.0,214600.0,681.27,0,22.781,73.11,10080.0,2,3878.7460000000005,-8.55,115.4,0,77.31
5106,2023,520.81,268100.0,514.78,0,1.98,70.79,7908.0,1,4119.54,-8.28333,115.35,0,77.75
5107,2023,839.5,513800.0,612.03,0,0.11,68.91,18975.0,1,8428.776,-8.3891,115.5393,0,79.76
5108,2023,1366.0,831200.0,608.49,0,1.41,73.97,38351.0,1,15056.25,-8.25,114.96667,0,78.03
5171,2023,127.78,734200.0,5745.81,1,0.06,84.73,60100.0,1,35798.47,-8.66667,115.21663,0,81.01
5201,2023,1053.92,753641.0,715.08,0,0.0,70.15,18121.0,1,11444.87,-8.69583,116.11667,0,70.44
5203,2023,2679.88,1391382.0,519.2,0,51.13,68.41,24578.0,1,19145.392,-8.53333,116.53333,0,72.29
5204,2023,6643.98,529487.0,79.69,0,0.65,69.87,17510.0,4,10243.081999999999,-8.7439,117.3324,0,71.13
5205,2023,2324.55,247188.0,106.34,0,0.33100000000000007,69.98,8511.0,1,3675.424,-8.5094,118.4816,0,69.67
5206,2023,4389.0,535530.0,122.02,0,241.984,68.28,13947.0,1,9660.091999999999,-8.6,118.61667,0,70.36
5207,2023,1849.02,152948.0,82.72,0,7.88,73.17,29642.0,1,2542.518,-8.75159,116.92132,0,72.44
5208,2023,809.53,257866.0,318.54,0,33.041999999999994,66.62,5559.0,1,3450.307,-8.35214,116.40152,0,71.48
5271,2023,61.3,441147.0,7196.53,1,2.49,80.09,22781.0,1,9916.58,-8.5833,116.1167,0,72.95
5301,2023,757.41,152414.0,201.23,0,182.70999999999998,65.22,2786.0,1,2452.303,-9.56667,119.45,1,70.87
5303,2023,5136.51,376837.0,73.36,0,166.85399999999998,65.82,9158.0,1,5598.883,-9.91667,123.83333,1,68.74
5304,2023,3933.15,474521.0,120.65,0,431.56299999999993,63.58,9496.0,1,7497.223,-9.83333,124.4,1,70.68
5305,2023,2623.2,271277.0,103.41,0,62.57200000000002,65.16,4819.0,1,3990.7729999999997,-9.33136,124.51904,1,68.33
5307,2023,2928.56,221536.0,75.65,0,0.01,62.99,3636.0,1,3458.696,-8.3,124.56667,1,71.21
5308,2023,1268.11,141391.0,111.5,0,243.40499999999997,66.12,2138.0,1,2368.844,-8.41396,123.55225,1,70.81
5309,2023,1748.52,288310.0,164.89,0,142.44799999999995,65.79,6062.0,1,3946.667999999999,-8.24224,122.96817,1,68.15
5310,2023,1671.65,335360.0,200.62,0,25.616999999999997,66.89,6195.0,1,4045.464,-8.66667,122.36667,1,71.66
5312,2023,1735.64,171736.0,98.95,0,141.93599999999998,69.14,4114.0,1,2664.992,-8.66667,121.0,1,70.72
5313,2023,1343.83,328758.0,244.64,0,293.726,66.42,5502.0,1,3669.325,-8.56667,120.41667,1,71.34
5314,2023,1286.45,150521.0,117.0,0,243.775,64.0,3747.0,1,2412.906,-10.73617,123.12054,1,70.51
5315,2023,3129.0,270917.0,86.58,0,0.08,65.81,4255.0,1,3705.8589999999995,-8.64484,119.88281,1,71.03
5316,2023,1789.66,90521.0,50.58,0,0.32,63.48,1398.0,1,1152.9299999999998,-9.62941,119.61914,1,68.82
5318,2023,1396.16,166063.0,118.94,0,243.78099999999995,67.07,2670.0,1,2400.757,-8.8721,121.20963,1,70.83
5319,2023,2389.53,290790.0,121.69,0,122.20599999999999,63.24,3938.0,1,3435.7609999999995,-8.55533,120.59761,1,70.43
5321,2023,1109.16,190994.0,172.2,0,90.912,62.06,3422.0,1,3047.9629999999997,-9.5632,124.89481,1,71.7
5371,2023,159.33,466632.0,2928.71,1,59.25500000000001,80.62,28478.0,1,9139.75,-10.21667,123.6,1,69.3
6102,2023,5396.3,298979.0,55.4,0,0.03,69.53,11146.0,1,5395.348,1.06911,109.66393,0,72.86
6103,2023,9909.1,413588.0,41.74,0,0.16,68.14,13684.0,1,6688.402,0.42373,109.75917,0,74.46
6104,2023,2797.88,312785.0,111.79,0,102.684,67.92,10714.0,1,3076.93,0.25,109.16667,0,72.52
6105,2023,12857.7,503937.0,39.19,0,56.092,67.77,24529.0,6,9122.54,0.25472,110.45,0,72.1
6106,2023,31588.0,592521.0,18.76,0,92.96000000000001,68.68,35249.0,4,11511.269000000002,-1.58333,110.5,0,74.69
6108,2023,29842.0,262404.0,8.79,0,488.398,67.67,13141.0,1,4906.33,0.81667,112.76667,0,74.57
6109,2023,5444.2,219724.0,40.36,0,24.162999999999997,66.33,8506.0,1,3668.697,0.03485,110.95066,0,72.55
6110,2023,10640.8,239502.0,22.51,0,29.648000000000003,67.76,6644.0,1,3857.6590000000006,-0.33617,111.698,0,74.72
6111,2023,4568.26,132855.0,29.08,0,27.963,64.79,5376.0,1,2157.5299999999997,-1.43711,110.79781,0,72.96
6112,2023,6985.2,639250.0,91.51,0,5.776999999999999,69.6,38324.0,4,11680.972,0.01637,109.33731,0,74.34
6171,2023,107.8,675468.0,6265.94,1,9.03,81.03,47885.0,1,16128.68,-0.08333,109.36667,0,74.21
6172,2023,504.0,246112.0,488.32,0,76.36,73.39,12899.0,1,3481.35,0.90734,109.00103,0,73.35
6202,2023,16796.0,443359.0,26.4,0,9.699,72.21,34942.0,1,8685.86,-2.08333,112.75,0,76.32
6203,2023,14999.0,425186.0,28.35,0,0.13,70.75,23974.0,1,7800.82,-2.01667,114.38333,0,77.85
6204,2023,8830.0,134698.0,15.25,0,0.11,71.65,8481.0,1,2443.97,-1.86667,114.73333,0,77.55
6205,2023,8300.0,160605.0,19.35,0,0.17,71.84,14178.0,1,2383.35,-0.98333,115.1,0,78.14
6207,2023,6414.0,102103.0,15.92,0,0.27999999999999997,71.81,7519.0,1,1503.7400000000002,-1.83828,111.2869,0,75.09
6208,2023,16404.0,171304.0,10.44,0,0.03,68.68,11450.0,2,3030.81,-2.33333,112.25,0,77.44
6209,2023,20382.53,169355.0,8.31,0,456.692,70.28,10756.0,1,2726.2159999999994,-2.06667,113.4,0,78.39
6210,2023,8997.0,138199.0,15.36,0,0.08,69.6,6995.0,1,2486.03,-3.11858,113.8623,0,77.59
6212,2023,3834.0,117312.0,30.6,0,5.46,72.7,10905.0,2,1684.93,-1.93333,115.1,0,75.19
6213,2023,23700.16,116621.0,4.92,0,0.79,69.42,12449.0,1,2083.55,-0.01667,114.26667,0,78.6
6271,2023,2853.19,305797.0,107.18,0,304.28,81.68,24175.0,1,5694.51,-1.76979,113.73126,0,77.89
6301,2023,3631.35,364117.0,100.27,0,47.026999999999994,70.98,20166.0,1,5271.24,-3.88333,114.86667,0,76.08
6302,2023,9442.46,329641.0,34.91,0,3.02,70.18,34946.0,1,6708.22,-3.0,116.0,0,73.79
6303,2023,4668.5,580100.0,124.26,0,0.14,71.46,22635.0,1,13233.53,-3.31667,115.08333,0,74.6
6304,2023,2996.46,324502.0,108.3,0,39.08,68.11,10567.0,2,3606.13,-3.08333,114.61667,0,75.11
6305,2023,2175.0,197893.0,90.99,0,25.43,72.0,13694.0,1,3056.61,-2.91667,115.03333,0,74.1
6306,2023,1804.94,237319.0,131.48,0,549.91,70.5,9165.0,1,3501.065,-2.75,115.2,0,74.92
6307,2023,1770.77,268360.0,151.55,0,199.43,70.13,8594.0,1,3840.69,-2.61667,115.41667,0,73.64
6309,2023,3556.0,262631.0,73.86,0,10.88,73.85,31015.0,1,4292.67,-1.88333,115.5,0,73.57
6310,2023,4871.39,346336.0,71.1,0,0.83,72.31,33661.0,3,6273.27,-3.45413,115.70372,0,74.52
6311,2023,1878.3,136524.0,72.68,0,4.54,70.49,20876.0,1,1982.4560000000001,-2.32314,115.62922,0,76.73
6371,2023,98.46,678243.0,6888.51,1,1.17,78.5,42049.0,1,18994.369,-3.32444,114.59102,0,76.1
6372,2023,305.2,272763.0,893.72,0,65.17,80.11,13328.0,1,6006.5160000000005,-3.41667,114.83333,0,76.02
6401,2023,11603.94,290162.0,25.01,0,51.46,74.14,59217.0,1,4429.99,-1.43517,116.23535,0,75.33
6403,2023,27263.1,801642.0,29.4,0,77.22,75.3,204876.0,3,13901.726999999999,-0.44019,116.98139,0,76.8
6404,2023,35747.5,411537.0,11.51,0,1.31,74.98,168272.0,1,7572.6,1.03769,117.83112,1,73.91
6405,2023,34127.17,240105.0,7.04,0,20.2,76.21,51280.0,3,5128.21,2.0,117.3,0,75.8
6411,2023,15315.0,27368.0,1.79,0,6.2780000000000005,69.59,3409.0,1,653.81,0.37822,115.38048,0,74.38
6471,2023,509.75,648560.0,1272.31,0,197.17,81.66,143169.0,1,19303.84,-1.16667,116.88333,0,76.83
6472,2023,716.96,872304.0,1216.67,0,1.93,82.32,89289.0,1,21880.0,-0.43333,117.18333,0,75.65
6474,2023,161.88,187852.0,1160.44,0,77.91,81.56,68106.0,1,3882.95,0.12526,117.49603,0,75.46
6503,2023,3504.0,27470.0,7.84,0,0.02,69.2,9021.0,1,523.48,3.55,117.25,0,75.84
6504,2023,13564.0,207873.0,15.33,0,4565.59,67.7,42526.0,1,3290.871,4.13333,116.7,0,75.52
6571,2023,251.0,251085.0,1000.34,0,479.1100000000001,77.53,52079.0,1,5032.075999999999,3.36667,117.6,1,78.38
7102,2023,1141.64,345973.0,303.05,0,63.648,76.96,22128.0,2,6392.26,1.2537,124.83,1,77.64
7103,2023,731.98,137829.0,188.3,0,0.1,72.22,5655.0,1,2118.786,3.5,125.55,1,79.23
7104,2023,1251.02,100770.0,80.55,0,0.17,71.14,2843.0,1,1683.2980000000002,4.31178,126.78085,1,77.45
7106,2023,1059.0,225826.0,213.24,0,149.63,75.31,18728.0,1,4859.591,1.4025,124.96,1,76.89
7107,2023,1856.0,87301.0,47.04,0,0.0,68.64,3263.0,1,1234.33,0.78527,123.41766,1,77.26
7109,2023,730.62,119637.0,163.75,0,18.079,71.93,6720.0,1,1712.73,1.05633,124.7925,1,80.01
7110,2023,3497.46,73046.0,20.89,0,0.364,66.4,2726.0,1,1223.656,0.40912,123.75961,1,77.16
7171,2023,162.35,478192.0,2945.44,1,22.656,80.14,48556.0,1,9726.021,1.51667,124.88333,1,79.11
7173,2023,147.2,101958.0,692.65,0,19.782,78.1,5448.0,1,1874.71,1.31307,124.83404,1,77.54
7201,2023,2488.79,126040.0,50.64,0,0.04,66.82,4926.0,1,2220.73,-1.6424,123.54881,1,77.56
7202,2023,9672.7,373600.0,38.62,0,0.0,71.7,38048.0,1,6683.59,-1.2835,122.8892,1,75.55
7203,2023,5472.0,170450.0,31.15,0,0.67,73.02,158046.0,1,3216.45,-1.89342,121.25473,1,78.77
7204,2023,7112.25,251654.0,35.38,0,0.0,72.48,11712.0,1,4823.764999999999,-1.65,120.5,1,76.83
7205,2023,5275.69,311330.0,59.01,0,0.62,66.95,15056.0,1,4935.084,-0.58333,119.85,1,77.73
7206,2023,4079.77,236110.0,57.87,0,0.1,67.66,10369.0,1,3243.46,1.30862,120.88643,1,78.84
7208,2023,5883.97,454510.0,77.25,0,153.39,67.11,21652.0,1,8294.79,0.3368,120.17841,1,77.95
7209,2023,5722.0,171340.0,29.94,0,43.894000000000005,66.39,6812.0,1,2719.3550000000005,-1.2036,121.48201,1,75.82
7210,2023,5196.02,264670.0,50.94,0,0.01,69.93,11373.0,1,5181.1,-1.385,119.96694,1,77.19
7212,2023,18362.39,148274.0,8.07,0,460.91700000000003,69.73,26434.0,1,2658.77,-1.7207,121.24649,1,77.69
7271,2023,356.35,386560.0,1084.78,0,10.09,82.52,30787.0,1,9164.386,-0.86972,119.9,1,78.05
7302,2023,1175.53,450325.0,383.08,0,37.33,71.21,18871.0,1,6661.08,-5.41667,120.23333,1,74.77
7303,2023,390.97,203141.0,519.58,0,81.23599999999999,70.57,12754.0,1,3037.78,-5.48333,119.98333,1,75.57
7304,2023,796.0,414482.0,520.71,0,4.02,65.9,12152.0,1,6128.335999999999,-5.63333,119.73333,1,70.59
7305,2023,555.43,312811.0,563.19,0,22.871999999999996,68.9,12868.0,1,4849.679999999999,-5.41667,119.51667,1,74.84
7306,2023,1813.0,801108.0,441.87,0,67.96300000000001,71.57,28453.0,1,14835.475000000002,-5.31667,119.75,1,76.67
7307,2023,865.24,267536.0,309.2,0,194.19,68.92,14791.0,1,5258.696999999999,-5.21667,120.15,1,75.59
7308,2023,1442.95,407923.0,282.7,0,4.055999999999999,71.63,26389.0,1,5996.21,-5.05,119.71667,1,74.42
7309,2023,888.91,355613.0,400.06,0,0.93,70.59,32667.0,1,6578.65,-4.7827,119.5506,1,75.97
7310,2023,1201.9,187952.0,156.38,0,25.181999999999995,72.36,9427.0,1,2840.33,-4.43333,119.68333,1,73.42
7311,2023,4567.36,823079.0,180.21,0,4.72,67.81,46935.0,1,14877.18,-4.7,120.13333,1,74.58
7312,2023,1385.55,238239.0,171.95,0,1.78,70.58,14909.0,1,3446.32,-4.3842,119.89,1,75.36
7313,2023,2608.71,386537.0,148.17,0,106.92,71.1,24589.0,1,5920.663,-4.0,120.16667,1,76.55
7314,2023,1832.3,327919.0,178.97,0,0.24,72.71,18204.0,1,4780.27,-3.85,119.96667,1,75.83
7315,2023,1896.58,419338.0,221.1,0,0.03,72.84,25146.0,1,6157.469,-3.61667,119.6,1,74.21
7317,2023,2902.07,379295.0,130.7,0,140.24099999999999,72.16,21756.0,1,6049.5160000000005,-2.5577,121.3242,1,76.99
7318,2023,2043.62,289451.0,141.64,0,24.266,70.73,9373.0,1,3956.37,-3.0024,119.79655,1,74.67
7322,2023,7422.42,333781.0,44.97,0,4559.78,71.34,17841.0,1,6033.01,-2.6,120.25,1,74.09
7325,2023,6745.92,308532.0,45.74,0,21.74,74.35,30696.0,4,4460.61,-2.50957,120.3978,1,73.96
7372,2023,89.67,158425.0,1766.76,0,20.91,79.03,9312.0,1,2895.67,-4.03333,119.65,1,74.84
7373,2023,273.24,192763.0,705.47,0,0.48,79.45,10500.0,1,3483.32,-2.97841,120.11078,1,73.15
7401,2023,1669.33,120210.0,72.01,0,648.677,68.12,5063.0,1,2022.4630000000002,-5.31667,122.58333,1,76.48
7402,2023,1858.1,224690.0,120.92,0,649.434,70.16,8814.0,1,3435.16,-4.96667,122.66667,1,75.45
7403,2023,5351.85,269520.0,50.36,0,638.3090000000001,72.77,18295.0,1,5243.159,-3.91717,122.08823,1,75.28
7404,2023,2958.92,245930.0,83.11,0,3145.8,74.72,35684.0,1,4843.5740000000005,-4.08333,121.66667,1,75.07
7405,2023,4237.74,323790.0,76.41,0,634.969,70.32,16452.0,1,4843.727,-4.19191,122.44854,1,76.31
7407,2023,450.46,116450.0,258.51,0,0.30300000000000005,71.43,5768.0,1,2060.81,-5.31934,123.5948,1,77.24
7408,2023,2932.25,145640.0,49.67,0,0.02,71.04,11227.0,1,2534.9579999999996,-3.10452,121.12427,1,76.61
7409,2023,1755.83,68950.0,39.27,0,0.0,69.7,4049.0,1,919.733,-5.01457,122.93015,1,76.45
7410,2023,4219.81,72250.0,17.12,0,0.263,71.71,5260.0,1,1305.596,-3.41552,121.99081,1,75.2
7411,2023,3992.53,125770.0,31.5,0,0.20800000000000002,69.57,5625.0,1,2065.19,-4.01807,121.86172,1,76.49
7413,2023,818.7,89290.0,109.06,0,29.148000000000014,67.13,3387.0,1,1399.6209999999999,-4.83333,122.48333,1,76.88
7414,2023,836.96,119460.0,142.73,0,0.46499999999999997,65.83,3026.0,1,1966.741,-5.31667,122.33333,1,76.41
7415,2023,517.63,99580.0,192.38,0,0.41900000000000004,66.15,3593.0,1,1264.7800000000002,-5.56667,122.7,1,75.03
7471,2023,265.79,364220.0,1370.33,0,25.03,84.85,28260.0,1,9886.37,-3.98333,122.5,1,75.79
7501,2023,1830.87,151610.0,82.81,0,0.417,68.18,6587.0,1,2121.108,0.62689,122.3568,1,77.25
7503,2023,4370.36,157660.0,36.07,0,0.91,67.15,8111.0,1,2242.8900000000003,0.7098,121.59582,1,78.49
7504,2023,1889.0,172301.0,91.21,0,0.29,71.51,5699.0,1,2107.607,0.50296,123.27501,1,77.53
7505,2023,1703.63,128970.0,75.7,0,0.516,66.61,4145.0,1,2192.469,0.77,122.31667,1,76.1
7571,2023,70.93,204440.0,2882.28,1,0.34700000000000003,78.64,10536.0,1,2589.89,0.53333,123.1,1,78.36
7601,2023,947.84,181360.0,191.34,0,5.452,68.62,5969.0,1,2766.185,-3.15,118.86667,1,74.28
7603,2023,3005.88,165310.0,55.0,0,13.561000000000002,67.83,3474.0,1,2264.1069999999995,-2.96492,119.30631,1,77.44
7605,2023,2903.18,204216.0,70.34,0,0.02,69.11,14386.0,1,3362.565,-1.51639,119.42139,1,75.21
7606,2023,3100.87,141220.0,45.54,0,11.942,67.45,4066.0,1,2191.12,-2.8212,119.2662,1,75.8
8101,2023,10102.92,128648.0,12.73,0,0.137,64.16,3393.0,1,2331.0170000000003,-7.61186,131.38,1,78.01
8103,2023,2759.07,436090.0,158.06,0,7.651999999999999,72.45,10763.0,1,6463.159,-3.29167,128.9675,1,77.67
8104,2023,7594.98,140462.0,18.49,0,3.3199999999999994,70.56,2977.0,1,2445.825,-3.32767,126.68413,1,79.89
8105,2023,6425.77,107367.0,16.71,0,19.604,65.01,4436.0,1,2011.405,-6.17059,134.46991,1,79.96
8106,2023,6948.4,222449.0,32.01,0,25.081,67.56,3788.0,1,3893.5019999999995,-3.1027,128.42996,1,78.33
8108,2023,8633.15,85807.0,9.94,0,0.04,63.93,2868.0,1,1063.0219999999997,-7.8296,126.17386,1,78.93
8109,2023,5577.48,79455.0,14.25,0,0.17400000000000002,66.23,1766.0,1,1106.1879999999996,-3.52187,126.59271,1,78.15
8171,2023,377.0,358826.0,951.79,0,13.188999999999998,82.06,18531.0,1,9006.12,-3.7,128.18333,1,79.18
8172,2023,352.66,91572.0,259.66,0,28.876000000000005,69.43,3202.0,1,1528.414,-5.64301,132.74934,1,78.05
8203,2023,3304.32,105095.0,31.81,0,0.35500000000000004,65.29,3045.0,1,1573.9720000000002,-1.8646,125.69046,1,78.93
8204,2023,8096.4,255384.0,31.54,0,0.0,65.83,17727.0,1,4978.644,-0.3955,127.90833,1,80.65
8206,2023,6488.73,97895.0,15.09,0,8.124,68.82,5241.0,1,1554.203,1.33517,128.48627,1,78.97
8208,2023,2985.75,63897.0,21.4,0,0.272,62.31,1937.0,1,797.899,-1.84578,124.78992,1,79.33
8271,2023,162.2,202871.0,1250.75,0,0.03,81.35,13675.0,1,4143.446999999999,0.89618,127.31016,1,81.81
8272,2023,1703.32,116623.0,68.47,0,1.6629999999999996,72.4,3511.0,1,2067.437,0.60962,127.56981,1,79.5
9101,2023,14320.0,90286.0,6.3,0,0.0,69.72,5811.0,1,1294.497,-2.92641,132.29608,1,76.02
9102,2023,18500.0,65530.0,3.54,0,462.57399999999996,66.72,2914.0,1,824.606,-3.66093,133.77451,1,75.75
9103,2023,14953.8,45324.0,3.03,0,917.1310000000001,61.67,1753.0,1,673.3990000000001,-2.7,134.5,1,74.31
9105,2023,14250.94,201730.0,14.16,0,915.3300000000002,73.21,10789.0,1,6584.93,-0.9,133.75,1,72.68
9107,2023,13075.28,125217.0,9.58,0,0.21800000000000003,67.49,12028.0,1,2324.183,-1.16667,131.5,1,73.44
9109,2023,11529.18,32892.0,2.85,0,70.316,55.55,273.0,1,669.549,-0.60515,132.48962,1,73.61
9110,2023,5461.69,45064.0,8.25,0,68.35300000000001,61.29,812.0,1,678.8660000000001,-1.2155,132.35092,1,73.65
9111,2023,2812.44,37674.0,13.4,0,78.259,61.55,927.0,1,671.533,-1.0798,133.96729,1,72.87
9112,2023,2773.74,40117.0,14.46,0,71.572,57.82,320.0,1,641.797,-0.93523,133.89587,1,76.17
9171,2023,1105.0,283366.0,256.44,0,69.96799999999999,79.65,16829.0,1,5909.224,-0.86507,131.25153,1,74.58
9401,2023,46791.63,240609.0,5.14,0,214.17600000000007,72.19,18951.0,1,4367.663999999999,-7.66667,139.66667,1,69.85
9402,2023,7030.66,273819.0,38.95,0,140.675,60.5,10155.0,1,4215.765000000001,-4.08333,139.08333,1,70.43
9403,2023,17514.0,201004.0,11.48,0,212.08400000000006,73.5,19122.0,1,4701.285000000001,-3.0,139.95,1,69.59
9404,2023,3922.02,174427.0,44.47,0,0.0,70.84,13562.0,1,3228.1050000000005,-3.54016,135.55511,1,71.86
9410,2023,6526.25,123360.0,18.9,0,484.7290000000001,57.91,5014.0,1,2256.07,-3.9,136.60001,1,69.59
9411,2023,6477.65,219497.0,33.89,0,138.446,50.81,1509.0,1,3429.1979999999994,-3.67241,137.43896,1,70.45
9413,2023,27108.29,67167.0,2.48,0,464.72799999999995,63.46,5341.0,1,951.82,-5.70519,140.36349,1,71.76
9415,2023,23746.0,109862.0,4.63,0,466.712,53.19,3145.0,1,1696.52,-5.3795,138.46344,1,70.8
9416,2023,17512.0,355315.0,20.29,0,462.71000000000004,51.19,2900.0,1,5184.939,-4.60403,139.58405,1,70.22
9417,2023,15683.0,113347.0,7.23,0,462.658,48.18,2369.0,1,1849.9320000000002,-4.52167,140.29541,1,70.31
9418,2023,14263.0,251413.0,17.63,0,1373.805,51.48,2008.0,1,4585.136,-3.42661,137.41699,1,69.99
9419,2023,18034.0,42321.0,2.35,0,732.966,65.8,3558.0,1,674.9399999999999,-2.41667,139.08333,1,68.86
9426,2023,22004.87,37285.0,1.69,0,20.0,66.46,2304.0,1,656.942,-2.286,137.01837,1,70.0
9428,2023,23813.91,39083.0,1.64,0,470.642,54.08,2143.0,1,679.2109999999999,-2.23561,137.78229,1,70.36
9429,2023,12941.0,111063.0,8.58,0,72.273,35.19,1512.0,1,1894.6260000000002,-4.45093,138.10089,1,70.3
9430,2023,2248.0,202988.0,90.3,0,537.4129999999999,50.56,2325.0,1,3446.1629999999996,-3.91244,138.28766,1,69.07
9431,2023,3743.64,49131.0,13.12,0,474.40200000000004,50.22,1408.0,1,641.8530000000001,-2.46064,138.45245,1,71.41
9432,2023,4330.29,104416.0,24.11,0,144.411,50.87,1559.0,1,1348.96,-3.86037,138.47305,1,71.1
9435,2023,3922.02,136756.0,34.87,0,144.454,50.19,1405.0,1,2377.136,-3.41016,136.70837,1,71.29
9471,2023,940.0,403859.0,429.64,0,6.85,81.14,37797.0,1,8828.28,-2.64647,140.77779,1,72.31
