id_kab,id_prov,city_or_regency,year,total_area (km2),population,densities,traffic_density,hdi,gross_regional_domestic_product,happiness_score
1101,11,Simeulue,2022,"1,838.09","94,876",51.62,Low,67.27,"2,688",72.37
1103,11,Aceh Selatan,2022,"4,173.82","237,376",56.87,Low,67.87,"6,447",72.54
1104,11,Aceh Tenggara,2022,"4,242.04","228,308",53.82,Low,70.32,"5,829",72.38
1106,11,Aceh Tengah,2022,"4,527.53","222,673",49.18,Low,73.95,"8,873",71.38
1107,11,Aceh Barat,2022,"2,927.95","202,858",69.28,Low,72.34,"12,730",72.36
1108,11,Aceh Besar,2022,"2,903.50","414,490",142.76,Low,74.0,"15,457",72.91
1110,11,Bireuen,2022,"1,798.00","443,874",246.87,Low,73.16,"15,470",73.03
1111,11,Aceh Utara,2022,"3,296.86","614,640",186.43,Low,70.22,"28,310",70.79
1112,11,Aceh Barat Daya,2022,"1,882.05","155,046",82.38,Low,67.41,"4,546",71.79
1113,11,Gayo Lues,2022,"5,549.91","103,131",18.58,Low,68.25,"3,077",71.92
1114,11,Aceh Tamiang,2022,"1,957.02","301,492",154.06,Low,70.43,"10,433",72.63
1115,11,Nagan Raya,2022,"3,544.90","173,393",48.91,Low,70.1,"10,635",76.15
1116,11,Aceh Jaya,2022,"3,727.00","96,028",25.77,Low,70.36,"3,122",72.21
1117,11,Bener Meriah,2022,"1,941.60","168,690",86.88,Low,73.9,"5,476",74.78
1171,11,City of Banda Aceh,2022,59.02,"257,635",4365.22,Medium,86.28,"21,561",73.76
1172,11,City of Sabang,2022,122.13,"43,208",353.79,Low,76.85,"1,643",70.92
1173,11,City of Langsa,2022,239.83,"192,630",803.19,Low,77.82,"6,263",72.96
1174,11,City of Lhokseumawe,2022,181.00,"191,396",1057.44,Low,78.04,"10,278",70.69
1201,12,Nias,2022,853.44,"149,249",174.88,Low,63.69,"4,536",71.09
1202,12,Mandailing Natal,2022,"6,620.70","484,874",73.24,Low,68.05,"16,404",71.33
1203,12,Tapanuli Selatan,2022,"4,355.35","307,312",70.56,Low,70.92,"17,052",71.41
1204,12,Tapanuli Tengah,2022,"2,194.98","374,734",170.72,Low,70.31,"11,635",71.12
1206,12,Toba Samosir,2022,"2,022.00","212,133",104.91,Low,75.96,"8,944",71.35
1207,12,Labuhan Batu,2022,"2,561.38","508,024",198.34,Low,72.92,"41,809",71.09
1209,12,Simalungun,2022,"4,372.50","1,021,615",233.65,Low,73.77,"47,286",69.83
1210,12,Dairi,2022,"1,927.80","315,460",163.64,Low,72.56,"10,717",70.68
1213,12,Langkat,2022,"6,273.29","1,039,926",165.77,Low,71.86,"51,413",71.1
1214,12,Nias Selatan,2022,"2,487.99","373,674",150.19,Low,63.17,"8,015",71.01
1215,12,Humbang Hasundutan,2022,"2,297.20","202,299",88.06,Low,70.32,"6,919",70.04
1217,12,Samosir,2022,"1,444.25","139,337",96.48,Low,71.67,"5,166",70.82
1218,12,Serdang Bedagai,2022,"1,900.22","667,998",351.54,Low,71.21,"33,518",70.89
1219,12,Batu Bara,2022,904.96,"416,367",460.09,Low,69.51,"40,867",71.03
1220,12,Padang Lawas Utara,2022,"3,945.56","267,275",67.74,Low,70.93,"14,375",71.24
1223,12,Labuhan Batu Utara,2022,"3,545.80","390,954",110.26,Low,72.77,"30,282",71.18
1225,12,Nias Barat,2022,520.34,"91,346",175.55,Low,62.93,"2,173",70.88
1271,12,City of Sibolga,2022,10.77,"90,366",8390.53,Medium,74.74,"6,340",70.96
1272,12,City of Tanjung Balai,2022,60.52,"179,748",2970.06,Medium,69.86,"10,466",71.13
1274,12,City of Tebing Tinggi,2022,38.96,"177,785",4563.27,Medium,76.17,"6,931",70.9
1275,12,City of Medan,2022,265.10,"2,494,512",9409.7,Medium,81.76,"280,159",70.91
1277,12,City of Padangsidimpuan,2022,159.30,"231,062",1450.48,Low,76.05,"7,385",71.19
1278,12,City of Gunungsitoli,2022,469.40,"137,583",293.1,Low,70.23,"6,477",70.94
1301,13,Kepulauan Mentawai,2022,"6,033.76","89,401",14.82,Low,62.19,"5,446",71.07
1302,13,Pesisir Selatan,2022,"1,938.79","516,518",266.41,Low,70.84,"16,606",71.26
1303,13,Solok,2022,"3,738.00","397,829",106.43,Low,70.02,"15,781",71.24
1304,13,Sijunjung,2022,"3,130.80","240,317",76.76,Low,68.69,"10,669",69.86
1305,13,Tanah Datar,2022,"1,336.00","376,276",281.64,Low,73.29,"15,059",72.1
1306,13,Padang Pariaman,2022,"1,343.09","436,129",324.72,Low,71.63,"22,193",71.05
1308,13,Lima Puluh Kota,2022,"3,354.00","388,375",115.79,Low,70.28,"17,901",71.14
1309,13,Pasaman,2022,"3,947.63","307,425",77.88,Low,67.41,"10,391",70.82
1311,13,Dharmasraya,2022,"2,961.00","234,713",79.27,Low,72.3,"12,233",70.99
1312,13,Pasaman Barat,2022,"3,887.77","442,479",113.81,Low,69.57,"17,876",70.84
1371,13,City of Padang,2022,694.96,"919,145",1322.59,Low,83.29,"72,979",71.36
1373,13,City of Sawah Lunto,2022,273.50,"66,413",242.83,Low,73.73,"4,390",70.85
1374,13,City of Padang Panjang,2022,23.00,"57,850",2515.22,Medium,78.78,"4,087",71.23
1375,13,City of Bukittinggi,2022,25.24,"122,311",4845.92,Medium,81.42,"10,194",71.25
1377,13,City of Pariaman,2022,73.36,"96,719",1318.42,Low,77.65,"5,882",71.28
1401,14,Kuantan Singingi,2022,"7,656.03","345,850",45.17,Low,71.09,"44,910",68.69
1402,14,Indragiri Hulu,2022,"8,198.71","464,076",56.6,Low,70.46,"54,185",71.9
1403,14,Indragiri Hilir,2022,"12,614.78","660,747",52.38,Low,67.37,"83,164",72.43
1405,14,Siak,2022,"8,556.09","477,550",55.81,Low,74.5,"106,995",73.78
1406,14,Kampar,2022,"11,289.28","878,210",77.79,Low,73.84,"103,550",70.76
1407,14,Rokan Hulu,2022,"7,588.13","582,679",76.79,Low,70.31,"49,614",71.7
1408,14,Bengkalis,2022,514.00,"582,973",1134.19,Low,74.38,"175,972",73.92
1410,14,Kepulauan Meranti,2022,"3,708.00","213,532",57.59,Low,66.52,"24,896",72.8
1471,14,City of Pekanbaru,2022,632.30,"1,007,540",1593.45,Low,82.06,"144,559",71.42
1473,14,City of Dumai,2022,"1,727.00","331,832",192.14,Low,75.26,"45,053",72.44
1501,15,Kerinci,2022,"3,807.00","253,900",66.69,Low,71.99,"12,226",76.11
1504,15,Batang Hari,2022,"4,179.70","313,200",74.93,Low,70.51,"24,304",75.15
1505,15,Muaro Jambi,2022,"5,246.00","412,800",78.69,Low,70.18,"32,958",75.9
1506,15,Tanjung Jabung Timur,2022,"5,426.00","234,200",43.16,Low,65.77,"25,606",77.35
1508,15,Tebo,2022,"6,461.00","344,800",53.37,Low,69.78,"19,698",76.25
1571,15,City of Jambi,2022,175.53,"619,600",3529.88,Medium,79.58,"36,184",78.98
1572,15,City of Sungai Penuh,2022,391.50,"99,200",253.38,Low,76.17,"8,679",74.61
1602,16,Ogan Komering Ilir,2022,"19,023.47","776,690",40.83,Low,68.02,"34,239",70.92
1603,16,Muara Enim,2022,"6,763.91","624,019",92.26,Low,69.43,"113,577",71.47
1604,16,Lahat,2022,"4,344.87","441,174",101.54,Low,68.4,"27,834",72.43
1606,16,Musi Banyuasin,2022,"14,265.96","633,124",44.38,Low,68.6,"82,432",71.11
1607,16,Banyu Asin,2022,"11,875.00","852,576",71.8,Low,67.93,"34,443",75.27
1609,16,Ogan Komering Ulu Timur,2022,"4,369.25","656,857",150.34,Low,70.23,"17,833",71.69
1610,16,Ogan Ilir,2022,"2,382.00","422,907",177.54,Low,67.96,"13,251",70.74
1611,16,Empat Lawang,2022,"2,256.00","357,673",158.54,Low,66.0,"5,838",75.74
1612,16,Penukal Abab Lematang Ilir,2022,"1,840.00","200,368",108.9,Low,65.75,"8,195",73.4
1613,16,Musi Rawas Utara,2022,"6,008.55","192,369",32.02,Low,65.74,"8,549",72.52
1671,16,City of Palembang,2022,352.50,"1,707,996",4845.38,Medium,79.47,"179,107",70.97
1672,16,City of Prabumulih,2022,434.46,"199,047",458.15,Low,75.52,"9,208",72.37
1673,16,City of Pagar Alam,2022,633.66,"147,071",232.1,Low,69.6,"3,256",74.2
1674,16,City of Lubuklinggau,2022,401.50,"240,238",598.35,Low,75.53,"7,688",71.99
1701,17,Bengkulu Selatan,2022,"1,186.70","170,093",143.33,Low,71.42,"6,713",66.6
1702,17,Rejang Lebong,2022,"1,515.76","281,281",185.57,Low,71.45,"10,993",70.1
1703,17,Bengkulu Utara,2022,"4,424.60","302,833",68.44,Low,69.77,"12,319",69.74
1704,17,Kaur,2022,"2,556.00","129,661",50.73,Low,67.77,"4,227",69.52
1706,17,Mukomuko,2022,"4,147.00","196,571",47.4,Low,69.12,"6,217",68.35
1707,17,Lebong,2022,"1,665.28","107,248",64.4,Low,68.12,"3,889",71.05
1709,17,Bengkulu Tengah,2022,"1,223.94","119,814",97.89,Low,68.47,"6,545",70.73
1771,17,City of Bengkulu,2022,151.70,"384,841",2536.86,Medium,80.99,"28,090",68.5
1801,18,Lampung Barat,2022,"3,368.14","303,397",90.08,Low,68.39,"8,280",69.63
1802,18,Tanggamus,2022,"4,654.96","652,898",140.26,Low,67.22,"18,096",70.51
1803,18,Lampung Selatan,2022,"2,219.46","1,081,115",487.11,Low,69.0,"51,481",73.57
1804,18,Lampung Timur,2022,"5,325.03","1,127,946",211.82,Low,70.58,"49,710",72.25
1805,18,Lampung Tengah,2022,"4,546.00","1,500,022",329.97,Low,70.8,"82,454",73.65
1806,18,Lampung Utara,2022,"2,667.00","635,129",238.14,Low,68.33,"27,046",72.04
1807,18,Way Kanan,2022,"3,921.63","481,036",122.66,Low,68.04,"16,153",70.68
1808,18,Tulangbawang,2022,"4,386.00","431,208",98.31,Low,69.53,"25,983",68.28
1809,18,Pesawaran,2022,"1,173.77","487,153",415.03,Low,66.7,"18,601",73.51
1810,18,Pringsewu,2022,625.00,"408,415",653.46,Low,70.98,"12,842",71.48
1811,18,Mesuji,2022,"2,184.00","232,685",106.54,Low,64.94,"11,953",71.53
1812,18,Tulang Bawang Barat,2022,"1,201.15","289,620",241.12,Low,67.13,"13,233",70.48
1813,18,Pesisir Barat,2022,"2,953.00","164,816",55.81,Low,65.14,"5,345",71.37
1871,18,City of Bandar Lampung,2022,197.22,"1,209,937",6134.96,Medium,78.01,"67,882",72.95
1901,19,Bangka,2022,"3,028.79","334,344",110.39,Low,72.95,"17,959",72.79
1902,19,Belitung,2022,"2,293.69","186,331",81.24,Low,73.38,"12,322",73.67
1903,19,Bangka Barat,2022,"2,884.15","209,413",72.61,Low,70.12,"16,761",74.58
1904,19,Bangka Tengah,2022,"2,279.11","205,510",90.17,Low,71.4,"10,523",73.49
1905,19,Bangka Selatan,2022,"3,607.08","202,263",56.07,Low,67.95,"10,693",74.32
1906,19,Belitung Timur,2022,"2,506.91","130,463",52.04,Low,72.29,"9,785",75.91
1971,19,City of Pangkal Pinang,2022,118.40,"226,297",1911.29,Low,79.24,"17,278",74.08
2101,21,Karimun,2022,"1,524.00","266,177",174.66,Low,72.65,"15,554",74.29
2102,21,Bintan,2022,"1,946.13","165,781",85.18,Low,74.99,"22,996",75.82
2103,21,Natuna,2022,"2,009.04","83,102",41.36,Low,73.47,"24,265",74.18
2104,21,Lingga,2022,"2,117.72","102,853",48.57,Low,66.57,"4,853",73.38
2105,21,Kepulauan Anambas,2022,590.14,"49,632",84.1,Low,69.61,"19,909",75.48
2171,21,City of Batam,2022,"3,868.97","1,236,010",319.47,Low,81.67,"194,836",74.67
2172,21,City of Tanjung Pinang,2022,144.56,"239,854",1659.2,Low,79.64,"21,792",74.87
3101,31,Kep. Seribu,2022,10.73,"28,262",2633.92,Medium,72.79,"10,126",72.98
3171,31,City of Jakarta Selatan,2022,144.94,"2,234,262",15415.08,High,85.21,"730,695",74.11
3173,31,City of Jakarta Pusat,2022,47.56,"1,053,482",22150.59,High,82.11,"795,395",72.06
3174,31,City of Jakarta Barat,2022,125.00,"2,458,707",19669.66,High,82.51,"540,753",72.82
3175,31,City of Jakarta Utara,2022,147.21,"1,799,220",12222.13,High,80.81,"587,792",73.73
3201,32,Bogor,2022,"2,710.62","5,566,838",2053.71,Medium,71.2,"267,744",74.49
3202,32,Sukabumi,2022,"4,145.70","2,806,664",677.01,Low,67.64,"76,244",74.43
3203,32,Cianjur,2022,"3,840.16","2,542,793",662.16,Low,65.94,"53,989",74.85
3204,32,Bandung,2022,"1,767.96","3,718,660",2103.36,Medium,73.16,"143,002",74.24
3205,32,Garut,2022,"3,074.07","2,627,220",854.64,Low,67.41,"66,591",73.51
3206,32,Tasikmalaya,2022,"2,551.19","1,906,288",747.22,Low,66.84,"42,660",72.21
3208,32,Kuningan,2022,"1,110.56","1,196,017",1076.95,Low,70.16,"29,520",73.16
3209,32,Cirebon,2022,984.52,"2,315,417",2351.82,Medium,70.06,"56,654",74.98
3210,32,Majalengka,2022,"1,204.24","1,335,460",1108.96,Low,68.56,"37,777",74.72
3211,32,Sumedang,2022,"1,518.33","1,167,033",768.63,Low,72.69,"40,025",74.65
3212,32,Indramayu,2022,"2,040.11","1,871,832",917.52,Low,68.55,"90,773",73.21
3213,32,Subang,2022,"1,893.95","1,624,386",857.67,Low,69.87,"46,160",74.3
3214,32,Purwakarta,2022,825.74,"1,028,569",1245.63,Low,71.56,"76,478",74.13
3215,32,Karawang,2022,"1,652.20","2,505,247",1516.31,Low,71.74,"268,229",73.61
3216,32,Bekasi,2022,"1,224.88","3,214,791",2624.58,Medium,75.22,"367,562",74.34
3271,32,City of Bogor,2022,118.50,"1,063,513",8974.79,Medium,77.17,"52,915",74.7
3272,32,City of Sukabumi,2022,48.25,"356,410",7386.74,Medium,75.4,"14,192",73.52
3273,32,City of Bandung,2022,167.67,"2,461,553",14680.94,High,82.5,"328,151",74.21
3274,32,City of Cirebon,2022,37.36,"341,235",9133.7,Medium,75.89,"26,618",75.91
3275,32,City of Bekasi,2022,206.61,"2,590,257",12536.94,High,82.46,"109,881",74.82
3276,32,City of Depok,2022,200.29,"2,123,349",10601.37,High,81.86,"81,167",74.38
3279,32,City of Banjar,2022,113.49,"206,457",1819.16,Low,72.55,"4,929",75.36
3302,33,Banyumas,2022,"1,328.00","1,806,013",1359.95,Low,73.17,"62,817",72.08
3303,33,Purbalingga,2022,777.64,"1,019,840",1311.46,Low,69.54,"28,824",73.66
3305,33,Kebumen,2022,"1,281.11","1,376,825",1074.71,Low,70.79,"32,615",72.34
3306,33,Purworejo,2022,"1,034.84","778,257",752.06,Low,73.6,"21,353",71.99
3307,33,Wonosobo,2022,984.68,"896,346",910.29,Low,68.89,"21,587",71.97
3308,33,Magelang,2022,"1,085.73","1,312,573",1208.93,Low,70.85,"37,432",71.94
3309,33,Boyolali,2022,"1,096.35","1,079,952",985.04,Low,74.97,"38,789",70.75
3310,33,Klaten,2022,655.56,"1,275,850",1946.2,Low,76.95,"46,592",71.27
3311,33,Sukoharjo,2022,466.66,"916,627",1964.23,Low,77.94,"42,781",72.88
3312,33,Wonogiri,2022,"1,941.28","1,057,087",544.53,Low,71.04,"33,692",73.48
3313,33,Karanganyar,2022,774.00,"947,642",1224.34,Low,76.58,"43,088",73.44
3314,33,Sragen,2022,941.55,"992,243",1053.84,Low,74.65,"44,243",70.99
3315,33,Grobogan,2022,"2,022.25","1,470,150",726.99,Low,70.97,"31,807",73.04
3316,33,Blora,2022,"1,820.95","888,224",487.78,Low,69.95,"30,960",71.97
3317,33,Rembang,2022,"1,014.08","650,770",641.73,Low,71.0,"22,107",72.58
3318,33,Pati,2022,"1,503.68","1,339,572",890.86,Low,73.14,"50,119",72.71
3319,33,Kudus,2022,425.20,"856,472",2014.28,Medium,75.89,"114,565",69.66
3320,33,Jepara,2022,"1,062.01","1,192,811",1123.16,Low,73.15,"35,011",70.35
3321,33,Demak,2022,897.43,"1,223,217",1363.02,Low,73.36,"30,252",72.12
3322,33,Semarang,2022,950.21,"1,068,492",1124.48,Low,74.67,"56,640",72.04
3323,33,Temanggung,2022,870.65,"799,764",918.58,Low,70.77,"24,726",71.98
3324,33,Kendal,2022,"1,002.23","1,033,367",1031.07,Low,73.19,"49,666",73.12
3325,33,Batang,2022,788.60,"813,791",1031.94,Low,69.45,"25,444",71.25
3326,33,Pekalongan,2022,836.13,"986,455",1179.79,Low,70.81,"25,962",70.96
3327,33,Pemalang,2022,"1,115.00","1,500,754",1345.97,Low,67.19,"29,915",73.06
3328,33,Tegal,2022,876.10,"1,623,595",1853.21,Low,69.53,"40,770",70.55
3329,33,Brebes,2022,"1,769.62","2,010,617",1136.19,Low,67.03,"53,709",72.65
3372,33,City of Surakarta,2022,46.72,"523,008",11194.52,High,83.08,"55,849",71.85
3373,33,City of Salatiga,2022,56.78,"195,065",3435.45,Medium,84.35,"15,381",73.36
3375,33,City of Pekalongan,2022,45.25,"309,742",6845.13,Medium,75.9,"12,591",70.84
3376,33,City of Tegal,2022,39.68,"278,299",7013.58,Medium,76.15,"17,680",73.23
3401,34,Kulon Progo,2022,586.30,"440,680",751.63,Low,75.46,"14,315",73.34
3402,34,Bantul,2022,506.85,"1,000,800",1974.55,Low,80.69,"31,183",72.63
3403,34,Gunung Kidul,2022,"1,485.36","749,710",504.73,Low,70.96,"22,749",70.61
3404,34,Sleman,2022,574.82,"1,145,850",1993.41,Low,84.31,"54,702",71.2
3471,34,City of Yogyakarta,2022,32.50,"375,520",11554.46,High,87.69,"42,624",71.32
3502,35,Ponorogo,2022,"1,371.78","964,253",702.92,Low,71.87,"23,028",74.97
3504,35,Tulungagung,2022,"1,055.65","1,105,337",1047.07,Low,74.06,"44,133",72.17
3506,35,Kediri,2022,"1,386.05","1,656,020",1194.78,Low,73.46,"46,650",71.83
3507,35,Malang,2022,"3,530.65","2,685,900",760.74,Low,71.38,"117,422",72.11
3508,35,Lumajang,2022,"1,790.90","1,137,227",635.0,Low,66.95,"36,664",74.98
3509,35,Jember,2022,"3,306.69","2,567,718",776.52,Low,67.97,"88,030",72.48
3510,35,Banyuwangi,2022,"5,782.50","1,731,731",299.48,Low,71.94,"93,279",72.37
3512,35,Situbondo,2022,"1,638.50","691,260",421.89,Low,68.25,"23,129",73.29
3513,35,Probolinggo,2022,"1,696.17","1,159,965",683.87,Low,66.96,"38,933",74.74
3514,35,Pasuruan,2022,"1,474.02","1,619,035",1098.38,Low,69.68,"172,654",71.1
3515,35,Sidoarjo,2022,714.27,"2,103,401",2944.83,Medium,81.02,"245,227",75.08
3516,35,Mojokerto,2022,692.15,"1,133,584",1637.77,Low,74.89,"95,798",73.97
3518,35,Nganjuk,2022,"1,224.33","1,117,033",912.36,Low,72.93,"30,820",71.89
3520,35,Magetan,2022,688.84,"678,343",984.76,Low,74.85,"21,195",73.33
3522,35,Bojonegoro,2022,"2,307.06","1,315,125",570.04,Low,70.12,"100,493",73.98
3524,35,Lamongan,2022,"1,752.21","1,371,509",782.73,Low,74.02,"45,441",73.48
3527,35,Sampang,2022,"1,233.00","984,162",798.18,Low,63.39,"23,009",75.63
3528,35,Pamekasan,2022,792.20,"857,818",1082.83,Low,66.99,"19,263",73.02
3529,35,Sumenep,2022,"2,093.47","1,136,632",542.94,Low,67.87,"40,255",72.3
3571,35,City of Kediri,2022,63.40,"289,418",4564.66,Medium,79.59,"152,778",74.44
3572,35,City of Blitar,2022,32.58,"151,960",4664.21,Medium,79.93,"7,834",72.5
3573,35,City of Malang,2022,110.06,"846,126",7687.86,Medium,82.71,"84,807",73.76
3575,35,City of Pasuruan,2022,35.29,"211,497",5993.11,Medium,76.54,"9,453",74.35
3576,35,City of Mojokerto,2022,20.21,"134,350",6647.7,Medium,79.32,"7,637",73.46
3577,35,City of Madiun,2022,33.23,"199,192",5994.34,Medium,82.01,"15,819",73.32
3579,35,City of Batu,2022,199.09,"216,735",1088.63,Low,77.22,"18,588",72.36
3601,36,Pandeglang,2022,"2,746.00","1,298,850",473.0,Low,65.84,"32,077",68.32
3602,36,Lebak,2022,"3,305.07","1,417,350",428.84,Low,64.71,"33,475",65.11
3603,36,Tangerang,2022,959.61,"3,321,650",3461.46,Medium,72.97,"160,167",67.43
3671,36,City of Tangerang,2022,164.55,"1,931,640",11738.92,High,78.9,"182,409",67.12
3672,36,City of Cilegon,2022,162.51,"445,060",2738.66,Medium,73.95,"120,767",66.73
3673,36,City of Serang,2022,266.74,"712,410",2670.8,Medium,72.98,"36,724",67.41
3674,36,City of Tangerang Selatan,2022,147.19,"1,378,710",9366.87,Medium,81.95,"96,137",69.84
5101,51,Jembrana,2022,841.80,"327,900",389.52,Low,73.58,"14,532",73.83
5102,51,Tabanan,2022,839.33,"469,300",559.14,Low,76.75,"23,681",74.88
5103,51,Badung,2022,418.50,"549,500",1313.02,Low,82.13,"55,290",75.02
5104,51,Gianyar,2022,368.00,"524,000",1423.91,Low,78.39,"27,944",74.97
5105,51,Klungkung,2022,315.00,"214,000",679.37,Low,72.55,"9,210",75.01
5106,51,Bangli,2022,520.81,"267,100",512.85,Low,70.26,"7,338",75.27
5108,51,Buleleng,2022,"1,366.00","825,100",604.03,Low,73.45,"35,805",75.12
5171,51,City of Denpasar,2022,127.78,"726,800",5687.9,Medium,84.37,"54,634",76.14
5201,52,Lombok Barat,2022,"1,053.92","742,074",704.11,Low,69.41,"16,562",68.27
5203,52,Lombok Timur,2022,"2,679.88","1,368,136",510.52,Low,67.59,"22,600",69.27
5204,52,Sumbawa,2022,"6,643.98","522,357",78.62,Low,68.89,"16,108",70.17
5205,52,Dompu,2022,"2,324.55","243,404",104.71,Low,69.15,"7,826",70.33
5206,52,Bima,2022,"4,389.00","527,664",120.22,Low,67.57,"12,734",69.3
5207,52,Sumbawa Barat,2022,"1,742.27","150,338",86.29,Low,72.65,"31,512",71.22
5208,52,Lombok Utara,2022,809.53,"254,145",313.94,Low,65.7,"5,051",70.25
5271,52,City of Mataram,2022,61.30,"437,162",7131.52,Medium,79.59,"21,182",67.91
5301,53,Sumba Barat,2022,757.41,"149,804",197.78,Low,64.43,"2,583",71.58
5303,53,Kupang,2022,"5,136.51","373,259",72.67,Low,65.04,"8,483",69.96
5304,53,Timor Tengah Selatan,2022,"3,933.15","467,732",118.92,Low,62.73,"8,810",71.82
5306,53,Belu,2022,"1,127.25","226,307",200.76,Low,63.22,"5,036",70.67
5307,53,Alor,2022,"2,928.56","218,059",74.46,Low,62.26,"3,363",71.85
5308,53,Lembata,2022,"1,268.11","139,436",109.96,Low,65.47,"2,017",73.32
5309,53,Flores Timur,2022,"1,748.52","284,122",162.49,Low,64.93,"5,643",72.06
5310,53,Sikka,2022,"1,671.65","330,429",197.67,Low,66.06,"5,703",70.2
5311,53,Ende,2022,"2,085.24","275,785",132.26,Low,67.97,"6,793",70.88
5312,53,Ngada,2022,"1,735.64","169,383",97.59,Low,68.26,"3,819",71.51
5313,53,Manggarai,2022,"1,343.83","323,054",240.4,Low,65.83,"5,097",70.22
5315,53,Manggarai Barat,2022,"3,129.00","265,613",84.89,Low,64.92,"3,884",70.27
5316,53,Sumba Tengah,2022,"1,789.66","88,706",49.57,Low,62.71,"1,303",73.3
5317,53,Sumba Barat Daya,2022,"1,383.31","315,427",228.02,Low,63.15,"4,176",72.74
5320,53,Sabu Raijua,2022,460.96,"91,877",199.32,Low,57.9,"1,546",73.93
5321,53,Malaka,2022,"1,109.16","188,493",169.94,Low,61.34,"3,144",69.41
5371,53,City of Kupang,2022,159.33,"458,253",2876.13,Medium,80.2,"26,200",72.57
6101,61,Sambas,2022,"6,395.70","641,271",100.27,Low,67.95,"24,423",71.39
6104,61,Mempawah,2022,"2,797.88","308,804",110.37,Low,66.94,"9,956",72.79
6105,61,Sanggau,2022,"12,857.70","497,280",38.68,Low,66.91,"23,847",73.7
6106,61,Ketapang,2022,"31,588.00","584,946",18.52,Low,67.92,"34,314",72.69
6107,61,Sintang,2022,"21,635.00","432,206",19.98,Low,67.86,"17,330",72.07
6108,61,Kapuas Hulu,2022,"29,842.00","258,989",8.68,Low,66.7,"12,187",72.94
6109,61,Sekadau,2022,"5,444.20","216,862",39.83,Low,65.58,"7,884",73.48
6110,61,Melawi,2022,"10,640.80","235,669",22.15,Low,66.81,"6,177",74.36
6111,61,Kayong Utara,2022,"4,568.26","130,592",28.59,Low,63.81,"4,981",72.38
6112,61,Kubu Raya,2022,"6,985.20","628,558",89.98,Low,68.91,"35,209",73.7
6172,61,City of Singkawang,2022,504.00,"242,177",480.51,Low,72.89,"11,922",72.54
6204,62,Barito Selatan,2022,"7,020.09","133,478",19.01,Low,71.01,"8,132",73.24
6205,62,Barito Utara,2022,"8,300.00","158,539",19.1,Low,71.21,"14,298",72.89
6206,62,Sukamara,2022,"3,827.00","65,457",17.1,Low,68.94,"5,460",72.54
6207,62,Lamandau,2022,"6,414.00","100,509",15.67,Low,71.11,"7,316",74.66
6208,62,Seruyan,2022,"16,404.00","168,262",10.26,Low,68.24,"10,809",74.63
6209,62,Katingan,2022,"20,382.53","166,820",8.18,Low,69.74,"9,966",73.24
6210,62,Pulang Pisau,2022,"8,997.00","136,869",15.21,Low,69.01,"6,465",73.21
6211,62,Gunung Mas,2022,"10,804.00","140,125",12.97,Low,71.4,"8,135",75.6
6212,62,Barito Timur,2022,"3,834.00","115,860",30.22,Low,72.07,"10,948",72.17
6213,62,Murung Raya,2022,"23,700.16","114,831",4.85,Low,68.63,"12,999",72.85
6271,62,City of Palangka Raya,2022,"2,853.19","301,417",105.64,Low,81.16,"21,955",73.58
6301,63,Tanah Laut,2022,"3,631.35","358,090",98.61,Low,70.35,"19,022",72.2
6302,63,Kotabaru,2022,"9,442.46","326,631",34.59,Low,69.74,"33,266",73.94
6303,63,Banjar,2022,"4,668.50","570,347",122.17,Low,70.72,"21,071",72.89
6304,63,Barito Kuala,2022,"2,996.46","319,708",106.7,Low,67.37,"9,868",75.01
6308,63,Hulu Sungai Utara,2022,915.05,"233,428",255.1,Low,66.84,"5,671",73.33
6309,63,Tabalong,2022,"3,556.00","258,525",72.7,Low,73.13,"29,172",74.08
6310,63,Tanah Bumbu,2022,"4,871.39","341,137",70.03,Low,71.79,"31,610",74.59
6311,63,Balangan,2022,"1,878.30","133,789",71.23,Low,69.73,"19,848",73.18
6372,63,City of Banjar Baru,2022,371.38,"268,292",722.42,Low,79.68,"11,786",72.67
6401,64,Paser,2022,"11,603.94","286,952",24.73,Low,73.44,"76,262",74.6
6403,64,Kutai Kartanegara,2022,"27,263.10","791,855",29.04,Low,74.67,"240,393",74.08
6404,64,Kutai Timur,2022,"35,747.50","399,453",11.17,Low,74.35,"211,101",73.4
6405,64,Berau,2022,"34,127.17","236,325",6.92,Low,75.74,"60,158",72.74
6409,64,Penajam Paser Utara,2022,"3,333.00","159,073",47.73,Low,72.55,"13,129",73.31
6411,64,Mahakam Ulu,2022,"15,315.00","27,201",1.78,Low,68.75,"3,169",74.67
6472,64,City of Samarinda,2022,716.96,"865,911",1207.75,Low,81.43,"83,354",73.41
6501,65,Malinau,2022,"38,911.80","84,509",2.17,Low,72.75,"17,587",77.97
6503,65,Tana Tidung,2022,"3,504.00","26,783",7.64,Low,68.6,"8,626",76.67
6504,65,Nunukan,2022,"13,564.00","204,762",15.1,Low,67.16,"40,151",75.95
6571,65,City of Tarakan,2022,251.00,"248,182",988.77,Low,76.68,"47,488",76.77
7101,71,Bolaang Mongondow,2022,"3,269.30","252,648",77.28,Low,68.95,"9,777",75.89
7102,71,Minahasa,2022,"1,128.45","350,317",310.44,Low,76.18,"20,369",75.9
7103,71,Kepulauan Sangihe,2022,597.26,"140,165",234.68,Low,71.63,"5,223",75.17
7104,71,Kepulauan Talaud,2022,"1,012.14","95,545",94.4,Low,70.43,"2,631",76.2
7105,71,Minahasa Selatan,2022,"1,456.69","241,680",165.91,Low,72.89,"10,527",74.16
7106,71,Minahasa Utara,2022,995.55,"229,368",230.39,Low,74.69,"17,226",73.67
7109,71,Minahasa Tenggara,2022,753.14,"118,023",156.71,Low,71.48,"6,147",74.89
7110,71,Bolaang Mongondow Selatan,2022,"1,796.07","71,481",39.8,Low,65.9,"2,504",75.56
7111,71,Bolaang Mongondow Timur,2022,859.97,"92,299",107.33,Low,67.21,"3,533",74.07
7171,71,City of Manado,2022,162.35,"454,606",2800.16,Medium,79.66,"43,920",74.81
7172,71,City of Bitung,2022,329.72,"229,795",696.94,Low,74.7,"20,620",75.54
7173,71,City of Tomohon,2022,169.06,"101,151",598.31,Low,77.44,"5,034",76.32
7174,71,City of Kotamobagu,2022,108.89,"125,405",1151.67,Low,73.96,"4,413",75.14
7201,72,Banggai Kepulauan,2022,"2,385.07","123,576",51.81,Low,66.08,"4,569",75.77
7203,72,Morowali,2022,"4,486.89","176,244",39.28,Low,72.55,"146,772",76.48
7204,72,Poso,2022,"7,545.93","252,650",33.48,Low,71.93,"10,891",75.86
7205,72,Donggala,2022,"5,126.59","305,890",59.67,Low,66.25,"13,781",75.27
7206,72,Toli-Toli,2022,"3,700.37","228,641",61.79,Low,66.76,"9,697",76.42
7207,72,Buol,2022,"3,723.58","148,246",39.81,Low,68.72,"6,713",74.52
7208,72,Parigi Moutong,2022,"5,805.61","446,712",76.94,Low,66.26,"20,061",74.69
7210,72,Sigi,2022,"5,225.44","266,812",51.06,Low,69.05,"10,600",76.83
7211,72,Banggai Laut,2022,725.67,"71,345",98.32,Low,66.22,"2,804",74.71
7212,72,Morowali Utara,2022,"8,736.01","124,006",14.19,Low,68.97,"21,082",75.4
7271,72,City of Palu,2022,395.06,"381,572",965.86,Low,82.02,"28,445",73.57
7301,73,Kepulauan Selayar,2022,"1,160.36","139,658",120.36,Low,68.35,"7,480",71.85
7302,73,Bulukumba,2022,"1,175.53","445,815",379.25,Low,70.34,"17,233",75.59
7303,73,Bantaeng,2022,390.97,"200,843",513.7,Low,69.69,"12,164",72.45
7306,73,Gowa,2022,"1,813.00","788,159",434.73,Low,70.99,"25,612",72.58
7309,73,Pangkajene dan Kepulauan,2022,888.91,"352,056",396.05,Low,69.79,"30,482",75.07
7310,73,Barru,2022,"1,201.90","186,678",155.32,Low,71.53,"8,878",72.67
7311,73,Bone,2022,"4,567.36","816,013",178.66,Low,67.01,"43,641",73.01
7312,73,Soppeng,2022,"1,385.55","237,120",171.14,Low,69.7,"13,742",72.7
7314,73,Sidenreng Rappang,2022,"1,832.30","325,058",177.4,Low,72.06,"16,699",73.84
7315,73,Pinrang,2022,"1,896.58","413,966",218.27,Low,71.97,"23,765",73.33
7316,73,Enrekang,2022,"1,806.85","231,121",127.91,Low,73.39,"9,025",72.74
7317,73,Luwu,2022,"2,902.07","374,316",128.98,Low,71.36,"19,981",72.83
7318,73,Tana Toraja,2022,"2,043.62","286,451",140.17,Low,69.88,"8,757",73.54
7322,73,Luwu Utara,2022,"7,422.42","329,892",44.45,Low,70.51,"16,051",74.43
7326,73,Toraja Utara,2022,"1,289.13","268,877",208.57,Low,70.36,"11,311",74.43
7371,73,City of Makasar,2022,176.85,"1,444,879",8170.08,Medium,83.12,"208,936",73.25
7372,73,City of Parepare,2022,89.67,"155,912",1738.73,Low,78.54,"8,697",73.37
7373,73,City of Palopo,2022,273.24,"189,841",694.78,Low,78.91,"9,768",73.58
7402,74,Muna,2022,"1,858.10","221,370",119.14,Low,69.61,"8,261",73.44
7403,74,Konawe,2022,"5,351.85","264,930",49.5,Low,72.04,"14,270",75.74
7404,74,Kolaka,2022,"2,958.92","243,040",82.14,Low,73.98,"31,397",73.42
7405,74,Konawe Selatan,2022,"4,237.74","318,350",75.12,Low,69.36,"14,537",73.86
7406,74,Bombana,2022,"3,293.97","155,510",47.21,Low,66.81,"7,780",75.57
7407,74,Wakatobi,2022,450.46,"114,620",254.45,Low,70.85,"5,241",74.96
7408,74,Kolaka Utara,2022,"2,932.25","142,770",48.69,Low,70.39,"10,096",75.88
7409,74,Buton Utara,2022,"1,755.83","68,090",38.78,Low,69.0,"3,802",73.75
7410,74,Konawe Utara,2022,"4,219.81","70,680",16.75,Low,71.1,"4,799",72.81
7411,74,Kolaka Timur,2022,"3,992.53","123,980",31.05,Low,68.73,"5,274",75.89
7412,74,Konawe Kepulauan,2022,705.71,"38,310",54.29,Low,66.69,"1,579",74.85
7413,74,Muna Barat,2022,818.70,"87,590",106.99,Low,66.21,"3,070",74.17
7414,74,Buton Tengah,2022,836.96,"117,630",140.54,Low,65.29,"2,794",75.7
7415,74,Buton Selatan,2022,517.63,"97,950",189.23,Low,65.44,"3,314",76.89
7472,74,City of Baubau,2022,294.14,"163,720",556.61,Low,76.67,"10,711",74.41
7501,75,Boalemo,2022,"1,830.87","148,526",81.12,Low,67.27,"6,112",77.43
7502,75,Gorontalo,2022,"2,160.36","398,801",184.6,Low,68.28,"14,889",76.51
7503,75,Pohuwato,2022,"4,370.36","149,297",34.16,Low,66.53,"7,534",74.25
7504,75,Bone Bolango,2022,"1,889.00","166,200",87.98,Low,70.9,"5,279",75.67
7505,75,Gorontalo Utara,2022,"1,703.63","128,563",75.46,Low,66.01,"3,854",73.22
7571,75,City of Gorontalo,2022,70.93,"201,350",2838.71,Medium,78.22,"9,757",72.8
7601,76,Majene,2022,947.84,"177,390",187.15,Low,67.84,"5,537",74.16
7602,76,Polewali Mandar,2022,"2,074.76","490,493",236.41,Low,64.79,"14,843",75.16
7603,76,Mamasa,2022,"3,005.88","166,471",55.38,Low,67.21,"3,288",73.49
7604,76,Mamuju,2022,"4,979.89","285,616",57.35,Low,68.88,"13,378",74.57
7605,76,Mamuju Utara,2022,"3,043.75","198,608",65.25,Low,68.61,"13,185",73.35
7606,76,Mamuju Tengah,2022,"3,014.37","140,028",46.45,Low,66.89,"3,814",75.91
8101,81,Maluku Tenggara Barat,2022,"10,102.92","124,787",12.35,Low,63.45,"3,153",76.76
8102,81,Maluku Tenggara,2022,"4,676.00","124,199",26.56,Low,66.88,"3,785",77.98
8103,81,Maluku Tengah,2022,"2,759.07","427,050",154.78,Low,71.81,"9,986",76.56
8106,81,Seram Bagian Barat,2022,"6,948.40","217,958",31.37,Low,66.67,"3,501",76.8
8107,81,Seram Bagian Timur,2022,"3,952.08","143,438",36.29,Low,65.05,"3,638",76.86
8108,81,Maluku Barat Daya,2022,"8,633.15","82,560",9.56,Low,63.07,"2,264",75.92
8171,81,City of Ambon,2022,377.00,"348,225",923.67,Low,81.63,"17,175",76.82
8172,81,City of Tual,2022,352.66,"93,145",264.12,Low,68.6,"2,909",76.61
8201,82,Halmahera Barat,2022,"2,239.11","136,282",60.86,Low,66.2,"2,529",76.92
8202,82,Halmahera Tengah,2022,"2,276.90","86,379",37.94,Low,66.49,"21,302",75.79
8204,82,Halmahera Selatan,2022,"8,096.40","253,331",31.29,Low,65.06,"14,326",76.54
8205,82,Halmahera Utara,2022,"3,891.62","201,196",51.7,Low,68.38,"6,489",77.13
8206,82,Halmahera Timur,2022,"6,488.73","96,395",14.86,Low,67.93,"4,184",75.51
8207,82,Pulau Morotai,2022,"2,337.33","78,304",33.5,Low,63.8,"1,752",76.15
8208,82,Pulau Taliabu,2022,"2,985.75","63,231",21.18,Low,61.64,"1,871",76.03
8271,82,City of Ternate,2022,579.54,"201,916",348.41,Low,80.81,"12,314",74.89
9101,91,Fakfak,2022,"14,320.00","89,319",6.24,Low,69.12,"5,591",74.54
9102,91,Kaimana,2022,"18,500.00","65,061",3.52,Low,66.11,"2,741",76.5
9103,91,Teluk Wondama,2022,"14,953.80","45,030",3.01,Low,60.87,"1,663",72.97
9104,91,Teluk Bintuni,2022,"18,658.00","80,884",4.34,Low,65.27,"34,935",75.56
9105,91,Manokwari,2022,"14,250.94","200,785",14.09,Low,72.6,"10,282",76.76
9107,91,Sorong,2022,"13,075.28","124,195",9.5,Low,66.69,"11,572",76.74
9108,91,Raja Ampat,2022,"67,379,600","66,793",0.0,Low,64.65,"4,066",74.33
9109,91,Tambrauw,2022,"11,529.18","32,617",2.83,Low,54.63,256,77.59
9111,91,Manokwari Selatan,2022,"2,812.44","37,423",13.31,Low,60.68,887,74.64
9171,91,City of Sorong,2022,"1,105.00","282,802",255.93,Low,78.98,"16,174",74.66
9402,94,Jayawijaya,2022,"7,030.66","273,503",38.9,Low,59.6,"9,166",69.56
9403,94,Jayapura,2022,"17,514.00","200,224",11.43,Low,72.67,"18,279",71.78
9409,94,Biak Numfor,2022,"2,602.00","146,346",56.24,Low,72.85,"5,865",69.81
9410,94,Paniai,2022,"6,526.25","122,124",18.71,Low,57.14,"4,705",72.79
9412,94,Mimika,2022,"21,693.51","312,255",14.39,Low,75.08,"110,425",70.93
9413,94,Boven Digoel,2022,"27,108.29","65,310",2.41,Low,62.52,"5,078",69.96
9414,94,Mappi,2022,"23,824.00","108,232",4.54,Low,59.61,"3,351",71.14
9415,94,Asmat,2022,"23,746.00","108,912",4.59,Low,52.22,"2,881",71.44
9416,94,Yahukimo,2022,"17,512.00","355,021",20.27,Low,50.25,"2,694",71.74
9417,94,Pegunungan Bintang,2022,"15,683.00","112,251",7.16,Low,47.21,"2,203",71.92
9418,94,Tolikara,2022,"14,263.00","251,117",17.61,Low,50.51,"1,817",70.85
9419,94,Sarmi,2022,"18,034.00","41,821",2.32,Low,64.86,"3,316",72.63
9426,94,Waropen,2022,"22,004.87","36,974",1.68,Low,65.67,"2,311",67.67
9427,94,Supiori,2022,634.24,"25,015",39.44,Low,63.65,"1,139",71.78
9428,94,Mamberamo Raya,2022,"23,813.91","38,735",1.63,Low,53.1,"1,973",71.56
9429,94,Nduga,2022,"12,941.00","110,676",8.55,Low,34.1,"1,413",71.65
9431,94,Mamberamo Tengah,2022,"3,743.64","48,735",13.02,Low,49.25,"1,287",70.23
9432,94,Yalimo,2022,"4,330.29","104,066",24.03,Low,49.9,"1,440",70.52
9433,94,Puncak,2022,"8,055.00","176,561",21.92,Low,43.87,"1,613",71.64
9434,94,Dogiyai,2022,"4,237.40","115,380",27.23,Low,55.72,"1,445",70.72
9435,94,Intan Jaya,2022,"3,922.02","136,365",34.77,Low,49.25,"1,359",70.71
9471,94,City of Jayapura,2022,940.00,"368,578",392.1,Low,80.61,"35,365",70.69
1102,11,Aceh Singkil,2023,"1,857.88","135,435",72.9,Low,70.14,"3,203",75.53
1103,11,Aceh Selatan,2023,"4,173.82","236,933",56.77,Low,68.44,"7,034",76.31
1104,11,Aceh Tenggara,2023,"4,242.04","231,331",54.53,Low,71.05,"6,258",73.98
1106,11,Aceh Tengah,2023,"4,527.53","227,168",50.17,Low,74.6,"9,843",75.38
1107,11,Aceh Barat,2023,"2,927.95","204,475",69.84,Low,72.88,"13,572",75.86
1108,11,Aceh Besar,2023,"2,903.50","435,298",149.92,Low,74.53,"16,978",76.7
1109,11,Pidie,2023,"3,184.46","444,898",139.71,Low,71.66,"13,490",76.01
1110,11,Bireuen,2023,"1,781.34","458,978",257.66,Low,73.63,"17,028",76.03
1111,11,Aceh Utara,2023,"3,296.86","627,543",190.35,Low,70.87,"28,472",75.32
1113,11,Gayo Lues,2023,"5,365.98","104,856",19.54,Low,68.93,"3,336",74.7
1114,11,Aceh Tamiang,2023,"1,957.02","308,102",157.43,Low,71.35,"10,729",73.63
1116,11,Aceh Jaya,2023,"3,727.00","99,717",26.76,Low,70.88,"3,374",73.68
1117,11,Bener Meriah,2023,"1,145.00","175,781",153.52,Low,74.49,"6,016",74.03
1118,11,Pidie Jaya,2023,952.11,"163,591",171.82,Low,74.8,"4,349",74.24
1172,11,City of Sabang,2023,122.13,"43,527",356.4,Low,77.52,"1,747",72.7
1174,11,City of Lhokseumawe,2023,181.06,"196,067",1082.88,Low,78.92,"11,170",75.08
1175,11,City of Subulussalam,2023,"1,391.00","103,044",74.08,Low,67.1,"2,560",76.17
1201,12,Nias,2023,853.44,"153,658",180.05,Low,64.56,"4,858",73.43
1203,12,Tapanuli Selatan,2023,"4,355.35","312,540",71.76,Low,71.55,"18,875",72.28
1204,12,Tapanuli Tengah,2023,"2,194.98","386,895",176.26,Low,70.91,"12,632",72.74
1205,12,Tapanuli Utara,2023,"3,793.71","323,102",85.17,Low,74.65,"10,490",73.96
1206,12,Toba Samosir,2023,"2,022.00","213,850",105.76,Low,76.38,"9,656",74.15
1207,12,Labuhan Batu,2023,"2,561.38","513,826",200.61,Low,73.69,"45,763",75.47
1208,12,Asahan,2023,"3,732.97","802,563",214.99,Low,71.56,"51,282",73.95
1209,12,Simalungun,2023,"4,372.50","1,035,920",236.92,Low,74.29,"52,239",73.02
1211,12,Karo,2023,"2,127.25","420,799",197.81,Low,75.98,"26,409",73.46
1212,12,Deli Serdang,2023,"2,498.00","2,018,164",807.91,Low,76.52,"139,098",73.12
1213,12,Langkat,2023,"6,273.29","1,066,711",170.04,Low,72.21,"56,191",71.43
1214,12,Nias Selatan,2023,"2,487.99","382,539",153.75,Low,64.12,"8,575",73.4
1215,12,Humbang Hasundutan,2023,"2,297.20","204,700",89.11,Low,70.75,"7,655",74.3
1216,12,Pakpak Bharat,2023,"1,218.00","55,172",45.3,Low,69.58,"1,560",73.69
1217,12,Samosir,2023,"1,444.25","141,333",97.86,Low,72.08,"5,656",73.63
1219,12,Batu Bara,2023,904.96,"430,533",475.75,Low,70.31,"43,775",73.35
1220,12,Padang Lawas Utara,2023,"3,945.56","275,448",69.81,Low,71.63,"15,822",72.59
1221,12,Padang Lawas,2023,"3,892.74","275,648",70.81,Low,70.34,"16,127",71.51
1222,12,Labuhan Batu Selatan,2023,"3,596.00","330,797",91.99,Low,72.82,"37,584",73.29
1223,12,Labuhan Batu Utara,2023,"3,545.80","401,863",113.33,Low,73.63,"33,271",73.57
1224,12,Nias Utara,2023,"1,242.00","155,873",125.5,Low,64.64,"4,478",72.66
1271,12,City of Sibolga,2023,10.77,"91,265",8474.0,Medium,75.2,"6,821",73.62
1273,12,City of Pematang Siantar,2023,79.97,"274,838",3436.76,Medium,80.46,"16,228",72.76
1274,12,City of Tebing Tinggi,2023,38.96,"178,914",4592.25,Medium,76.98,"7,428",73.59
1275,12,City of Medan,2023,265.10,"2,474,166",9332.95,Medium,82.19,"303,312",73.55
1276,12,City of Binjai,2023,90.45,"303,272",3352.92,Medium,77.6,"14,460",73.26
1277,12,City of Padangsidimpuan,2023,159.30,"236,217",1482.84,Low,76.44,"7,929",73.44
1278,12,City of Gunungsitoli,2023,469.40,"142,890",304.41,Low,70.68,"6,924",72.73
1301,13,Kepulauan Mentawai,2023,"6,033.76","90,406",14.98,Low,63.13,"5,915",73.35
1302,13,Pesisir Selatan,2023,"1,938.79","523,402",269.96,Low,71.44,"18,026",73.87
1303,13,Solok,2023,"3,738.00","401,371",107.38,Low,70.63,"17,316",74.01
1305,13,Tanah Datar,2023,"1,336.00","378,797",283.53,Low,73.98,"16,460",72.4
1307,13,Agam,2023,"2,232.40","547,578",245.29,Low,73.98,"26,163",71.24
1308,13,Lima Puluh Kota,2023,"3,354.00","391,054",116.59,Low,70.7,"19,604",72.72
1309,13,Pasaman,2023,"3,947.63","311,744",78.97,Low,68.13,"11,360",72.53
1311,13,Dharmasraya,2023,"2,961.00","238,211",80.45,Low,73.04,"13,346",71.91
1312,13,Pasaman Barat,2023,"3,887.77","448,639",115.4,Low,70.19,"19,545",72.12
1371,13,City of Padang,2023,694.96,"924,687",1330.56,Low,83.58,"79,705",75.02
1372,13,City of Solok,2023,58.72,"77,240",1315.4,Low,79.58,"5,262",71.58
1373,13,City of Sawah Lunto,2023,273.45,"67,131",245.5,Low,74.42,"4,825",70.57
1374,13,City of Padang Panjang,2023,23.00,"58,729",2553.43,Medium,79.26,"4,474",71.17
1375,13,City of Bukittinggi,2023,25.24,"123,013",4873.73,Medium,81.78,"11,132",69.31
1376,13,City of Payakumbuh,2023,80.43,"145,468",1808.63,Low,79.97,"8,982",72.98
1377,13,City of Pariaman,2023,64.97,"98,143",1510.59,Low,78.13,"6,435",74.35
1402,14,Indragiri Hulu,2023,"8,198.71","475,002",57.94,Low,71.04,"56,482",73.67
1403,14,Indragiri Hilir,2023,"12,614.78","663,248",52.58,Low,67.98,"87,546",74.41
1404,14,Pelalawan,2023,"12,614.78","422,907",33.52,Low,73.59,"70,522",75.04
1405,14,Siak,2023,"8,556.09","488,497",57.09,Low,74.98,"109,923",74.45
1406,14,Kampar,2023,"11,289.28","898,840",79.62,Low,74.24,"106,929",73.97
1408,14,Bengkalis,2023,514.00,"592,390",1152.51,Low,74.97,"168,636",74.31
1409,14,Rokan Hilir,2023,"8,881.59","669,996",75.44,Low,70.78,"94,740",73.31
1410,14,Kepulauan Meranti,2023,"3,708.00","217,607",58.69,Low,67.28,"25,609",73.75
1471,14,City of Pekanbaru,2023,632.30,"1,020,308",1613.65,Low,82.38,"159,961",74.62
1473,14,City of Dumai,2023,"1,727.00","340,310",197.05,Low,75.66,"49,034",73.67
1501,15,Kerinci,2023,"3,807.00","255,100",67.01,Low,72.54,"13,405",78.91
1502,15,Merangin,2023,"7,679.00","368,400",47.97,Low,70.81,"22,525",79.63
1503,15,Sarolangun,2023,"6,174.00","302,200",48.95,Low,71.29,"21,509",80.8
1504,15,Batang Hari,2023,"5,804.83","312,700",53.87,Low,71.02,"25,449",78.49
1505,15,Muaro Jambi,2023,"5,246.00","418,800",79.83,Low,71.04,"35,885",77.53
1506,15,Tanjung Jabung Timur,2023,"5,426.00","236,700",43.62,Low,66.65,"25,073",80.16
1508,15,Tebo,2023,"6,461.00","350,800",54.3,Low,70.63,"21,183",79.89
1509,15,Bungo,2023,"4,659.00","376,400",80.79,Low,71.06,"26,235",78.65
1571,15,City of Jambi,2023,205.38,"627,800",3056.77,Medium,80.15,"40,581",79.69
1572,15,City of Sungai Penuh,2023,391.50,"99,800",254.92,Low,76.65,"9,475",79.36
1601,16,Ogan Komering Ulu,2023,"4,797.00","379,130",79.03,Low,71.01,"19,019",73.66
1602,16,Ogan Komering Ilir,2023,"19,023.47","797,429",41.92,Low,68.65,"37,395",70.83
1603,16,Muara Enim,2023,"6,763.91","633,779",93.7,Low,70.24,"118,518",75.28
1604,16,Lahat,2023,"4,344.87","444,949",102.41,Low,69.1,"29,289",72.32
1605,16,Musi Rawas,2023,"6,357.09","407,694",64.13,Low,68.26,"23,527",73.61
1606,16,Musi Banyuasin,2023,"14,265.96","644,386",45.17,Low,69.17,"85,771",74.44
1607,16,Banyu Asin,2023,"11,875.00","874,210",73.62,Low,68.65,"37,440",72.25
1608,16,Ogan Komering Ulu Selatan,2023,"5,493.94","424,190",77.21,Low,66.67,"11,090",71.83
1609,16,Ogan Komering Ulu Timur,2023,"4,369.25","668,035",152.89,Low,70.96,"19,465",74.7
1611,16,Empat Lawang,2023,"2,256.00","342,178",151.67,Low,66.68,"6,303",72.06
1612,16,Penukal Abab Lematang Ilir,2023,"1,840.00","202,681",110.15,Low,66.64,"8,719",74.62
1613,16,Musi Rawas Utara,2023,"6,008.55","195,962",32.61,Low,66.6,"9,067",75.24
1671,16,City of Palembang,2023,352.52,"1,706,371",4840.49,Medium,80.02,"194,570",75.88
1673,16,City of Pagar Alam,2023,633.66,"147,836",233.3,Low,70.45,"3,491",73.7
1674,16,City of Lubuklinggau,2023,401.50,"242,976",605.17,Low,76.19,"8,234",73.53
1702,17,Rejang Lebong,2023,"1,515.76","283,689",187.16,Low,72.31,"11,899",73.13
1703,17,Bengkulu Utara,2023,"4,424.60","306,201",69.2,Low,70.28,"12,491",71.95
1705,17,Seluma,2023,"4,128.00","216,977",52.56,Low,68.27,"5,769",72.51
1708,17,Kepahiang,2023,665.00,"156,330",235.08,Low,69.6,"5,616",73.02
1771,17,City of Bengkulu,2023,151.70,"391,045",2577.75,Medium,81.45,"30,811",72.66
1801,18,Lampung Barat,2023,"3,368.14","303,931",90.24,Low,69.11,"9,018",74.3
1803,18,Lampung Selatan,2023,"2,219.46","1,090,174",491.19,Low,69.63,"55,759",72.49
1804,18,Lampung Timur,2023,"5,325.03","1,137,434",213.6,Low,71.21,"52,874",71.63
1805,18,Lampung Tengah,2023,"4,559.56","1,522,426",333.9,Low,71.6,"90,078",71.99
1806,18,Lampung Utara,2023,"2,529.54","635,903",251.39,Low,68.95,"29,261",71.5
1808,18,Tulangbawang,2023,"4,386.00","431,623",98.41,Low,70.02,"28,197",72.9
1809,18,Pesawaran,2023,"1,173.77","492,474",419.57,Low,67.67,"20,217",72.65
1810,18,Pringsewu,2023,617.19,"409,858",664.07,Low,71.61,"14,010",71.37
1811,18,Mesuji,2023,"2,184.00","235,546",107.85,Low,65.64,"12,949",71.0
1812,18,Tulang Bawang Barat,2023,"1,201.15","291,437",242.63,Low,67.81,"14,390",71.83
1813,18,Pesisir Barat,2023,"2,953.00","165,937",56.19,Low,66.0,"5,735",70.63
1871,18,City of Bandar Lampung,2023,197.22,"1,234,988",6261.98,Medium,78.56,"74,104",73.31
1872,18,City of Metro,2023,73.21,"172,505",2356.3,Medium,78.36,"7,865",72.86
1902,19,Belitung,2023,"2,293.69","189,225",82.5,Low,74.02,"13,510",76.69
1904,19,Bangka Tengah,2023,"2,279.11","203,733",89.39,Low,71.71,"11,427",77.52
1905,19,Bangka Selatan,2023,"3,607.08","206,972",57.38,Low,68.51,"11,372",76.33
1906,19,Belitung Timur,2023,"2,506.91","132,355",52.8,Low,72.86,"10,562",76.02
1971,19,City of Pangkal Pinang,2023,118.40,"236,267",1995.5,Low,79.93,"18,809",77.86
2101,21,Karimun,2023,"1,524.00","267,762",175.7,Low,73.51,"17,017",74.25
2102,21,Bintan,2023,"1,946.13","175,873",90.37,Low,75.7,"25,084",76.24
2103,21,Natuna,2023,"1,978.29","83,668",42.29,Low,74.21,"23,520",76.28
2104,21,Lingga,2023,"2,117.72","101,917",48.13,Low,67.44,"5,250",73.58
2105,21,Kepulauan Anambas,2023,590.14,"50,140",84.96,Low,70.26,"19,241",76.45
2171,21,City of Batam,2023,"3,868.97","1,256,610",324.79,Low,82.11,"216,098",77.7
3101,31,Kep. Seribu,2023,10.73,"28,523",2658.25,Medium,73.39,"8,214",77.89
3171,31,City of Jakarta Selatan,2023,144.94,"2,235,606",15424.35,High,86.07,"792,615",80.53
3172,31,City of Jakarta Timur,2023,185.54,"3,079,618",16598.14,High,84.13,"592,230",78.18
3173,31,City of Jakarta Pusat,2023,47.56,"1,049,314",22062.95,High,82.53,"860,049",79.06
3175,31,City of Jakarta Utara,2023,147.21,"1,808,985",12288.47,High,81.11,"631,393",78.02
3202,32,Sukabumi,2023,"4,145.70","2,851,890",687.92,Low,68.49,"82,317",79.16
3203,32,Cianjur,2023,"3,614.35","2,578,790",713.49,Low,66.55,"58,391",76.67
3204,32,Bandung,2023,"1,762.00","3,770,991",2140.18,Medium,73.74,"153,951",80.49
3205,32,Garut,2023,"3,065.19","2,649,198",864.29,Low,68.11,"72,229",78.14
3207,32,Ciamis,2023,"1,425.00","1,257,583",882.51,Low,72.05,"39,841",81.54
3208,32,Kuningan,2023,"1,194.00","1,211,553",1014.7,Low,70.72,"32,545",81.06
3209,32,Cirebon,2023,"1,076.76","2,339,555",2172.77,Medium,70.95,"61,310",79.57
3210,32,Majalengka,2023,"1,204.24","1,351,828",1122.56,Low,69.13,"41,713",79.63
3211,32,Sumedang,2023,"1,558.72","1,174,485",753.49,Low,73.18,"43,327",79.56
3212,32,Indramayu,2023,"2,099.42","1,892,043",901.22,Low,69.25,"103,560",79.65
3213,32,Subang,2023,"1,893.95","1,639,931",865.88,Low,70.7,"49,692",78.94
3214,32,Purwakarta,2023,825.74,"1,045,704",1266.38,Low,72.09,"82,129",78.67
3215,32,Karawang,2023,"1,652.20","2,541,841",1538.46,Low,72.35,"290,916",80.19
3216,32,Bekasi,2023,"1,224.88","3,271,838",2671.15,Medium,75.76,"393,823",78.57
3217,32,Bandung Barat,2023,"1,287.41","1,879,840",1460.17,Low,69.61,"56,945",79.08
3218,32,Pangandaran,2023,"1,010.00","437,094",432.77,Low,69.38,"14,256",80.15
3271,32,City of Bogor,2023,111.39,"1,074,522",9646.49,Medium,77.85,"57,004",79.58
3272,32,City of Sukabumi,2023,48.20,"362,018",7510.75,Medium,76.32,"15,350",79.59
3273,32,City of Bandung,2023,167.31,"2,469,589",14760.56,High,83.04,"351,284",80.0
3274,32,City of Cirebon,2023,37.36,"345,578",9249.95,Medium,76.46,"28,773",80.66
3276,32,City of Depok,2023,200.29,"2,160,905",10788.88,High,82.38,"87,569",81.42
3277,32,City of Cimahi,2023,42.73,"578,718",13543.6,High,79.46,"40,499",79.9
3278,32,City of Tasikmalaya,2023,183.80,"742,958",4042.21,Medium,74.47,"27,411",80.99
3279,32,City of Banjar,2023,132.00,"209,493",1587.07,Low,73.08,"5,247",80.72
3301,33,Cilacap,2023,"2,249.28","2,007,829",892.65,Low,71.83,"132,425",74.31
3303,33,Purbalingga,2023,777.64,"1,027,333",1321.09,Low,70.24,"31,225",76.04
3304,33,Banjarnegara,2023,"1,069.71","1,047,226",978.98,Low,69.14,"27,191",74.05
3305,33,Kebumen,2023,"1,281.11","1,397,555",1090.89,Low,71.37,"35,764",76.95
3306,33,Purworejo,2023,"1,034.84","788,265",761.73,Low,74.28,"23,188",76.03
3307,33,Wonosobo,2023,"1,011.62","909,664",899.22,Low,69.37,"23,330",74.27
3309,33,Boyolali,2023,"1,096.35","1,090,129",994.33,Low,75.41,"42,736",76.88
3310,33,Klaten,2023,701.52,"1,284,386",1830.86,Low,77.59,"51,274",73.91
3311,33,Sukoharjo,2023,466.66,"932,680",1998.63,Low,78.65,"46,521",75.29
3312,33,Wonogiri,2023,"1,941.28","1,051,085",541.44,Low,71.97,"36,943",76.44
3313,33,Karanganyar,2023,774.00,"955,116",1234.0,Low,77.31,"47,204",73.19
3316,33,Blora,2023,"1,820.59","901,621",495.24,Low,70.63,"31,753",75.76
3317,33,Rembang,2023,"1,014.08","660,166",651.0,Low,71.89,"24,130",74.94
3318,33,Pati,2023,"1,503.68","1,359,364",904.02,Low,73.59,"54,775",73.85
3319,33,Kudus,2023,425.20,"874,632",2056.99,Medium,76.71,"121,310",74.7
3321,33,Demak,2023,897.43,"1,240,510",1382.29,Low,74.07,"33,017",76.1
3322,33,Semarang,2023,950.21,"1,080,648",1137.27,Low,75.13,"61,284",74.57
3323,33,Temanggung,2023,870.65,"808,446",928.55,Low,71.33,"26,912",74.68
3324,33,Kendal,2023,"1,002.23","1,052,826",1050.48,Low,73.86,"54,360",75.1
3326,33,Pekalongan,2023,836.13,"1,007,384",1204.82,Low,71.4,"28,112",74.74
3328,33,Tegal,2023,876.10,"1,654,836",1888.87,Low,70.23,"44,440",76.4
3329,33,Brebes,2023,"1,769.62","2,043,077",1154.53,Low,67.95,"57,599",75.87
3371,33,City of Magelang,2023,18.12,"122,150",6741.17,Medium,81.17,"10,983",74.04
3372,33,City of Surakarta,2023,44.04,"526,870",11963.44,High,83.54,"60,486",75.34
3374,33,City of Semarang,2023,373.70,"1,694,743",4535.04,Medium,84.43,"248,903",75.07
3375,33,City of Pekalongan,2023,45.25,"317,524",7017.1,Medium,76.71,"13,744",76.23
3376,33,City of Tegal,2023,39.68,"282,781",7126.54,Medium,77.02,"19,162",75.98
3401,34,Kulon Progo,2023,586.30,"443,050",755.67,Low,75.79,"15,847",74.29
3402,34,Bantul,2023,506.85,"1,009,430",1991.58,Low,81.39,"34,012",73.02
3404,34,Sleman,2023,574.82,"1,157,290",2013.31,Medium,84.77,"59,432",75.77
3471,34,City of Yogyakarta,2023,32.50,"375,700",11560.0,High,88.28,"46,193",73.99
3501,35,Pacitan,2023,"1,390.00","596,649",429.24,Low,70.19,"19,491",73.54
3502,35,Ponorogo,2023,"1,371.78","972,582",708.99,Low,72.5,"25,248",75.24
3503,35,Trenggalek,2023,"1,261.40","744,358",590.1,Low,71.73,"22,740",74.7
3504,35,Tulungagung,2023,"1,055.65","1,113,973",1055.25,Low,74.61,"47,964",72.75
3506,35,Kediri,2023,"1,386.05","1,667,450",1203.02,Low,73.96,"50,638",72.26
3507,35,Malang,2023,"3,530.65","2,703,175",765.63,Low,72.16,"128,373",73.88
3509,35,Jember,2023,"3,306.69","2,584,771",781.68,Low,68.64,"95,290",71.93
3510,35,Banyuwangi,2023,"5,782.50","1,744,814",301.74,Low,72.61,"101,297",74.15
3511,35,Bondowoso,2023,"1,560.10","784,192",502.65,Low,67.99,"24,773",73.58
3512,35,Situbondo,2023,"1,638.50","694,081",423.61,Low,69.16,"25,225",74.34
3514,35,Pasuruan,2023,"1,474.02","1,626,029",1103.13,Low,70.29,"186,946",74.31
3517,35,Jombang,2023,"1,159.50","1,345,886",1160.75,Low,74.6,"49,984",74.26
3518,35,Nganjuk,2023,"1,224.33","1,124,247",918.25,Low,73.71,"33,647",72.65
3519,35,Madiun,2023,"1,010.86","765,135",756.91,Low,72.97,"23,833",74.43
3521,35,Ngawi,2023,"1,394.74","881,393",631.94,Low,72.47,"24,325",74.54
3522,35,Bojonegoro,2023,"2,307.06","1,322,474",573.23,Low,70.85,"97,522",73.48
3524,35,Lamongan,2023,"1,752.21","1,386,941",791.54,Low,74.53,"48,927",73.05
3525,35,Gresik,2023,"1,256.76","1,344,648",1069.93,Low,77.98,"176,071",73.86
3526,35,Bangkalan,2023,"1,260.15","1,101,556",874.15,Low,65.75,"27,740",74.07
3527,35,Sampang,2023,"1,233.00","992,210",804.71,Low,64.13,"24,087",73.01
3528,35,Pamekasan,2023,792.20,"862,009",1088.12,Low,67.96,"20,881",73.11
3529,35,Sumenep,2023,"2,093.47","1,143,295",546.12,Low,68.61,"42,848",72.95
3571,35,City of Kediri,2023,63.40,"290,836",4587.03,Medium,80.44,"159,750",74.13
3572,35,City of Blitar,2023,32.58,"153,541",4712.74,Medium,80.63,"8,515",75.99
3573,35,City of Malang,2023,110.06,"847,182",7697.46,Medium,83.39,"93,053",73.56
3574,35,City of Probolinggo,2023,56.67,"245,174",4326.57,Medium,75.43,"14,296",74.34
3575,35,City of Pasuruan,2023,39.00,"213,450",5473.08,Medium,77.17,"10,400",71.93
3576,35,City of Mojokerto,2023,20.21,"135,414",6700.35,Medium,80.07,"8,039",73.72
3577,35,City of Madiun,2023,33.23,"201,460",6062.59,Medium,82.71,"17,256",74.67
3578,35,City of Surabaya,2023,335.28,"2,893,698",8630.69,Medium,83.45,"715,295",73.43
3579,35,City of Batu,2023,199.09,"218,802",1099.01,Low,78.18,"20,524",74.51
3602,36,Lebak,2023,"3,305.07","1,433,700",433.79,Low,65.21,"35,571",69.19
3603,36,Tangerang,2023,959.61,"3,362,610",3504.14,Medium,73.43,"173,303",70.72
3604,36,Serang,2023,"1,734.28","1,682,130",969.93,Low,68.39,"95,080",71.19
3671,36,City of Tangerang,2023,164.55,"1,950,580",11854.03,High,79.46,"206,597",69.49
3672,36,City of Cilegon,2023,162.51,"450,510",2772.2,Medium,74.54,"129,532",71.22
3673,36,City of Serang,2023,266.74,"723,790",2713.47,Medium,73.48,"39,838",70.43
3674,36,City of Tangerang Selatan,2023,147.19,"1,391,650",9454.79,Medium,82.28,"104,388",72.16
5101,51,Jembrana,2023,841.80,"330,100",392.14,Low,74.04,"15,613",76.7
5102,51,Tabanan,2023,839.33,"470,900",561.04,Low,77.43,"25,531",78.22
5103,51,Badung,2023,420.10,"554,700",1320.4,Low,83.08,"68,398",78.69
5104,51,Gianyar,2023,368.00,"527,100",1432.34,Low,79.24,"30,529",77.6
5105,51,Klungkung,2023,315.00,"214,600",681.27,Low,73.11,"10,080",77.31
5106,51,Bangli,2023,520.81,"268,100",514.78,Low,70.79,"7,908",77.75
5107,51,Karangasem,2023,839.50,"513,800",612.03,Low,68.91,"18,975",79.76
5108,51,Buleleng,2023,"1,366.00","831,200",608.49,Low,73.97,"38,351",78.03
5171,51,City of Denpasar,2023,127.78,"734,200",5745.81,Medium,84.73,"60,100",81.01
5201,52,Lombok Barat,2023,"1,053.92","753,641",715.08,Low,70.15,"18,121",70.44
5203,52,Lombok Timur,2023,"2,679.88","1,391,382",519.2,Low,68.41,"24,578",72.29
5204,52,Sumbawa,2023,"6,643.98","529,487",79.69,Low,69.87,"17,510",71.13
5205,52,Dompu,2023,"2,324.55","247,188",106.34,Low,69.98,"8,511",69.67
5206,52,Bima,2023,"4,389.00","535,530",122.02,Low,68.28,"13,947",70.36
5207,52,Sumbawa Barat,2023,"1,849.02","152,948",82.72,Low,73.17,"29,642",72.44
5208,52,Lombok Utara,2023,809.53,"257,866",318.54,Low,66.62,"5,559",71.48
5271,52,City of Mataram,2023,61.30,"441,147",7196.53,Medium,80.09,"22,781",72.95
5301,53,Sumba Barat,2023,757.41,"152,414",201.23,Low,65.22,"2,786",70.87
5303,53,Kupang,2023,"5,136.51","376,837",73.36,Low,65.82,"9,158",68.74
5304,53,Timor Tengah Selatan,2023,"3,933.15","474,521",120.65,Low,63.58,"9,496",70.68
5305,53,Timor Tengah Utara,2023,"2,623.20","271,277",103.41,Low,65.16,"4,819",68.33
5307,53,Alor,2023,"2,928.56","221,536",75.65,Low,62.99,"3,636",71.21
5308,53,Lembata,2023,"1,268.11","141,391",111.5,Low,66.12,"2,138",70.81
5309,53,Flores Timur,2023,"1,748.52","288,310",164.89,Low,65.79,"6,062",68.15
5310,53,Sikka,2023,"1,671.65","335,360",200.62,Low,66.89,"6,195",71.66
5312,53,Ngada,2023,"1,735.64","171,736",98.95,Low,69.14,"4,114",70.72
5313,53,Manggarai,2023,"1,343.83","328,758",244.64,Low,66.42,"5,502",71.34
5314,53,Rote Ndao,2023,"1,286.45","150,521",117.0,Low,64.0,"3,747",70.51
5315,53,Manggarai Barat,2023,"3,129.00","270,917",86.58,Low,65.81,"4,255",71.03
5316,53,Sumba Tengah,2023,"1,789.66","90,521",50.58,Low,63.48,"1,398",68.82
5318,53,Nagekeo,2023,"1,396.16","166,063",118.94,Low,67.07,"2,670",70.83
5319,53,Manggarai Timur,2023,"2,389.53","290,790",121.69,Low,63.24,"3,938",70.43
5321,53,Malaka,2023,"1,109.16","190,994",172.2,Low,62.06,"3,422",71.7
5371,53,City of Kupang,2023,159.33,"466,632",2928.71,Medium,80.62,"28,478",69.3
6102,61,Bengkayang,2023,"5,396.30","298,979",55.4,Low,69.53,"11,146",72.86
6103,61,Landak,2023,"9,909.10","413,588",41.74,Low,68.14,"13,684",74.46
6104,61,Mempawah,2023,"2,797.88","312,785",111.79,Low,67.92,"10,714",72.52
6105,61,Sanggau,2023,"12,857.70","503,937",39.19,Low,67.77,"24,529",72.1
6106,61,Ketapang,2023,"31,588.00","592,521",18.76,Low,68.68,"35,249",74.69
6108,61,Kapuas Hulu,2023,"29,842.00","262,404",8.79,Low,67.67,"13,141",74.57
6109,61,Sekadau,2023,"5,444.20","219,724",40.36,Low,66.33,"8,506",72.55
6110,61,Melawi,2023,"10,640.80","239,502",22.51,Low,67.76,"6,644",74.72
6111,61,Kayong Utara,2023,"4,568.26","132,855",29.08,Low,64.79,"5,376",72.96
6112,61,Kubu Raya,2023,"6,985.20","639,250",91.51,Low,69.6,"38,324",74.34
6171,61,City of Pontianak,2023,107.80,"675,468",6265.94,Medium,81.03,"47,885",74.21
6172,61,City of Singkawang,2023,504.00,"246,112",488.32,Low,73.39,"12,899",73.35
6202,62,Kotawaringin Timur,2023,"16,796.00","443,359",26.4,Low,72.21,"34,942",76.32
6203,62,Kapuas,2023,"14,999.00","425,186",28.35,Low,70.75,"23,974",77.85
6204,62,Barito Selatan,2023,"8,830.00","134,698",15.25,Low,71.65,"8,481",77.55
6205,62,Barito Utara,2023,"8,300.00","160,605",19.35,Low,71.84,"14,178",78.14
6207,62,Lamandau,2023,"6,414.00","102,103",15.92,Low,71.81,"7,519",75.09
6208,62,Seruyan,2023,"16,404.00","171,304",10.44,Low,68.68,"11,450",77.44
6209,62,Katingan,2023,"20,382.53","169,355",8.31,Low,70.28,"10,756",78.39
6210,62,Pulang Pisau,2023,"8,997.00","138,199",15.36,Low,69.6,"6,995",77.59
6212,62,Barito Timur,2023,"3,834.00","117,312",30.6,Low,72.7,"10,905",75.19
6213,62,Murung Raya,2023,"23,700.16","116,621",4.92,Low,69.42,"12,449",78.6
6271,62,City of Palangka Raya,2023,"2,853.19","305,797",107.18,Low,81.68,"24,175",77.89
6301,63,Tanah Laut,2023,"3,631.35","364,117",100.27,Low,70.98,"20,166",76.08
6302,63,Kotabaru,2023,"9,442.46","329,641",34.91,Low,70.18,"34,946",73.79
6303,63,Banjar,2023,"4,668.50","580,100",124.26,Low,71.46,"22,635",74.6
6304,63,Barito Kuala,2023,"2,996.46","324,502",108.3,Low,68.11,"10,567",75.11
6305,63,Tapin,2023,"2,175.00","197,893",90.99,Low,72.0,"13,694",74.1
6306,63,Hulu Sungai Selatan,2023,"1,804.94","237,319",131.48,Low,70.5,"9,165",74.92
6307,63,Hulu Sungai Tengah,2023,"1,770.77","268,360",151.55,Low,70.13,"8,594",73.64
6309,63,Tabalong,2023,"3,556.00","262,631",73.86,Low,73.85,"31,015",73.57
6310,63,Tanah Bumbu,2023,"4,871.39","346,336",71.1,Low,72.31,"33,661",74.52
6311,63,Balangan,2023,"1,878.30","136,524",72.68,Low,70.49,"20,876",76.73
6371,63,City of Banjarmasin,2023,98.46,"678,243",6888.51,Medium,78.5,"42,049",76.1
6372,63,City of Banjar Baru,2023,305.20,"272,763",893.72,Low,80.11,"13,328",76.02
6401,64,Paser,2023,"11,603.94","290,162",25.01,Low,74.14,"59,217",75.33
6403,64,Kutai Kartanegara,2023,"27,263.10","801,642",29.4,Low,75.3,"204,876",76.8
6404,64,Kutai Timur,2023,"35,747.50","411,537",11.51,Low,74.98,"168,272",73.91
6405,64,Berau,2023,"34,127.17","240,105",7.04,Low,76.21,"51,280",75.8
6411,64,Mahakam Ulu,2023,"15,315.00","27,368",1.79,Low,69.59,"3,409",74.38
6471,64,City of Balikpapan,2023,509.75,"648,560",1272.31,Low,81.66,"143,169",76.83
6472,64,City of Samarinda,2023,716.96,"872,304",1216.67,Low,82.32,"89,289",75.65
6474,64,City of Bontang,2023,161.88,"187,852",1160.44,Low,81.56,"68,106",75.46
6503,65,Tana Tidung,2023,"3,504.00","27,470",7.84,Low,69.2,"9,021",75.84
6504,65,Nunukan,2023,"13,564.00","207,873",15.33,Low,67.7,"42,526",75.52
6571,65,City of Tarakan,2023,251.00,"251,085",1000.34,Low,77.53,"52,079",78.38
7102,71,Minahasa,2023,"1,141.64","345,973",303.05,Low,76.96,"22,128",77.64
7103,71,Kepulauan Sangihe,2023,731.98,"137,829",188.3,Low,72.22,"5,655",79.23
7104,71,Kepulauan Talaud,2023,"1,251.02","100,770",80.55,Low,71.14,"2,843",77.45
7106,71,Minahasa Utara,2023,"1,059.00","225,826",213.24,Low,75.31,"18,728",76.89
7107,71,Bolaang Mongondow Utara,2023,"1,856.00","87,301",47.04,Low,68.64,"3,263",77.26
7109,71,Minahasa Tenggara,2023,730.62,"119,637",163.75,Low,71.93,"6,720",80.01
7110,71,Bolaang Mongondow Selatan,2023,"3,497.46","73,046",20.89,Low,66.4,"2,726",77.16
7171,71,City of Manado,2023,162.35,"478,192",2945.44,Medium,80.14,"48,556",79.11
7173,71,City of Tomohon,2023,147.20,"101,958",692.65,Low,78.1,"5,448",77.54
7201,72,Banggai Kepulauan,2023,"2,488.79","126,040",50.64,Low,66.82,"4,926",77.56
7202,72,Banggai,2023,"9,672.70","373,600",38.62,Low,71.7,"38,048",75.55
7203,72,Morowali,2023,"5,472.00","170,450",31.15,Low,73.02,"158,046",78.77
7204,72,Poso,2023,"7,112.25","251,654",35.38,Low,72.48,"11,712",76.83
7205,72,Donggala,2023,"5,275.69","311,330",59.01,Low,66.95,"15,056",77.73
7206,72,Toli-Toli,2023,"4,079.77","236,110",57.87,Low,67.66,"10,369",78.84
7208,72,Parigi Moutong,2023,"5,883.97","454,510",77.25,Low,67.11,"21,652",77.95
7209,72,Tojo Una-Una,2023,"5,722.00","171,340",29.94,Low,66.39,"6,812",75.82
7210,72,Sigi,2023,"5,196.02","264,670",50.94,Low,69.93,"11,373",77.19
7212,72,Morowali Utara,2023,"18,362.39","148,274",8.07,Low,69.73,"26,434",77.69
7271,72,City of Palu,2023,356.35,"386,560",1084.78,Low,82.52,"30,787",78.05
7302,73,Bulukumba,2023,"1,175.53","450,325",383.08,Low,71.21,"18,871",74.77
7303,73,Bantaeng,2023,390.97,"203,141",519.58,Low,70.57,"12,754",75.57
7304,73,Jeneponto,2023,796.00,"414,482",520.71,Low,65.9,"12,152",70.59
7305,73,Takalar,2023,555.43,"312,811",563.19,Low,68.9,"12,868",74.84
7306,73,Gowa,2023,"1,813.00","801,108",441.87,Low,71.57,"28,453",76.67
7307,73,Sinjai,2023,865.24,"267,536",309.2,Low,68.92,"14,791",75.59
7308,73,Maros,2023,"1,442.95","407,923",282.7,Low,71.63,"26,389",74.42
7309,73,Pangkajene dan Kepulauan,2023,888.91,"355,613",400.06,Low,70.59,"32,667",75.97
7310,73,Barru,2023,"1,201.90","187,952",156.38,Low,72.36,"9,427",73.42
7311,73,Bone,2023,"4,567.36","823,079",180.21,Low,67.81,"46,935",74.58
7312,73,Soppeng,2023,"1,385.55","238,239",171.95,Low,70.58,"14,909",75.36
7313,73,Wajo,2023,"2,608.71","386,537",148.17,Low,71.1,"24,589",76.55
7314,73,Sidenreng Rappang,2023,"1,832.30","327,919",178.97,Low,72.71,"18,204",75.83
7315,73,Pinrang,2023,"1,896.58","419,338",221.1,Low,72.84,"25,146",74.21
7317,73,Luwu,2023,"2,902.07","379,295",130.7,Low,72.16,"21,756",76.99
7318,73,Tana Toraja,2023,"2,043.62","289,451",141.64,Low,70.73,"9,373",74.67
7322,73,Luwu Utara,2023,"7,422.42","333,781",44.97,Low,71.34,"17,841",74.09
7325,73,Luwu Timur,2023,"6,745.92","308,532",45.74,Low,74.35,"30,696",73.96
7372,73,City of Parepare,2023,89.67,"158,425",1766.76,Low,79.03,"9,312",74.84
7373,73,City of Palopo,2023,273.24,"192,763",705.47,Low,79.45,"10,500",73.15
7401,74,Buton,2023,"1,669.33","120,210",72.01,Low,68.12,"5,063",76.48
7402,74,Muna,2023,"1,858.10","224,690",120.92,Low,70.16,"8,814",75.45
7403,74,Konawe,2023,"5,351.85","269,520",50.36,Low,72.77,"18,295",75.28
7404,74,Kolaka,2023,"2,958.92","245,930",83.11,Low,74.72,"35,684",75.07
7405,74,Konawe Selatan,2023,"4,237.74","323,790",76.41,Low,70.32,"16,452",76.31
7407,74,Wakatobi,2023,450.46,"116,450",258.51,Low,71.43,"5,768",77.24
7408,74,Kolaka Utara,2023,"2,932.25","145,640",49.67,Low,71.04,"11,227",76.61
7409,74,Buton Utara,2023,"1,755.83","68,950",39.27,Low,69.7,"4,049",76.45
7410,74,Konawe Utara,2023,"4,219.81","72,250",17.12,Low,71.71,"5,260",75.2
7411,74,Kolaka Timur,2023,"3,992.53","125,770",31.5,Low,69.57,"5,625",76.49
7413,74,Muna Barat,2023,818.70,"89,290",109.06,Low,67.13,"3,387",76.88
7414,74,Buton Tengah,2023,836.96,"119,460",142.73,Low,65.83,"3,026",76.41
7415,74,Buton Selatan,2023,517.63,"99,580",192.38,Low,66.15,"3,593",75.03
7471,74,City of Kendari,2023,265.79,"364,220",1370.33,Low,84.85,"28,260",75.79
7501,75,Boalemo,2023,"1,830.87","151,610",82.81,Low,68.18,"6,587",77.25
7503,75,Pohuwato,2023,"4,370.36","157,660",36.07,Low,67.15,"8,111",78.49
7504,75,Bone Bolango,2023,"1,889.00","172,301",91.21,Low,71.51,"5,699",77.53
7505,75,Gorontalo Utara,2023,"1,703.63","128,970",75.7,Low,66.61,"4,145",76.1
7571,75,City of Gorontalo,2023,70.93,"204,440",2882.28,Medium,78.64,"10,536",78.36
7601,76,Majene,2023,947.84,"181,360",191.34,Low,68.62,"5,969",74.28
7603,76,Mamasa,2023,"3,005.88","165,310",55.0,Low,67.83,"3,474",77.44
7605,76,Mamuju Utara,2023,"2,903.18","204,216",70.34,Low,69.11,"14,386",75.21
7606,76,Mamuju Tengah,2023,"3,100.87","141,220",45.54,Low,67.45,"4,066",75.8
8101,81,Maluku Tenggara Barat,2023,"10,102.92","128,648",12.73,Low,64.16,"3,393",78.01
8103,81,Maluku Tengah,2023,"2,759.07","436,090",158.06,Low,72.45,"10,763",77.67
8104,81,Buru,2023,"7,594.98","140,462",18.49,Low,70.56,"2,977",79.89
8105,81,Kepulauan Aru,2023,"6,425.77","107,367",16.71,Low,65.01,"4,436",79.96
8106,81,Seram Bagian Barat,2023,"6,948.40","222,449",32.01,Low,67.56,"3,788",78.33
8108,81,Maluku Barat Daya,2023,"8,633.15","85,807",9.94,Low,63.93,"2,868",78.93
8109,81,Buru Selatan,2023,"5,577.48","79,455",14.25,Low,66.23,"1,766",78.15
8171,81,City of Ambon,2023,377.00,"358,826",951.79,Low,82.06,"18,531",79.18
8172,81,City of Tual,2023,352.66,"91,572",259.66,Low,69.43,"3,202",78.05
8203,82,Kepulauan Sula,2023,"3,304.32","105,095",31.81,Low,65.29,"3,045",78.93
8204,82,Halmahera Selatan,2023,"8,096.40","255,384",31.54,Low,65.83,"17,727",80.65
8206,82,Halmahera Timur,2023,"6,488.73","97,895",15.09,Low,68.82,"5,241",78.97
8208,82,Pulau Taliabu,2023,"2,985.75","63,897",21.4,Low,62.31,"1,937",79.33
8271,82,City of Ternate,2023,162.20,"202,871",1250.75,Low,81.35,"13,675",81.81
8272,82,City of Tidore Kepulauan,2023,"1,703.32","116,623",68.47,Low,72.4,"3,511",79.5
9101,91,Fakfak,2023,"14,320.00","90,286",6.3,Low,69.72,"5,811",76.02
9102,91,Kaimana,2023,"18,500.00","65,530",3.54,Low,66.72,"2,914",75.75
9103,91,Teluk Wondama,2023,"14,953.80","45,324",3.03,Low,61.67,"1,753",74.31
9105,91,Manokwari,2023,"14,250.94","201,730",14.16,Low,73.21,"10,789",72.68
9107,91,Sorong,2023,"13,075.28","125,217",9.58,Low,67.49,"12,028",73.44
9109,91,Tambrauw,2023,"11,529.18","32,892",2.85,Low,55.55,273,73.61
9110,91,Maybrat,2023,"5,461.69","45,064",8.25,Low,61.29,812,73.65
9111,91,Manokwari Selatan,2023,"2,812.44","37,674",13.4,Low,61.55,927,72.87
9112,91,Pegunungan Arfak,2023,"2,773.74","40,117",14.46,Low,57.82,320,76.17
9171,91,City of Sorong,2023,"1,105.00","283,366",256.44,Low,79.65,"16,829",74.58
9401,94,Merauke,2023,"46,791.63","240,609",5.14,Low,72.19,"18,951",69.85
9402,94,Jayawijaya,2023,"7,030.66","273,819",38.95,Low,60.5,"10,155",70.43
9403,94,Jayapura,2023,"17,514.00","201,004",11.48,Low,73.5,"19,122",69.59
9404,94,Nabire,2023,"3,922.02","174,427",44.47,Low,70.84,"13,562",71.86
9410,94,Paniai,2023,"6,526.25","123,360",18.9,Low,57.91,"5,014",69.59
9411,94,Puncak Jaya,2023,"6,477.65","219,497",33.89,Low,50.81,"1,509",70.45
9413,94,Boven Digoel,2023,"27,108.29","67,167",2.48,Low,63.46,"5,341",71.76
9415,94,Asmat,2023,"23,746.00","109,862",4.63,Low,53.19,"3,145",70.8
9416,94,Yahukimo,2023,"17,512.00","355,315",20.29,Low,51.19,"2,900",70.22
9417,94,Pegunungan Bintang,2023,"15,683.00","113,347",7.23,Low,48.18,"2,369",70.31
9418,94,Tolikara,2023,"14,263.00","251,413",17.63,Low,51.48,"2,008",69.99
9419,94,Sarmi,2023,"18,034.00","42,321",2.35,Low,65.8,"3,558",68.86
9426,94,Waropen,2023,"22,004.87","37,285",1.69,Low,66.46,"2,304",70.0
9428,94,Mamberamo Raya,2023,"23,813.91","39,083",1.64,Low,54.08,"2,143",70.36
9429,94,Nduga,2023,"12,941.00","111,063",8.58,Low,35.19,"1,512",70.3
9430,94,Lanny Jaya,2023,"2,248.00","202,988",90.3,Low,50.56,"2,325",69.07
9431,94,Mamberamo Tengah,2023,"3,743.64","49,131",13.12,Low,50.22,"1,408",71.41
9432,94,Yalimo,2023,"4,330.29","104,416",24.11,Low,50.87,"1,559",71.1
9435,94,Intan Jaya,2023,"3,922.02","136,756",34.87,Low,50.19,"1,405",71.29
9471,94,City of Jayapura,2023,940.00,"403,859",429.64,Low,81.14,"37,797",72.31
