id_kab,id_prov,year,total_area (km2),population,densities,traffic_density,green_open_space,hdi,gross_regional_domestic_product,total_landfills,solid_waste_generated,happiness_score
1101,11,2022,1838.09,94876.0,51.62,0,0.12,67.27,2688.0,1,1628.09,72.37
1103,11,2022,4173.82,237376.0,56.87,0,6.202,67.87,6447.0,1,3521.77,72.54
1104,11,2022,4242.04,228308.0,53.82,0,6.126000000000001,70.32,5829.0,1,3333.3,72.38
1106,11,2022,4527.53,222673.0,49.18,0,1.11,73.95,8873.0,1,4355.338000000001,71.38
1107,11,2022,2927.95,202858.0,69.28,0,0.01,72.34,12730.0,1,3702.16,72.36
1108,11,2022,2903.5,414490.0,142.76,0,51.492,74.0,15457.0,1,4809.002,72.91
1110,11,2022,1798.0,443874.0,246.87,0,0.0,73.16,15470.0,1,4809.002,73.03
1111,11,2022,3296.86,614640.0,186.43,0,0.05,70.22,28310.0,1,4809.002,70.79
1112,11,2022,1882.05,155046.0,82.38,0,0.71,67.41,4546.0,1,2834.81,71.79
1113,11,2022,4668.5,103131.0,18.58,0,79.65,68.25,3077.0,1,1498.6,71.92
1114,11,2022,1957.02,301492.0,154.06,0,0.04,70.43,10433.0,1,4406.28,72.63
1115,11,2022,3544.9,173393.0,48.91,0,46.377,70.1,10635.0,1,2531.54,76.15
1116,11,2022,3727.0,96028.0,25.77,0,0.82,70.36,3122.0,2,1723.13,72.21
1117,11,2022,1941.6,168690.0,86.88,0,0.0,73.9,5476.0,1,2408.47,74.78
1171,11,2022,59.02,257635.0,1047.07,1,8.43,81.16,21561.0,2,4809.002,73.76
1172,11,2022,122.13,43208.0,353.79,0,110.558,76.85,1643.0,1,630.84,70.92
1173,11,2022,239.83,192630.0,803.19,0,75.13,77.82,6263.0,1,3447.02,72.96
1174,11,2022,181.0,191396.0,1047.07,0,9.291,78.04,10278.0,1,4008.457,70.69
1201,12,2022,853.44,149249.0,174.88,0,5.468999999999999,65.64,4536.0,1,2127.24,71.09
1202,12,2022,4668.5,484874.0,73.24,0,110.558,68.05,16404.0,2,4809.002,71.33
1204,12,2022,2194.98,374734.0,170.72,0,0.0,70.31,11635.0,1,4809.002,71.12
1206,12,2022,2022.0,212133.0,104.91,0,110.558,75.96,8944.0,2,3505.9,71.35
1207,12,2022,2561.38,508024.0,198.34,0,110.558,72.92,41809.0,1,4809.002,71.09
1209,12,2022,4372.5,1021615.0,233.65,0,110.558,73.77,43920.0,1,4809.002,69.83
1210,12,2022,1927.8,315460.0,163.64,0,106.31,72.56,10717.0,1,3894.424,70.68
1214,12,2022,2487.99,373674.0,150.19,0,61.729000000000006,65.64,8015.0,1,4809.002,71.01
1215,12,2022,2297.2,202299.0,88.06,0,3.114,70.32,6919.0,1,2165.37,70.04
1217,12,2022,1444.25,139337.0,96.48,0,110.558,71.67,5166.0,1,2013.909,70.82
1218,12,2022,1900.22,667998.0,351.54,0,88.64399999999999,71.21,33518.0,1,4809.002,70.89
1219,12,2022,904.96,416367.0,460.09,0,0.979,69.51,40867.0,1,4809.002,71.03
1220,12,2022,3945.56,267275.0,67.74,0,3.043,70.93,14375.0,1,4809.002,71.24
1223,12,2022,3545.8,390954.0,110.26,0,110.558,72.77,30282.0,1,4809.002,71.18
1225,12,2022,520.34,91346.0,175.55,0,67.071,65.64,2173.0,1,1457.876,70.88
1271,12,2022,23.0,90366.0,1047.07,1,0.01,74.74,6340.0,1,1510.917,70.96
1272,12,2022,60.52,179748.0,1047.07,1,0.04,69.86,10466.0,1,3415.652,71.13
1274,12,2022,38.96,177785.0,1047.07,1,4.76,76.17,6931.0,1,4548.82,70.9
1277,12,2022,159.3,231062.0,1047.07,0,2.023,76.05,7385.0,1,4809.002,71.19
1278,12,2022,469.4,137583.0,293.1,0,2.253,70.23,6477.0,1,2499.728,70.94
1301,13,2022,4668.5,89401.0,14.82,0,110.558,65.64,5446.0,1,1324.679,71.07
1302,13,2022,1938.79,516518.0,266.41,0,110.558,70.84,16606.0,1,4809.002,71.26
1303,13,2022,3738.0,397829.0,106.43,0,0.39,70.02,15781.0,1,4809.002,71.24
1304,13,2022,3130.8,240317.0,76.76,0,0.04,68.69,10669.0,1,3551.39,69.86
1305,13,2022,1336.0,376276.0,281.64,0,0.12,73.29,15059.0,1,4705.73,72.1
1306,13,2022,1343.09,436129.0,324.72,0,0.0,71.63,22193.0,1,4809.002,71.05
1308,13,2022,3354.0,388375.0,115.79,0,0.23,70.28,17901.0,1,4809.002,71.14
1309,13,2022,3947.63,307425.0,77.88,0,7.98,67.41,10391.0,1,4425.3,70.82
1311,13,2022,2961.0,234713.0,79.27,0,0.02,72.3,12233.0,1,3783.11,70.99
1312,13,2022,3887.77,442479.0,113.81,0,0.11,69.57,17876.0,1,4809.002,70.84
1371,13,2022,694.96,919145.0,1047.07,0,110.558,81.16,43920.0,1,4809.002,71.36
1373,13,2022,273.5,66413.0,242.83,0,0.34,73.73,4390.0,1,688.26,70.85
1374,13,2022,23.0,57850.0,1047.07,1,1.34,78.78,4087.0,1,1786.51,71.23
1375,13,2022,25.24,122311.0,1047.07,1,1.29,81.16,10194.0,1,4570.75,71.25
1377,13,2022,73.36,96719.0,1047.07,0,0.54,77.65,5882.0,1,1396.34,71.28
1401,14,2022,4668.5,345850.0,45.17,0,110.558,71.09,43920.0,1,4809.002,68.69
1402,14,2022,4668.5,464076.0,56.6,0,16.362,70.46,43920.0,1,4809.002,71.9
1406,14,2022,4668.5,878210.0,77.79,0,110.558,73.84,43920.0,3,4809.002,70.76
1407,14,2022,4668.5,582679.0,76.79,0,0.4,70.31,43920.0,2,4809.002,71.7
1410,14,2022,3708.0,213532.0,57.59,0,0.01,66.52,24896.0,1,4478.675,72.8
1471,14,2022,632.3,1007540.0,1047.07,0,68.06,81.16,43920.0,1,4809.002,71.42
1473,14,2022,1727.0,331832.0,192.14,0,0.26,75.26,43920.0,1,4809.002,72.44
1501,15,2022,3807.0,253900.0,66.69,0,14.409,71.99,12226.0,1,4277.908,76.11
1504,15,2022,4179.7,313200.0,74.93,0,0.12,70.51,24304.0,1,4809.002,75.15
1505,15,2022,4668.5,412800.0,78.69,0,1.6689999999999998,70.18,32958.0,1,4809.002,75.9
1506,15,2022,4668.5,234200.0,43.16,0,10.62,65.77,25606.0,1,4492.268000000001,77.35
1508,15,2022,4668.5,344800.0,53.37,0,86.35900000000001,69.78,19698.0,1,4809.002,76.25
1571,15,2022,175.53,619600.0,1047.07,1,24.23,79.58,36184.0,1,4809.002,78.98
1572,15,2022,391.5,99200.0,253.38,0,16.025,76.17,8679.0,1,1829.54,74.61
1602,16,2022,4668.5,776690.0,40.83,0,110.558,68.02,34239.0,3,4809.002,70.92
1603,16,2022,4668.5,624019.0,92.26,0,21.06,69.43,43920.0,1,4809.002,71.47
1604,16,2022,4344.87,441174.0,101.54,0,1.2739999999999996,68.4,27834.0,1,4809.002,72.43
1607,16,2022,4668.5,852576.0,71.8,0,110.558,67.93,34443.0,2,4809.002,75.27
1609,16,2022,4369.25,656857.0,150.34,0,0.11,70.23,17833.0,2,4809.002,71.69
1610,16,2022,2382.0,422907.0,177.54,0,110.558,67.96,13251.0,1,4809.002,70.74
1611,16,2022,2256.0,357673.0,158.54,0,6.534000000000002,66.0,5838.0,1,4809.002,75.74
1612,16,2022,1840.0,200368.0,108.9,0,4.44,65.75,8195.0,1,3731.63,73.4
1613,16,2022,4668.5,192369.0,32.02,0,8.895999999999999,65.74,8549.0,1,3500.2650000000003,72.52
1671,16,2022,352.5,1090174.0,1047.07,1,43.87,79.47,43920.0,1,4809.002,70.97
1672,16,2022,434.46,199047.0,458.15,0,4.74,75.52,9208.0,1,3591.82,72.37
1673,16,2022,633.66,147071.0,232.1,0,110.558,69.6,3256.0,1,2403.3609999999994,74.2
1674,16,2022,401.5,240238.0,598.35,0,27.579,75.53,7688.0,1,3933.434,71.99
1701,17,2022,1186.7,170093.0,143.33,0,110.558,71.42,6713.0,1,2635.048,68.28
1702,17,2022,1515.76,281281.0,185.57,0,110.558,71.45,10993.0,1,4809.002,70.1
1703,17,2022,4424.6,302833.0,68.44,0,4.38,69.77,12319.0,1,4809.002,69.74
1704,17,2022,2556.0,129661.0,50.73,0,68.81,67.77,4227.0,1,2168.2160000000003,69.52
1706,17,2022,4147.0,196571.0,47.4,0,110.558,69.12,6217.0,1,2789.9259999999995,68.35
1707,17,2022,1665.28,107248.0,64.4,0,110.558,68.12,3889.0,1,2940.98,71.05
1709,17,2022,1223.94,119814.0,97.89,0,110.558,68.47,6545.0,1,1915.776,70.73
1771,17,2022,151.7,384841.0,1047.07,1,0.61,80.99,28090.0,1,4809.002,68.5
1801,18,2022,3368.14,303397.0,90.08,0,0.25,68.39,8280.0,1,4511.963000000001,69.63
1802,18,2022,4654.96,652898.0,140.26,0,0.21,67.22,18096.0,1,4809.002,70.51
1803,18,2022,2219.46,1081115.0,487.11,0,2.442,69.0,43920.0,1,4809.002,73.57
1804,18,2022,4668.5,1090174.0,211.82,0,22.971,70.58,43920.0,1,4809.002,72.25
1805,18,2022,4546.0,1090174.0,329.97,0,0.01,70.8,43920.0,1,4809.002,73.65
1806,18,2022,2667.0,635129.0,238.14,0,77.756,68.33,27046.0,1,4809.002,72.04
1807,18,2022,3921.63,481036.0,122.66,0,110.558,68.04,16153.0,1,4809.002,70.68
1808,18,2022,4386.0,431208.0,98.31,0,110.558,69.53,25983.0,1,4809.002,68.28
1809,18,2022,1173.77,487153.0,415.03,0,15.49,66.7,18601.0,1,4809.002,73.51
1810,18,2022,625.0,408415.0,653.46,0,0.17,70.98,12842.0,1,4809.002,71.48
1811,18,2022,2184.0,232685.0,106.54,0,0.0,65.64,11953.0,1,3929.59,71.53
1812,18,2022,1201.15,289620.0,241.12,0,0.1,67.13,13233.0,1,4178.77,70.48
1813,18,2022,2953.0,164816.0,55.81,0,85.28900000000002,65.64,5345.0,1,2436.459,71.37
1871,18,2022,197.22,1090174.0,1047.07,1,6.01,78.01,43920.0,1,4809.002,72.95
1901,19,2022,3028.79,334344.0,110.39,0,9.95,72.95,17959.0,2,4809.002,72.79
1902,19,2022,2293.69,186331.0,81.24,0,41.92,73.38,12322.0,1,2686.46,73.67
1903,19,2022,2884.15,209413.0,72.61,0,67.29,70.12,16761.0,1,3593.902,74.58
1904,19,2022,2279.11,205510.0,90.17,0,110.558,71.4,10523.0,1,3006.11,73.49
1905,19,2022,3607.08,202263.0,56.07,0,100.74,67.95,10693.0,1,2996.69,74.32
1906,19,2022,2506.91,130463.0,52.04,0,46.97,72.29,9785.0,1,1858.52,75.91
1971,19,2022,118.4,226297.0,1047.07,0,15.325,79.24,17278.0,1,4809.002,74.08
2101,21,2022,1524.0,266177.0,174.66,0,11.17,72.65,15554.0,1,4809.002,74.29
2102,21,2022,1946.13,165781.0,85.18,0,0.19,74.99,22996.0,1,2040.99,75.82
2103,21,2022,2009.04,83102.0,41.36,0,0.32,73.47,24265.0,1,1247.51,74.18
2104,21,2022,2117.72,102853.0,48.57,0,18.568,66.57,4853.0,1,1037.66,73.38
2105,21,2022,590.14,49632.0,84.1,0,58.663,69.61,19909.0,1,618.873,75.48
2171,21,2022,3868.97,1090174.0,319.47,0,2.5,81.16,43920.0,1,4809.002,74.67
2172,21,2022,144.56,239854.0,1047.07,0,25.07,79.64,21792.0,1,4809.002,74.87
3101,31,2022,23.0,32617.0,1047.07,1,2.91,72.79,10126.0,1,653.11,72.98
3206,32,2022,2551.19,1090174.0,747.22,0,0.807,66.84,42660.0,1,4809.002,72.21
3208,32,2022,1110.56,1090174.0,1047.07,0,0.11,70.16,29520.0,1,4809.002,73.16
3210,32,2022,1204.24,1090174.0,1047.07,0,110.558,68.56,37777.0,1,4809.002,74.72
3211,32,2022,1518.33,1090174.0,768.63,0,0.14,72.69,40025.0,1,4809.002,74.65
3212,32,2022,2040.11,1090174.0,917.52,0,0.74,68.55,43920.0,2,4809.002,73.21
3213,32,2022,1893.95,1090174.0,857.67,0,1.926,69.87,43920.0,1,4809.002,74.3
3214,32,2022,825.74,1028569.0,1047.07,0,17.56,71.56,43920.0,1,4809.002,74.13
3271,32,2022,118.5,1063513.0,1047.07,1,2.38,77.17,43920.0,1,4809.002,74.7
3272,32,2022,48.25,356410.0,1047.07,1,4.25,75.4,14192.0,1,4809.002,73.52
3274,32,2022,37.36,341235.0,1047.07,1,1.7,75.89,26618.0,1,4809.002,75.91
3279,32,2022,113.49,206457.0,1047.07,0,36.26,72.55,4929.0,1,3126.78,75.36
3302,33,2022,1328.0,1090174.0,1047.07,0,110.558,73.17,43920.0,1,4809.002,72.08
3303,33,2022,777.64,1019840.0,1047.07,0,2.2960000000000003,69.54,28824.0,1,4809.002,73.66
3305,33,2022,1281.11,1090174.0,1047.07,0,110.558,70.79,32615.0,2,4809.002,72.34
3306,33,2022,1034.84,778257.0,752.06,0,0.33,73.6,21353.0,1,4809.002,71.99
3307,33,2022,984.68,896346.0,910.29,0,17.352,68.89,21587.0,1,4809.002,71.97
3308,33,2022,1085.73,1090174.0,1047.07,0,0.0,70.85,37432.0,1,4809.002,71.94
3309,33,2022,1096.35,1079952.0,985.04,0,0.3,74.97,38789.0,1,4809.002,70.75
3310,33,2022,655.56,1090174.0,1047.07,0,76.949,76.95,43920.0,1,4809.002,71.27
3311,33,2022,466.66,916627.0,1047.07,0,44.454,77.94,42781.0,1,4809.002,72.88
3312,33,2022,1941.28,1057087.0,544.53,0,110.558,71.04,33692.0,1,4809.002,73.48
3313,33,2022,774.0,947642.0,1047.07,0,0.59,76.58,43088.0,1,4809.002,73.44
3314,33,2022,941.55,992243.0,1047.07,0,110.558,74.65,43920.0,1,4809.002,70.99
3315,33,2022,2022.25,1090174.0,726.99,0,0.71,70.97,31807.0,1,4809.002,73.04
3316,33,2022,1820.95,888224.0,487.78,0,4.87,69.95,30960.0,2,4809.002,71.97
3317,33,2022,1014.08,650770.0,641.73,0,1.38,71.0,22107.0,1,4809.002,72.58
3318,33,2022,1503.68,1090174.0,890.86,0,110.558,73.14,43920.0,1,4809.002,72.71
3319,33,2022,425.2,856472.0,1047.07,1,6.3,75.89,43920.0,1,4809.002,69.66
3320,33,2022,1062.01,1090174.0,1047.07,0,110.558,73.15,35011.0,3,4809.002,70.35
3321,33,2022,897.43,1090174.0,1047.07,0,0.74,73.36,30252.0,1,4809.002,72.12
3322,33,2022,950.21,1068492.0,1047.07,0,0.0,74.67,43920.0,1,4809.002,72.04
3323,33,2022,870.65,799764.0,918.58,0,110.558,70.77,24726.0,1,4809.002,71.98
3324,33,2022,1002.23,1033367.0,1031.07,0,0.07,73.19,43920.0,1,4809.002,73.12
3325,33,2022,788.6,813791.0,1031.94,0,75.705,69.45,25444.0,1,4809.002,71.25
3326,33,2022,836.13,986455.0,1047.07,0,0.2,70.81,25962.0,1,4809.002,70.96
3327,33,2022,1115.0,1090174.0,1047.07,0,110.558,67.19,29915.0,1,4809.002,73.06
3328,33,2022,876.1,1090174.0,1047.07,0,0.16,69.53,40770.0,1,4809.002,70.55
3329,33,2022,1769.62,1090174.0,1047.07,0,1.78,67.03,43920.0,2,4809.002,72.65
3373,33,2022,56.78,195065.0,1047.07,1,28.789,81.16,15381.0,1,4166.83,73.36
3375,33,2022,45.25,309742.0,1047.07,1,2.8080000000000003,75.9,12591.0,1,4809.002,70.84
3376,33,2022,39.68,278299.0,1047.07,1,3.739,76.15,17680.0,1,4809.002,73.23
3401,34,2022,586.3,440680.0,751.63,0,0.79,75.46,14315.0,1,4809.002,73.34
3402,34,2022,506.85,1000800.0,1047.07,0,57.46199999999999,80.69,31183.0,1,4809.002,72.63
3403,34,2022,1485.36,749710.0,504.73,0,0.02,70.96,22749.0,1,4809.002,70.61
3404,34,2022,574.82,1090174.0,1047.07,0,83.99300000000001,81.16,43920.0,1,4809.002,71.2
3502,35,2022,1371.78,964253.0,702.92,0,0.12,71.87,23028.0,1,4809.002,74.97
3504,35,2022,1055.65,1090174.0,1047.07,0,23.523,74.06,43920.0,1,4809.002,72.17
3506,35,2022,1386.05,1090174.0,1047.07,0,0.01,73.46,43920.0,1,4809.002,71.83
3508,35,2022,1790.9,1090174.0,635.0,0,4.12,66.95,36664.0,1,4809.002,74.98
3510,35,2022,4668.5,1090174.0,299.48,0,17.142,71.94,43920.0,1,4809.002,72.37
3512,35,2022,1638.5,691260.0,421.89,0,5.45,68.25,23129.0,1,4809.002,73.29
3513,35,2022,1696.17,1090174.0,683.87,0,3.99,66.96,38933.0,1,4809.002,74.74
3514,35,2022,1474.02,1090174.0,1047.07,0,101.764,69.68,43920.0,1,4809.002,71.1
3516,35,2022,692.15,1090174.0,1047.07,0,2.74,74.89,43920.0,2,4809.002,73.97
3518,35,2022,1224.33,1090174.0,912.36,0,3.14,72.93,30820.0,3,4809.002,71.89
3520,35,2022,688.84,678343.0,984.76,0,17.94,74.85,21195.0,1,4809.002,73.33
3522,35,2022,2307.06,1090174.0,570.04,0,15.87,70.12,43920.0,2,4809.002,73.98
3524,35,2022,1752.21,1090174.0,782.73,0,0.11,74.02,43920.0,1,4809.002,73.48
3527,35,2022,1233.0,984162.0,798.18,0,1.9,65.64,23009.0,2,4809.002,75.63
3528,35,2022,792.2,857818.0,1047.07,0,39.32,66.99,19263.0,1,4809.002,73.02
3529,35,2022,2093.47,1090174.0,542.94,0,2.42,67.87,40255.0,1,4809.002,72.3
3571,35,2022,63.4,289418.0,1047.07,1,6.8,79.59,43920.0,1,4809.002,74.44
3572,35,2022,32.58,151960.0,1047.07,1,11.28,79.93,7834.0,1,2773.27,72.5
3573,35,2022,110.06,846126.0,1047.07,1,0.937,81.16,43920.0,1,4809.002,73.76
3575,35,2022,35.29,211497.0,1047.07,1,8.69,76.54,9453.0,1,4809.002,74.35
3576,35,2022,23.0,134350.0,1047.07,1,0.05,79.32,7637.0,1,2442.03,73.46
3577,35,2022,33.23,199192.0,1047.07,1,2.89,81.16,15819.0,1,4421.98,73.32
3579,35,2022,199.09,216735.0,1047.07,0,110.558,77.22,18588.0,1,4809.002,72.36
3601,36,2022,2746.0,1090174.0,473.0,0,35.09699999999999,65.84,32077.0,1,4809.002,68.32
3672,36,2022,162.51,445060.0,1047.07,1,95.9,73.95,43920.0,1,4809.002,68.28
3673,36,2022,266.74,712410.0,1047.07,1,110.558,72.98,36724.0,1,4809.002,68.28
5101,51,2022,841.8,327900.0,389.52,0,0.41,73.58,14532.0,1,4809.002,73.83
5102,51,2022,839.33,469300.0,559.14,0,53.11,76.75,23681.0,1,4809.002,74.88
5103,51,2022,418.5,549500.0,1047.07,0,110.558,81.16,43920.0,1,4809.002,75.02
5104,51,2022,368.0,524000.0,1047.07,0,0.77,78.39,27944.0,1,4809.002,74.97
5105,51,2022,315.0,214000.0,679.37,0,0.07,72.55,9210.0,3,3764.36,75.01
5106,51,2022,520.81,267100.0,512.85,0,2.36,70.26,7338.0,1,4083.61,75.27
5108,51,2022,1366.0,825100.0,604.03,0,1.41,73.45,35805.0,1,4809.002,75.12
5171,51,2022,127.78,726800.0,1047.07,1,1.38,81.16,43920.0,1,4809.002,76.14
5201,52,2022,1053.92,742074.0,704.11,0,110.558,69.41,16562.0,1,4809.002,68.28
5203,52,2022,2679.88,1090174.0,510.52,0,0.08,67.59,22600.0,1,4809.002,69.27
5204,52,2022,4668.5,522357.0,78.62,0,0.65,68.89,16108.0,2,4809.002,70.17
5205,52,2022,2324.55,243404.0,104.71,0,70.525,69.15,7826.0,1,3346.227,70.33
5206,52,2022,4389.0,527664.0,120.22,0,110.558,67.57,12734.0,1,4809.002,69.3
5207,52,2022,1742.27,150338.0,86.29,0,7.88,72.65,31512.0,1,2567.722,71.22
5208,52,2022,809.53,254145.0,313.94,0,27.747000000000003,65.7,5051.0,1,3744.61,70.25
5271,52,2022,61.3,437162.0,1047.07,1,83.237,79.59,21182.0,1,4809.002,68.28
5301,53,2022,757.41,149804.0,197.78,0,109.238,65.64,2583.0,1,2379.165,71.58
5303,53,2022,4668.5,373259.0,72.67,0,106.789,65.64,8483.0,1,4809.002,69.96
5304,53,2022,3933.15,467732.0,118.92,0,68.59900000000002,65.64,8810.0,1,4809.002,71.82
5306,53,2022,1127.25,226307.0,200.76,0,10.335,65.64,5036.0,1,3217.208,70.67
5307,53,2022,2928.56,218059.0,74.46,0,0.01,65.64,3363.0,1,3552.043,71.85
5308,53,2022,1268.11,139436.0,109.96,0,23.589,65.64,2017.0,1,2237.9770000000003,73.32
5309,53,2022,1748.52,284122.0,162.49,0,75.351,65.64,5643.0,1,3645.791,72.06
5310,53,2022,1671.65,330429.0,197.67,0,110.558,66.06,5703.0,1,3989.9810000000007,70.2
5311,53,2022,2085.24,275785.0,132.26,0,110.558,67.97,6793.0,1,3905.306000000001,70.88
5312,53,2022,1735.64,169383.0,97.59,0,41.973,68.26,3819.0,1,2655.5350000000003,71.51
5313,53,2022,1343.83,323054.0,240.4,0,110.558,65.83,5097.0,1,3194.707,70.22
5315,53,2022,3129.0,265613.0,84.89,0,0.08,65.64,3884.0,1,3097.24,70.27
5316,53,2022,1789.66,88706.0,49.57,0,0.32,65.64,1303.0,1,1179.181,73.3
5317,53,2022,1383.31,315427.0,228.02,0,27.288,65.64,4176.0,1,3223.1280000000006,72.74
5320,53,2022,460.96,91877.0,199.32,0,107.50299999999996,65.64,1546.0,1,1317.62,73.93
5321,53,2022,1109.16,188493.0,169.94,0,87.912,65.64,3144.0,1,2709.7609999999995,69.41
5371,53,2022,159.33,458253.0,1047.07,1,6.780000000000001,80.2,26200.0,1,4809.002,72.57
6104,61,2022,2797.88,308804.0,110.37,0,32.38,66.94,9956.0,1,3066.97,72.79
6107,61,2022,4668.5,432206.0,19.98,0,110.558,67.86,17330.0,1,4809.002,72.07
6108,61,2022,4668.5,258989.0,8.68,0,110.558,66.7,12187.0,1,4809.002,72.94
6109,61,2022,4668.5,216862.0,39.83,0,0.4369999999999999,65.64,7884.0,1,3898.7710000000006,73.48
6110,61,2022,4668.5,235669.0,22.15,0,0.27,66.81,6177.0,1,3847.129,74.36
6111,61,2022,4568.26,130592.0,28.59,0,0.456,65.64,4981.0,1,2323.916,72.38
6172,61,2022,504.0,242177.0,480.51,0,31.131,72.89,11922.0,1,3429.79,72.54
6204,62,2022,4668.5,133478.0,19.01,0,8.335,71.01,8132.0,1,2443.97,73.24
6205,62,2022,4668.5,158539.0,19.1,0,0.17,71.21,14298.0,1,2260.39,72.89
6206,62,2022,3827.0,65457.0,17.1,0,15.976000000000004,68.94,5460.0,1,894.1480000000001,72.54
6207,62,2022,4668.5,100509.0,15.67,0,0.56,71.11,7316.0,1,1454.255,74.66
6208,62,2022,4668.5,168262.0,10.26,0,0.03,68.24,10809.0,1,2999.94,74.63
6209,62,2022,4668.5,166820.0,8.18,0,0.178,69.74,9966.0,1,2753.9529999999995,73.24
6210,62,2022,4668.5,136869.0,15.21,0,0.08,69.01,6465.0,1,2469.88,73.21
6211,62,2022,4668.5,140125.0,12.97,0,0.0,71.4,8135.0,1,3705.84,75.6
6212,62,2022,3834.0,115860.0,30.22,0,0.01,72.07,10948.0,1,1679.83,72.17
6213,62,2022,4668.5,114831.0,4.85,0,0.79,68.63,12999.0,1,2033.98,72.85
6271,62,2022,2853.19,301417.0,105.64,0,110.558,81.16,21955.0,1,4809.002,73.58
6301,63,2022,3631.35,358090.0,98.61,0,2.14,70.35,19022.0,1,4809.002,72.2
6302,63,2022,4668.5,326631.0,34.59,0,3.0,69.74,33266.0,1,4809.002,73.94
6303,63,2022,4668.5,570347.0,122.17,0,0.25,70.72,21071.0,1,4809.002,72.89
6304,63,2022,2996.46,319708.0,106.7,0,39.25,67.37,9868.0,2,3517.98,75.01
6308,63,2022,915.05,233428.0,255.1,0,0.04,66.84,5671.0,1,3376.83,73.33
6309,63,2022,3556.0,258525.0,72.7,0,10.88,73.13,29172.0,1,3750.78,74.08
6310,63,2022,4668.5,341137.0,70.03,0,0.83,71.79,31610.0,3,4809.002,74.59
6311,63,2022,1878.3,133789.0,71.23,0,2.59,69.73,19848.0,1,2057.63,73.18
6372,63,2022,371.38,268292.0,722.42,0,65.17,79.68,11786.0,1,4809.002,72.67
6401,64,2022,4668.5,286952.0,24.73,0,51.3,73.44,43920.0,1,4330.1,74.6
6404,64,2022,4668.5,399453.0,11.17,0,30.293999999999997,74.35,43920.0,2,4809.002,73.4
6405,64,2022,4668.5,236325.0,6.92,0,20.19,75.74,43920.0,2,4809.002,72.74
6409,64,2022,3333.0,159073.0,47.73,0,110.558,72.55,13129.0,1,3503.4,73.31
6411,64,2022,4668.5,32617.0,2.32,0,110.558,68.75,3169.0,1,618.873,74.67
6472,64,2022,716.96,865911.0,1047.07,0,0.05,81.16,43920.0,2,4809.002,73.41
6501,65,2022,4668.5,84509.0,2.32,0,110.558,72.75,17587.0,1,1432.74,77.97
6503,65,2022,3504.0,32617.0,7.64,0,0.0,68.6,8626.0,1,618.873,76.67
6571,65,2022,251.0,248182.0,988.77,0,110.558,76.68,43920.0,1,4809.002,76.77
7101,71,2022,3269.3,252648.0,77.28,0,19.805,68.95,9777.0,1,4571.22,75.89
7102,71,2022,1128.45,350317.0,310.44,0,70.97,76.18,20369.0,2,4809.002,75.9
7103,71,2022,597.26,140165.0,234.68,0,0.01,71.63,5223.0,1,2039.39,75.17
7104,71,2022,1012.14,95545.0,94.4,0,0.19,70.43,2631.0,1,1505.0709999999997,76.2
7105,71,2022,1456.69,241680.0,165.91,0,0.01,72.89,10527.0,1,3452.36,74.16
7106,71,2022,995.55,229368.0,230.39,0,102.69,74.69,17226.0,1,4311.42,73.67
7109,71,2022,753.14,118023.0,156.71,0,0.063,71.48,6147.0,1,1684.1,74.89
7110,71,2022,1796.07,71481.0,39.8,0,73.14900000000002,65.9,2504.0,1,1055.35,75.56
7111,71,2022,859.97,92299.0,107.33,0,0.08,67.21,3533.0,1,1347.62,74.07
7171,71,2022,162.35,454606.0,1047.07,1,13.677000000000003,79.66,43920.0,1,4809.002,74.81
7172,71,2022,329.72,229795.0,696.94,0,0.0,74.7,20620.0,1,4809.002,75.54
7173,71,2022,169.06,101151.0,598.31,0,8.41,77.44,5034.0,1,1851.04,76.32
7174,71,2022,108.89,125405.0,1047.07,0,18.52,73.96,4413.0,1,3146.38,75.14
7201,72,2022,2385.07,123576.0,51.81,0,0.04,66.08,4569.0,1,2192.59,75.77
7203,72,2022,4486.89,176244.0,39.28,0,0.75,72.55,43920.0,1,3064.36,76.48
7204,72,2022,4668.5,252650.0,33.48,0,0.0,71.93,10891.0,1,4809.002,75.86
7205,72,2022,4668.5,305890.0,59.67,0,0.62,66.25,13781.0,1,4423.29,75.27
7206,72,2022,3700.37,228641.0,61.79,0,0.1,66.76,9697.0,1,3446.689,76.42
7207,72,2022,3723.58,148246.0,39.81,0,10.952,68.72,6713.0,1,2559.978,74.52
7208,72,2022,4668.5,446712.0,76.94,0,2.4,66.26,20061.0,1,4809.002,74.69
7210,72,2022,4668.5,266812.0,51.06,0,14.583000000000002,69.05,10600.0,1,4700.84,76.83
7211,72,2022,725.67,71345.0,98.32,0,49.813,66.22,2804.0,1,1354.99,74.71
7212,72,2022,4668.5,124006.0,14.19,0,110.558,68.97,21082.0,1,2230.88,75.4
7271,72,2022,395.06,381572.0,965.86,0,9.98,81.16,28445.0,1,4809.002,73.57
7301,73,2022,1160.36,139658.0,120.36,0,0.25,68.35,7480.0,1,2014.42,71.85
7302,73,2022,1175.53,445815.0,379.25,0,36.99,70.34,17233.0,1,4809.002,75.59
7303,73,2022,390.97,200843.0,513.7,0,0.48,69.69,12164.0,1,2956.24,72.45
7306,73,2022,1813.0,788159.0,434.73,0,48.143,70.99,25612.0,1,4809.002,72.58
7309,73,2022,888.91,352056.0,396.05,0,20.771,69.79,30482.0,1,4809.002,75.07
7310,73,2022,1201.9,186678.0,155.32,0,1.13,71.53,8878.0,1,2781.72,72.67
7311,73,2022,4567.36,816013.0,178.66,0,4.72,67.01,43641.0,1,4809.002,73.01
7312,73,2022,1385.55,237120.0,171.14,0,1.78,69.7,13742.0,1,3439.38,72.7
7314,73,2022,1832.3,325058.0,177.4,0,0.24,72.06,16699.0,1,4718.63,73.84
7315,73,2022,1896.58,413966.0,218.27,0,0.65,71.97,23765.0,1,4809.002,73.33
7316,73,2022,1806.85,231121.0,127.91,0,110.558,73.39,9025.0,1,4174.07,72.74
7317,73,2022,2902.07,374316.0,128.98,0,110.558,71.36,19981.0,1,4809.002,72.83
7318,73,2022,2043.62,286451.0,140.17,0,27.99900000000001,69.88,8757.0,1,4249.27,73.54
7322,73,2022,4668.5,329892.0,44.45,0,110.558,70.51,16051.0,1,4809.002,74.43
7326,73,2022,1289.13,268877.0,208.57,0,0.22,70.36,11311.0,1,4809.002,74.43
7371,73,2022,176.85,1090174.0,1047.07,1,110.558,81.16,43920.0,1,4809.002,73.25
7372,73,2022,89.67,155912.0,1047.07,0,20.91,78.54,8697.0,1,2838.9,73.37
7373,73,2022,273.24,189841.0,694.78,0,0.48,78.91,9768.0,1,3418.79,73.58
7402,74,2022,1858.1,221370.0,119.14,0,0.52,69.61,8261.0,1,3393.76,73.44
7403,74,2022,4668.5,264930.0,49.5,0,110.558,72.04,14270.0,1,4809.002,75.74
7405,74,2022,4237.74,318350.0,75.12,0,110.558,69.36,14537.0,1,4809.002,73.86
7406,74,2022,3293.97,155510.0,47.21,0,34.57500000000001,66.81,7780.0,1,2659.076,75.57
7407,74,2022,450.46,114620.0,254.45,0,0.16,70.85,5241.0,1,2945.56,74.96
7408,74,2022,2932.25,142770.0,48.69,0,0.04,70.39,10096.0,1,2034.06,75.88
7409,74,2022,1755.83,68090.0,38.78,0,0.1379999999999999,69.0,3802.0,1,841.3230000000001,73.75
7410,74,2022,4219.81,70680.0,16.75,0,0.22,71.1,4799.0,1,1061.004,72.81
7411,74,2022,3992.53,123980.0,31.05,0,0.1139999999999999,68.73,5274.0,1,2128.355,75.89
7412,74,2022,705.71,38310.0,54.29,0,0.214,66.69,1579.0,1,618.873,74.85
7413,74,2022,818.7,87590.0,106.99,0,0.231,66.21,3070.0,1,1203.0390000000002,74.17
7414,74,2022,836.96,117630.0,140.54,0,0.244,65.64,2794.0,1,1914.37,75.7
7415,74,2022,517.63,97950.0,189.23,0,0.244,65.64,3314.0,1,802.67,76.89
7472,74,2022,294.14,163720.0,556.61,0,0.27,76.67,10711.0,1,2992.33,74.41
7501,75,2022,1830.87,148526.0,81.12,0,0.47,67.27,6112.0,1,2289.062,77.43
7502,75,2022,2160.36,398801.0,184.6,0,0.99,68.28,14889.0,1,4809.002,76.51
7503,75,2022,4370.36,149297.0,34.16,0,0.94,66.53,7534.0,1,2156.26,74.25
7504,75,2022,1889.0,166200.0,87.98,0,0.22,70.9,5279.0,1,1819.89,75.67
7505,75,2022,1703.63,128563.0,75.46,0,0.58,66.01,3854.0,1,2120.732,73.22
7571,75,2022,70.93,201350.0,1047.07,1,0.04,78.22,9757.0,1,4809.002,72.8
7601,76,2022,947.84,177390.0,187.15,0,1.031,67.84,5537.0,1,2589.89,74.16
7602,76,2022,2074.76,490493.0,236.41,0,33.0,65.64,14843.0,1,4809.002,75.16
7603,76,2022,3005.88,166471.0,55.38,0,10.354,67.21,3288.0,1,2411.154,73.49
7604,76,2022,4668.5,285616.0,57.35,0,0.227,68.88,13378.0,1,4809.002,74.57
7605,76,2022,3043.75,198608.0,65.25,0,0.0,68.61,13185.0,1,3171.581,73.35
7606,76,2022,3014.37,140028.0,46.45,0,0.238,66.89,3814.0,1,2005.75,75.91
8101,81,2022,4668.5,124787.0,12.35,0,0.261,65.64,3153.0,1,2353.389,76.76
8102,81,2022,4668.5,124199.0,26.56,0,0.194,66.88,3785.0,1,2340.6490000000003,77.98
8103,81,2022,2759.07,427050.0,154.78,0,0.07,71.81,9986.0,1,4809.002,76.56
8106,81,2022,4668.5,217958.0,31.37,0,2.5939999999999994,66.67,3501.0,1,4083.272,76.8
8107,81,2022,3952.08,143438.0,36.29,0,1.008,65.64,3638.0,1,2639.032,76.86
8108,81,2022,4668.5,82560.0,9.56,0,0.04,65.64,2264.0,1,1002.26,75.92
8171,81,2022,377.0,348225.0,923.67,0,26.474999999999994,81.16,17175.0,1,4809.002,76.82
8172,81,2022,352.66,93145.0,264.12,0,0.099,68.6,2909.0,1,1331.0649999999996,76.61
8201,82,2022,2239.11,136282.0,60.86,0,0.259,66.2,2529.0,1,2380.583,76.92
8202,82,2022,2276.9,86379.0,37.94,0,3.594,66.49,21302.0,1,1026.7189999999998,75.79
8204,82,2022,4668.5,253331.0,31.29,0,3.853,65.64,14326.0,1,4759.935,76.54
8205,82,2022,3891.62,201196.0,51.7,0,0.0,68.38,6489.0,1,4809.002,77.13
8206,82,2022,4668.5,96395.0,14.86,0,0.146,67.93,4184.0,1,1400.949,75.51
8207,82,2022,2337.33,78304.0,33.5,0,0.133,65.64,1752.0,1,1014.897,76.15
8208,82,2022,2985.75,63231.0,21.18,0,0.129,65.64,1871.0,1,779.1429999999999,76.03
8271,82,2022,579.54,201916.0,348.41,0,0.03,80.81,12314.0,1,4569.447999999999,74.89
9101,91,2022,4668.5,89319.0,6.24,0,110.558,69.12,5591.0,1,1325.267,74.54
9102,91,2022,4668.5,65061.0,3.52,0,110.558,66.11,2741.0,1,929.04,76.5
9103,91,2022,4668.5,45030.0,3.01,0,110.558,65.64,1663.0,1,669.72,72.97
9104,91,2022,4668.5,80884.0,4.34,0,110.558,65.64,34935.0,1,1210.0210000000002,75.56
9105,91,2022,4668.5,200785.0,14.09,0,110.558,72.6,10282.0,1,4809.002,76.76
9107,91,2022,4668.5,124195.0,9.5,0,110.558,66.69,11572.0,1,1816.27,76.74
9109,91,2022,4668.5,32617.0,2.83,0,76.174,65.64,1303.0,1,657.6540000000001,77.59
9111,91,2022,2812.44,37423.0,13.31,0,68.319,65.64,1303.0,1,675.3230000000001,74.64
9171,91,2022,1105.0,282802.0,255.93,0,68.904,78.98,16174.0,1,4809.002,74.66
9402,94,2022,4668.5,273503.0,38.9,0,110.558,65.64,9166.0,1,4803.233,69.56
9403,94,2022,4668.5,200224.0,11.43,0,0.03,72.67,18279.0,1,3136.03,71.78
9409,94,2022,2602.0,146346.0,56.24,0,110.558,72.85,5865.0,1,2143.46,69.81
9410,94,2022,4668.5,122124.0,18.71,0,68.435,65.64,4705.0,1,2247.542,72.79
9412,94,2022,4668.5,312255.0,14.39,0,110.558,75.08,43920.0,1,4809.002,70.93
9413,94,2022,4668.5,65310.0,2.41,0,110.558,65.64,5078.0,1,951.82,69.96
9414,94,2022,4668.5,108232.0,4.54,0,110.558,65.64,3351.0,1,1930.732,71.14
9415,94,2022,4668.5,108912.0,4.59,0,110.558,65.64,2881.0,1,1657.45,71.44
9419,94,2022,4668.5,41821.0,2.32,0,110.558,65.64,3316.0,1,618.873,72.63
9426,94,2022,4668.5,36974.0,2.32,0,110.558,65.67,2311.0,1,618.873,68.28
9427,94,2022,634.24,32617.0,39.44,0,68.275,65.64,1303.0,1,629.0930000000001,71.78
9428,94,2022,4668.5,38735.0,2.32,0,110.558,65.64,1973.0,1,732.816,71.56
9434,94,2022,4237.4,115380.0,27.23,0,110.558,65.64,1445.0,1,1981.3869999999995,70.72
9471,94,2022,940.0,368578.0,392.1,0,6.93,80.61,35365.0,1,4809.002,70.69
1102,11,2023,1857.88,135435.0,72.9,0,104.39,70.14,3203.0,1,1909.49,75.53
1103,11,2023,4173.82,236933.0,56.77,0,4.798,68.44,7034.0,1,3532.35,76.31
1104,11,2023,4242.04,231331.0,54.53,0,2.2,71.05,6258.0,1,4166.62,73.98
1106,11,2023,4527.53,227168.0,50.17,0,0.96,74.6,9843.0,1,4377.469999999999,75.38
1107,11,2023,2927.95,204475.0,69.84,0,0.17,72.88,13572.0,1,3681.37,75.86
1108,11,2023,2903.5,435298.0,149.92,0,55.858,74.53,16978.0,2,4809.002,76.7
1109,11,2023,3184.46,444898.0,139.71,0,0.42,71.66,13490.0,1,4809.002,76.01
1110,11,2023,1781.34,458978.0,257.66,0,0.0,73.63,17028.0,1,4809.002,76.03
1111,11,2023,3296.86,627543.0,190.35,0,110.558,70.87,28472.0,1,4809.002,75.32
1113,11,2023,4668.5,104856.0,19.54,0,44.813,68.93,3336.0,1,1506.85,74.7
1114,11,2023,1957.02,308102.0,157.43,0,110.558,71.35,10729.0,1,4456.17,73.63
1116,11,2023,3727.0,99717.0,26.76,0,0.82,70.88,3374.0,2,1752.51,73.68
1117,11,2023,1145.0,175781.0,153.52,0,0.0,74.49,6016.0,1,2468.57,74.03
1118,11,2023,952.11,163591.0,171.82,0,10.0,74.8,4349.0,1,2446.498,74.24
1172,11,2023,122.13,43527.0,356.4,0,0.0,77.52,1747.0,1,630.84,72.7
1174,11,2023,181.06,196067.0,1047.07,0,0.05,78.92,11170.0,1,3621.616,75.08
1175,11,2023,1391.0,103044.0,74.08,0,0.2,67.1,2560.0,1,2083.11,76.17
1201,12,2023,853.44,153658.0,180.05,0,10.211,65.64,4858.0,1,2416.762999999999,73.43
1203,12,2023,4355.35,312540.0,71.76,0,110.558,71.55,18875.0,1,4809.002,72.28
1204,12,2023,2194.98,386895.0,176.26,0,108.058,70.91,12632.0,1,4809.002,72.74
1205,12,2023,3793.71,323102.0,85.17,0,5.671,74.65,10490.0,1,3718.887,73.96
1206,12,2023,2022.0,213850.0,105.76,0,93.041,76.38,9656.0,2,3506.72,74.15
1207,12,2023,2561.38,513826.0,200.61,0,110.558,73.69,43920.0,1,4809.002,75.47
1208,12,2023,3732.97,802563.0,214.99,0,0.68,71.56,43920.0,1,4809.002,73.95
1209,12,2023,4372.5,1035920.0,236.92,0,110.558,74.29,43920.0,1,4809.002,73.02
1211,12,2023,2127.25,420799.0,197.81,0,103.582,75.98,26409.0,1,4809.002,73.46
1212,12,2023,2498.0,1090174.0,807.91,0,110.558,76.52,43920.0,1,4809.002,73.12
1213,12,2023,4668.5,1066711.0,170.04,0,110.558,72.21,43920.0,3,4809.002,71.43
1214,12,2023,2487.99,382539.0,153.75,0,2.144,65.64,8575.0,1,4809.002,73.4
1215,12,2023,2297.2,204700.0,89.11,0,77.83,70.75,7655.0,1,3364.019000000001,74.3
1216,12,2023,1218.0,55172.0,45.3,0,68.93599999999999,69.58,1560.0,1,886.9510000000002,73.69
1217,12,2023,1444.25,141333.0,97.86,0,46.63,72.08,5656.0,1,2031.9190000000003,73.63
1219,12,2023,904.96,430533.0,475.75,0,0.0,70.31,43775.0,1,4809.002,73.35
1220,12,2023,3945.56,275448.0,69.81,0,110.558,71.63,15822.0,1,4809.002,72.59
1221,12,2023,3892.74,275648.0,70.81,0,110.558,70.34,16127.0,1,4809.002,71.51
1222,12,2023,3596.0,330797.0,91.99,0,110.558,72.82,37584.0,1,4809.002,73.29
1223,12,2023,3545.8,401863.0,113.33,0,110.558,73.63,33271.0,1,4809.002,73.57
1224,12,2023,1242.0,155873.0,125.5,0,20.93,65.64,4478.0,1,2410.267999999999,72.66
1271,12,2023,23.0,91265.0,1047.07,1,0.0,75.2,6821.0,1,1614.164,73.62
1273,12,2023,79.97,274838.0,1047.07,1,0.71,80.46,16228.0,1,4809.002,72.76
1274,12,2023,38.96,178914.0,1047.07,1,4.71,76.98,7428.0,1,3854.205,73.59
1276,12,2023,90.45,303272.0,1047.07,1,2.931,77.6,14460.0,1,4809.002,73.26
1277,12,2023,159.3,236217.0,1047.07,0,6.994,76.44,7929.0,1,4702.517000000001,73.44
1278,12,2023,469.4,142890.0,304.41,0,7.761,70.68,6924.0,1,2436.615,72.73
1301,13,2023,4668.5,90406.0,14.98,0,110.558,65.64,5915.0,1,1212.428,73.35
1302,13,2023,1938.79,523402.0,269.96,0,110.558,71.44,18026.0,1,4809.002,73.87
1303,13,2023,3738.0,401371.0,107.38,0,0.78,70.63,17316.0,1,4809.002,74.01
1305,13,2023,1336.0,378797.0,283.53,0,110.558,73.98,16460.0,1,4738.26,72.4
1307,13,2023,2232.4,547578.0,245.29,0,110.558,73.98,26163.0,1,4809.002,71.24
1308,13,2023,3354.0,391054.0,116.59,0,0.23,70.7,19604.0,1,4809.002,72.72
1309,13,2023,3947.63,311744.0,78.97,0,7.98,68.13,11360.0,1,4488.41,72.53
1311,13,2023,2961.0,238211.0,80.45,0,0.02,73.04,13346.0,1,4141.408,71.91
1312,13,2023,3887.77,448639.0,115.4,0,0.11,70.19,19545.0,1,4809.002,72.12
1371,13,2023,694.96,924687.0,1047.07,0,110.558,81.16,43920.0,1,4809.002,75.02
1372,13,2023,58.72,77240.0,1047.07,0,11.46,79.58,5262.0,1,2036.41,71.58
1373,13,2023,273.45,67131.0,245.5,0,0.34,74.42,4825.0,1,692.6,70.57
1374,13,2023,23.0,58729.0,1047.07,1,0.05,79.26,4474.0,1,1288.206,71.17
1375,13,2023,25.24,123013.0,1047.07,1,1.11,81.16,11132.0,1,3868.851,69.31
1376,13,2023,80.43,145468.0,1047.07,0,8.53,79.97,8982.0,1,3404.16,72.98
1377,13,2023,64.97,98143.0,1047.07,0,9.855,78.13,6435.0,1,1936.8860000000004,74.35
1402,14,2023,4668.5,475002.0,57.94,0,110.558,71.04,43920.0,2,4809.002,73.67
1403,14,2023,4668.5,663248.0,52.58,0,71.237,67.98,43920.0,2,4809.002,74.41
1404,14,2023,4668.5,422907.0,33.52,0,10.775,73.59,43920.0,1,4809.002,75.04
1406,14,2023,4668.5,898840.0,79.62,0,103.01399999999998,74.24,43920.0,3,4809.002,73.97
1409,14,2023,4668.5,669996.0,75.44,0,0.25,70.78,43920.0,3,4809.002,73.31
1410,14,2023,3708.0,217607.0,58.69,0,0.01,67.28,25609.0,1,4461.712,73.75
1471,14,2023,632.3,1020308.0,1047.07,0,47.17,81.16,43920.0,1,4809.002,74.62
1473,14,2023,1727.0,340310.0,197.05,0,0.26,75.66,43920.0,1,4809.002,73.67
1501,15,2023,3807.0,255100.0,67.01,0,83.604,72.54,13405.0,1,4396.394,78.91
1502,15,2023,4668.5,368400.0,47.97,0,79.15700000000001,70.81,22525.0,1,4809.002,79.63
1503,15,2023,4668.5,302200.0,48.95,0,0.04,71.29,21509.0,2,4809.002,80.65
1504,15,2023,4668.5,312700.0,53.87,0,0.24,71.02,25449.0,1,4809.002,78.49
1505,15,2023,4668.5,418800.0,79.83,0,110.558,71.04,35885.0,1,4809.002,77.53
1506,15,2023,4668.5,236700.0,43.62,0,94.796,66.65,25073.0,1,4579.181,80.16
1508,15,2023,4668.5,350800.0,54.3,0,110.558,70.63,21183.0,1,4809.002,79.89
1509,15,2023,4659.0,376400.0,80.79,0,110.558,71.06,26235.0,1,4809.002,78.65
1571,15,2023,205.38,627800.0,1047.07,1,1.85,80.15,40581.0,1,4809.002,79.69
1572,15,2023,391.5,99800.0,254.92,0,20.417,76.65,9475.0,1,1658.7550000000003,79.36
1601,16,2023,4668.5,379130.0,79.03,0,99.772,71.01,19019.0,2,4809.002,73.66
1602,16,2023,4668.5,797429.0,41.92,0,110.558,68.65,37395.0,3,4809.002,70.83
1604,16,2023,4344.87,444949.0,102.41,0,0.86,69.1,29289.0,1,4809.002,72.32
1605,16,2023,4668.5,407694.0,64.13,0,21.457,68.26,23527.0,1,4809.002,73.61
1607,16,2023,4668.5,874210.0,73.62,0,110.558,68.65,37440.0,2,4809.002,72.25
1608,16,2023,4668.5,424190.0,77.21,0,3.909,66.67,11090.0,1,4809.002,71.83
1609,16,2023,4369.25,668035.0,152.89,0,0.11,70.96,19465.0,1,4809.002,74.7
1611,16,2023,2256.0,342178.0,151.67,0,1.836,66.68,6303.0,1,4070.3180000000007,72.06
1612,16,2023,1840.0,202681.0,110.15,0,4.44,66.64,8719.0,1,3478.6380000000004,74.62
1613,16,2023,4668.5,195962.0,32.61,0,7.923999999999999,66.6,9067.0,1,3442.822,75.24
1671,16,2023,352.52,1090174.0,1047.07,1,43.87,80.02,43920.0,1,4809.002,75.88
1673,16,2023,633.66,147836.0,233.3,0,110.558,70.45,3491.0,1,2698.01,73.7
1674,16,2023,401.5,242976.0,605.17,0,8.012,76.19,8234.0,1,4288.361,73.53
1702,17,2023,1515.76,283689.0,187.16,0,87.741,72.31,11899.0,1,4809.002,73.13
1703,17,2023,4424.6,306201.0,69.2,0,4.38,70.28,12491.0,1,4809.002,71.95
1705,17,2023,4128.0,216977.0,52.56,0,2.502,68.27,5769.0,1,3901.39,72.51
1708,17,2023,665.0,156330.0,235.08,0,0.0,69.6,5616.0,1,2462.0999999999995,73.02
1771,17,2023,151.7,391045.0,1047.07,1,2.5,81.16,30811.0,1,4809.002,72.66
1801,18,2023,3368.14,303931.0,90.24,0,0.25,69.11,9018.0,1,4174.220000000001,74.3
1803,18,2023,2219.46,1090174.0,491.19,0,2.357,69.63,43920.0,1,4809.002,72.49
1804,18,2023,4668.5,1090174.0,213.6,0,89.693,71.21,43920.0,1,4809.002,71.63
1805,18,2023,4559.56,1090174.0,333.9,0,0.0,71.6,43920.0,1,4809.002,71.99
1806,18,2023,2529.54,635903.0,251.39,0,1.004,68.95,29261.0,1,4809.002,71.5
1808,18,2023,4386.0,431623.0,98.41,0,1.483,70.02,28197.0,1,4809.002,72.9
1809,18,2023,1173.77,492474.0,419.57,0,69.183,67.67,20217.0,1,4809.002,72.65
1810,18,2023,617.19,409858.0,664.07,0,0.17,71.61,14010.0,1,4809.002,71.37
1811,18,2023,2184.0,235546.0,107.85,0,61.31400000000002,65.64,12949.0,1,3787.5499999999993,71.0
1812,18,2023,1201.15,291437.0,242.63,0,0.39,67.81,14390.0,1,4228.45,71.83
1813,18,2023,2953.0,165937.0,56.19,0,110.558,66.0,5735.0,1,2406.31,70.63
1871,18,2023,197.22,1090174.0,1047.07,1,6.11,78.56,43920.0,1,4809.002,73.31
1872,18,2023,73.21,172505.0,1047.07,1,5.258,78.36,7865.0,1,2919.046,72.86
1902,19,2023,2293.69,189225.0,82.5,0,41.92,74.02,13510.0,1,2740.6,76.69
1904,19,2023,2279.11,203733.0,89.39,0,15.34,71.71,11427.0,1,3060.45,77.52
1905,19,2023,3607.08,206972.0,57.38,0,73.18299999999999,68.51,11372.0,1,3071.02,76.33
1906,19,2023,2506.91,132355.0,52.8,0,46.97,72.86,10562.0,1,1916.94,76.02
1971,19,2023,118.4,236267.0,1047.07,0,44.127,79.93,18809.0,1,4809.002,77.86
2101,21,2023,1524.0,267762.0,175.7,0,7.38,73.51,17017.0,1,4809.002,74.25
2102,21,2023,1946.13,175873.0,90.37,0,71.273,75.7,25084.0,1,2040.99,76.24
2103,21,2023,1978.29,83668.0,42.29,0,0.08,74.21,23520.0,1,1272.58,76.28
2104,21,2023,2117.72,101917.0,48.13,0,30.519,67.44,5250.0,1,1423.615,73.58
2105,21,2023,590.14,50140.0,84.96,0,58.657,70.26,19241.0,1,618.873,76.45
2171,21,2023,3868.97,1090174.0,324.79,0,2.5,81.16,43920.0,1,4809.002,77.7
3101,31,2023,23.0,32617.0,1047.07,1,2.91,73.39,8214.0,1,663.43,77.89
3207,32,2023,1425.0,1090174.0,882.51,0,66.8,72.05,39841.0,2,4809.002,80.65
3208,32,2023,1194.0,1090174.0,1014.7,0,0.11,70.72,32545.0,1,4809.002,80.65
3210,32,2023,1204.24,1090174.0,1047.07,0,110.558,69.13,41713.0,1,4809.002,79.63
3211,32,2023,1558.72,1090174.0,753.49,0,31.74,73.18,43327.0,2,4809.002,79.56
3212,32,2023,2099.42,1090174.0,901.22,0,6.32,69.25,43920.0,2,4809.002,79.65
3213,32,2023,1893.95,1090174.0,865.88,0,110.558,70.7,43920.0,1,4809.002,78.94
3214,32,2023,825.74,1045704.0,1047.07,0,11.371,72.09,43920.0,1,4809.002,78.67
3217,32,2023,1287.41,1090174.0,1047.07,0,110.558,69.61,43920.0,1,4809.002,79.08
3218,32,2023,1010.0,437094.0,432.77,0,42.454,69.38,14256.0,1,4809.002,80.15
3272,32,2023,48.2,362018.0,1047.07,1,2.925,76.32,15350.0,1,4809.002,79.59
3278,32,2023,183.8,742958.0,1047.07,1,0.29,74.47,27411.0,1,4809.002,80.65
3279,32,2023,132.0,209493.0,1047.07,0,36.27,73.08,5247.0,1,3162.42,80.65
3301,33,2023,2249.28,1090174.0,892.65,0,43.33,71.83,43920.0,3,4809.002,74.31
3303,33,2023,777.64,1027333.0,1047.07,0,24.639,70.24,31225.0,1,4809.002,76.04
3304,33,2023,1069.71,1047226.0,978.98,0,0.23,69.14,27191.0,1,4809.002,74.05
3305,33,2023,1281.11,1090174.0,1047.07,0,110.558,71.37,35764.0,1,4809.002,76.95
3306,33,2023,1034.84,788265.0,761.73,0,0.44,74.28,23188.0,1,4809.002,76.03
3307,33,2023,1011.62,909664.0,899.22,0,17.502000000000002,69.37,23330.0,1,4809.002,74.27
3309,33,2023,1096.35,1090129.0,994.33,0,0.3,75.41,42736.0,1,4809.002,76.88
3310,33,2023,701.52,1090174.0,1047.07,0,0.05,77.59,43920.0,1,4809.002,73.91
3311,33,2023,466.66,932680.0,1047.07,0,57.61,78.65,43920.0,1,4809.002,75.29
3312,33,2023,1941.28,1051085.0,541.44,0,99.04,71.97,36943.0,1,4809.002,76.44
3313,33,2023,774.0,955116.0,1047.07,0,0.0,77.31,43920.0,1,4809.002,73.19
3316,33,2023,1820.59,901621.0,495.24,0,1.45,70.63,31753.0,2,4809.002,75.76
3317,33,2023,1014.08,660166.0,651.0,0,1.2,71.89,24130.0,1,4809.002,74.94
3318,33,2023,1503.68,1090174.0,904.02,0,110.558,73.59,43920.0,1,4809.002,73.85
3319,33,2023,425.2,874632.0,1047.07,1,0.18,76.71,43920.0,1,4809.002,74.7
3321,33,2023,897.43,1090174.0,1047.07,0,0.74,74.07,33017.0,1,4809.002,76.1
3322,33,2023,950.21,1080648.0,1047.07,0,32.161,75.13,43920.0,1,4809.002,74.57
3323,33,2023,870.65,808446.0,928.55,0,110.558,71.33,26912.0,1,4809.002,74.68
3324,33,2023,1002.23,1052826.0,1047.07,0,0.07,73.86,43920.0,1,4809.002,75.1
3326,33,2023,836.13,1007384.0,1047.07,0,1.13,71.4,28112.0,1,4809.002,74.74
3328,33,2023,876.1,1090174.0,1047.07,0,99.566,70.23,43920.0,1,4809.002,76.4
3329,33,2023,1769.62,1090174.0,1047.07,0,1.79,67.95,43920.0,2,4809.002,75.87
3371,33,2023,23.0,122150.0,1047.07,1,1.87,81.16,10983.0,1,2940.03,74.04
3374,33,2023,373.7,1090174.0,1047.07,1,109.34,81.16,43920.0,1,4809.002,75.07
3375,33,2023,45.25,317524.0,1047.07,1,2.633,76.71,13744.0,1,4809.002,76.23
3376,33,2023,39.68,282781.0,1047.07,1,3.4410000000000003,77.02,19162.0,1,4809.002,75.98
3401,34,2023,586.3,443050.0,755.67,0,0.79,75.79,15847.0,1,4809.002,74.29
3402,34,2023,506.85,1009430.0,1047.07,0,41.924,81.16,34012.0,1,4809.002,73.02
3404,34,2023,574.82,1090174.0,1047.07,1,48.57,81.16,43920.0,1,4809.002,75.77
3501,35,2023,1390.0,596649.0,429.24,0,110.558,70.19,19491.0,1,4809.002,73.54
3502,35,2023,1371.78,972582.0,708.99,0,0.12,72.5,25248.0,1,4809.002,75.24
3503,35,2023,1261.4,744358.0,590.1,0,72.783,71.73,22740.0,1,4809.002,74.7
3504,35,2023,1055.65,1090174.0,1047.07,0,0.8,74.61,43920.0,1,4809.002,72.75
3506,35,2023,1386.05,1090174.0,1047.07,0,85.63699999999999,73.96,43920.0,1,4809.002,72.26
3510,35,2023,4668.5,1090174.0,301.74,0,13.978,72.61,43920.0,1,4809.002,74.15
3511,35,2023,1560.1,784192.0,502.65,0,2.725,67.99,24773.0,1,4809.002,73.58
3512,35,2023,1638.5,694081.0,423.61,0,5.45,69.16,25225.0,1,4809.002,74.34
3514,35,2023,1474.02,1090174.0,1047.07,0,110.558,70.29,43920.0,1,4809.002,74.31
3517,35,2023,1159.5,1090174.0,1047.07,0,0.3,74.6,43920.0,1,4809.002,74.26
3518,35,2023,1224.33,1090174.0,918.25,0,40.2,73.71,33647.0,3,4809.002,72.65
3519,35,2023,1010.86,765135.0,756.91,0,110.558,72.97,23833.0,1,4809.002,74.43
3521,35,2023,1394.74,881393.0,631.94,0,38.712,72.47,24325.0,1,4809.002,74.54
3522,35,2023,2307.06,1090174.0,573.23,0,110.558,70.85,43920.0,2,4809.002,73.48
3524,35,2023,1752.21,1090174.0,791.54,0,0.11,74.53,43920.0,1,4809.002,73.05
3525,35,2023,1256.76,1090174.0,1047.07,0,110.558,77.98,43920.0,1,4809.002,73.86
3526,35,2023,1260.15,1090174.0,874.15,0,0.39,65.75,27740.0,1,4809.002,74.07
3527,35,2023,1233.0,992210.0,804.71,0,1.9,65.64,24087.0,1,4809.002,73.01
3528,35,2023,792.2,862009.0,1047.07,0,21.61,67.96,20881.0,1,4809.002,73.11
3529,35,2023,2093.47,1090174.0,546.12,0,110.558,68.61,42848.0,1,4809.002,72.95
3571,35,2023,63.4,290836.0,1047.07,1,6.99,80.44,43920.0,1,4809.002,74.13
3572,35,2023,32.58,153541.0,1047.07,1,42.35699999999999,80.63,8515.0,1,2966.0850000000005,75.99
3573,35,2023,110.06,847182.0,1047.07,1,0.03,81.16,43920.0,1,4809.002,73.56
3574,35,2023,56.67,245174.0,1047.07,1,5.94,75.43,14296.0,1,3570.56,74.34
3575,35,2023,39.0,213450.0,1047.07,1,44.553,77.17,10400.0,1,4809.002,71.93
3576,35,2023,23.0,135414.0,1047.07,1,0.05,80.07,8039.0,1,3018.1050000000005,73.72
3577,35,2023,33.23,201460.0,1047.07,1,2.89,81.16,17256.0,1,4718.246000000001,74.67
3579,35,2023,199.09,218802.0,1047.07,0,2.01,78.18,20524.0,1,4809.002,74.51
3602,36,2023,3305.07,1090174.0,433.79,0,5.78,65.64,35571.0,2,4809.002,69.19
3604,36,2023,1734.28,1090174.0,969.93,0,110.558,68.39,43920.0,1,4809.002,71.19
3672,36,2023,162.51,450510.0,1047.07,1,26.78,74.54,43920.0,1,4809.002,71.22
3673,36,2023,266.74,723790.0,1047.07,1,2.44,73.48,39838.0,1,4809.002,70.43
5101,51,2023,841.8,330100.0,392.14,0,0.85,74.04,15613.0,1,4809.002,76.7
5102,51,2023,839.33,470900.0,561.04,0,41.31,77.43,25531.0,1,4809.002,78.22
5103,51,2023,420.1,554700.0,1047.07,0,57.121,81.16,43920.0,1,4809.002,78.69
5104,51,2023,368.0,527100.0,1047.07,0,0.71,79.24,30529.0,1,4809.002,77.6
5105,51,2023,315.0,214600.0,681.27,0,55.446000000000005,73.11,10080.0,1,3466.9980000000005,77.31
5106,51,2023,520.81,268100.0,514.78,0,1.98,70.79,7908.0,1,4119.54,77.75
5107,51,2023,839.5,513800.0,612.03,0,0.11,68.91,18975.0,1,4809.002,79.76
5108,51,2023,1366.0,831200.0,608.49,0,1.41,73.97,38351.0,1,4809.002,78.03
5171,51,2023,127.78,734200.0,1047.07,1,0.06,81.16,43920.0,1,4809.002,80.65
5201,52,2023,1053.92,753641.0,715.08,0,0.0,70.15,18121.0,1,4809.002,70.44
5203,52,2023,2679.88,1090174.0,519.2,0,28.92300000000001,68.41,24578.0,1,4809.002,72.29
5204,52,2023,4668.5,529487.0,79.69,0,0.65,69.87,17510.0,3,4809.002,71.13
5205,52,2023,2324.55,247188.0,106.34,0,66.562,69.98,8511.0,1,3505.692,69.67
5206,52,2023,4389.0,535530.0,122.02,0,110.558,68.28,13947.0,1,4809.002,70.36
5207,52,2023,1849.02,152948.0,82.72,0,7.88,73.17,29642.0,1,2674.119,72.44
5208,52,2023,809.53,257866.0,318.54,0,60.831,66.62,5559.0,1,3494.6040000000003,71.48
5271,52,2023,61.3,441147.0,1047.07,1,2.49,80.09,22781.0,1,4809.002,72.95
5301,53,2023,757.41,152414.0,201.23,0,87.908,65.64,2786.0,1,2316.715,70.87
5303,53,2023,4668.5,376837.0,73.36,0,110.558,65.82,9158.0,1,4809.002,68.74
5304,53,2023,3933.15,474521.0,120.65,0,110.558,65.64,9496.0,1,4809.002,70.68
5305,53,2023,2623.2,271277.0,103.41,0,110.558,65.64,4819.0,1,4143.215,68.33
5307,53,2023,2928.56,221536.0,75.65,0,0.01,65.64,3636.0,1,3504.844,71.21
5308,53,2023,1268.11,141391.0,111.5,0,110.558,66.12,2138.0,1,2340.253,70.81
5309,53,2023,1748.52,288310.0,164.89,0,110.558,65.79,6062.0,1,4143.215,68.28
5310,53,2023,1671.65,335360.0,200.62,0,76.321,66.89,6195.0,1,3922.217000000001,71.66
5312,53,2023,1735.64,171736.0,98.95,0,110.558,69.14,4114.0,1,2606.7470000000003,70.72
5313,53,2023,1343.83,328758.0,244.64,0,110.558,66.42,5502.0,1,3702.052,71.34
5314,53,2023,1286.45,150521.0,117.0,0,110.558,65.64,3747.0,1,2327.8370000000004,70.51
5315,53,2023,3129.0,270917.0,86.58,0,0.08,65.81,4255.0,1,3757.249,71.03
5316,53,2023,1789.66,90521.0,50.58,0,0.32,65.64,1398.0,1,1197.712,68.82
5318,53,2023,1396.16,166063.0,118.94,0,110.558,67.07,2670.0,1,2260.4080000000004,70.83
5319,53,2023,2389.53,290790.0,121.69,0,66.58700000000002,65.64,3938.0,1,3683.565,70.43
5321,53,2023,1109.16,190994.0,172.2,0,89.19500000000001,65.64,3422.0,1,3183.796,71.7
5371,53,2023,159.33,466632.0,1047.07,1,40.232000000000006,80.62,28478.0,1,4809.002,69.3
6102,61,2023,4668.5,298979.0,55.4,0,0.03,69.53,11146.0,1,4809.002,72.86
6103,61,2023,4668.5,413588.0,41.74,0,0.16,68.14,13684.0,1,4809.002,74.46
6104,61,2023,2797.88,312785.0,111.79,0,25.543,67.92,10714.0,1,3076.93,72.52
6108,61,2023,4668.5,262404.0,8.79,0,110.558,67.67,13141.0,1,4809.002,74.57
6109,61,2023,4668.5,219724.0,40.36,0,1.3589999999999998,66.33,8506.0,1,3807.524,72.55
6110,61,2023,4668.5,239502.0,22.51,0,39.938,67.76,6644.0,1,3861.681,74.72
6111,61,2023,4568.26,132855.0,29.08,0,0.4369999999999999,65.64,5376.0,1,2323.916,72.96
6171,61,2023,107.8,675468.0,1047.07,1,9.03,81.03,43920.0,1,4809.002,74.21
6172,61,2023,504.0,246112.0,488.32,0,76.36,73.39,12899.0,1,3481.35,73.35
6202,62,2023,4668.5,443359.0,26.4,0,19.985000000000003,72.21,34942.0,1,4809.002,76.32
6203,62,2023,4668.5,425186.0,28.35,0,0.13,70.75,23974.0,1,4809.002,77.85
6204,62,2023,4668.5,134698.0,15.25,0,0.11,71.65,8481.0,1,2443.97,77.55
6205,62,2023,4668.5,160605.0,19.35,0,0.17,71.84,14178.0,1,2383.35,78.14
6207,62,2023,4668.5,102103.0,15.92,0,28.968,71.81,7519.0,1,1461.779,75.09
6208,62,2023,4668.5,171304.0,10.44,0,0.03,68.68,11450.0,2,3030.81,77.44
6209,62,2023,4668.5,169355.0,8.31,0,0.188,70.28,10756.0,1,2966.106,78.39
6210,62,2023,4668.5,138199.0,15.36,0,0.08,69.6,6995.0,1,2486.03,77.59
6212,62,2023,3834.0,117312.0,30.6,0,29.043999999999997,72.7,10905.0,2,1684.93,75.19
6213,62,2023,4668.5,116621.0,4.92,0,0.79,69.42,12449.0,1,2083.55,78.6
6271,62,2023,2853.19,305797.0,107.18,0,110.558,81.16,24175.0,1,4809.002,77.89
6301,63,2023,3631.35,364117.0,100.27,0,47.164,70.98,20166.0,1,4809.002,76.08
6302,63,2023,4668.5,329641.0,34.91,0,3.02,70.18,34946.0,1,4809.002,73.79
6303,63,2023,4668.5,580100.0,124.26,0,0.14,71.46,22635.0,1,4809.002,74.6
6304,63,2023,2996.46,324502.0,108.3,0,39.08,68.11,10567.0,2,3606.13,75.11
6305,63,2023,2175.0,197893.0,90.99,0,25.43,72.0,13694.0,1,3056.61,74.1
6306,63,2023,1804.94,237319.0,131.48,0,110.558,70.5,9165.0,1,3689.878,74.92
6307,63,2023,1770.77,268360.0,151.55,0,110.558,70.13,8594.0,1,3840.69,73.64
6309,63,2023,3556.0,262631.0,73.86,0,10.88,73.85,31015.0,1,4292.67,73.57
6310,63,2023,4668.5,346336.0,71.1,0,0.83,72.31,33661.0,3,4809.002,74.52
6311,63,2023,1878.3,136524.0,72.68,0,4.54,70.49,20876.0,1,2033.5320000000004,76.73
6371,63,2023,98.46,678243.0,1047.07,1,1.17,78.5,42049.0,1,4809.002,76.1
6372,63,2023,305.2,272763.0,893.72,0,65.17,80.11,13328.0,1,4809.002,76.02
6401,64,2023,4668.5,290162.0,25.01,0,51.46,74.14,43920.0,1,4429.99,75.33
6403,64,2023,4668.5,801642.0,29.4,0,77.22,75.3,43920.0,3,4809.002,76.8
6404,64,2023,4668.5,411537.0,11.51,0,1.31,74.98,43920.0,1,4809.002,73.91
6405,64,2023,4668.5,240105.0,7.04,0,20.2,76.21,43920.0,3,4809.002,75.8
6411,64,2023,4668.5,32617.0,2.32,0,110.558,69.59,3409.0,1,653.81,74.38
6471,64,2023,509.75,648560.0,1047.07,0,110.558,81.16,43920.0,1,4809.002,76.83
6472,64,2023,716.96,872304.0,1047.07,0,1.93,81.16,43920.0,1,4809.002,75.65
6474,64,2023,161.88,187852.0,1047.07,0,77.91,81.16,43920.0,1,3882.95,75.46
6503,65,2023,3504.0,32617.0,7.84,0,0.02,69.2,9021.0,1,618.873,75.84
6571,65,2023,251.0,251085.0,1000.34,0,110.558,77.53,43920.0,1,4809.002,78.38
7102,71,2023,1141.64,345973.0,303.05,0,79.44000000000001,76.96,22128.0,2,4809.002,77.64
7103,71,2023,731.98,137829.0,188.3,0,0.1,72.22,5655.0,1,2187.992,79.23
7104,71,2023,1251.02,100770.0,80.55,0,0.17,71.14,2843.0,1,1685.4510000000002,77.45
7106,71,2023,1059.0,225826.0,213.24,0,110.558,75.31,18728.0,1,4646.5740000000005,76.89
7107,71,2023,1856.0,87301.0,47.04,0,0.0,68.64,3263.0,1,1234.33,77.26
7109,71,2023,730.62,119637.0,163.75,0,7.965999999999998,71.93,6720.0,1,1712.73,80.01
7110,71,2023,3497.46,73046.0,20.89,0,8.017000000000001,66.4,2726.0,1,1212.943,77.16
7171,71,2023,162.35,478192.0,1047.07,1,14.447000000000005,80.14,43920.0,1,4809.002,79.11
7173,71,2023,147.2,101958.0,692.65,0,14.218,78.1,5448.0,1,1874.71,77.54
7201,72,2023,2488.79,126040.0,50.64,0,0.04,66.82,4926.0,1,2220.73,77.56
7202,72,2023,4668.5,373600.0,38.62,0,0.0,71.7,38048.0,1,4809.002,75.55
7203,72,2023,4668.5,170450.0,31.15,0,0.67,73.02,43920.0,1,3216.45,78.77
7204,72,2023,4668.5,251654.0,35.38,0,0.0,72.48,11712.0,1,4809.002,76.83
7205,72,2023,4668.5,311330.0,59.01,0,0.62,66.95,15056.0,1,4809.002,77.73
7206,72,2023,4079.77,236110.0,57.87,0,0.1,67.66,10369.0,1,3563.5980000000004,78.84
7208,72,2023,4668.5,454510.0,77.25,0,110.558,67.11,21652.0,1,4809.002,77.95
7209,72,2023,4668.5,171340.0,29.94,0,10.872000000000002,66.39,6812.0,1,2908.9400000000005,75.82
7210,72,2023,4668.5,264670.0,50.94,0,0.01,69.93,11373.0,1,4809.002,77.19
7212,72,2023,4668.5,148274.0,8.07,0,110.558,69.73,26434.0,1,2658.77,77.69
7271,72,2023,356.35,386560.0,1047.07,0,10.09,81.16,30787.0,1,4809.002,78.05
7302,73,2023,1175.53,450325.0,383.08,0,37.33,71.21,18871.0,1,4809.002,74.77
7303,73,2023,390.97,203141.0,519.58,0,27.502,70.57,12754.0,1,3037.78,75.57
7304,73,2023,796.0,414482.0,520.71,0,2.018,65.9,12152.0,1,4809.002,70.59
7305,73,2023,555.43,312811.0,563.19,0,20.197,68.9,12868.0,1,4809.002,74.84
7306,73,2023,1813.0,801108.0,441.87,0,10.855999999999998,71.57,28453.0,1,4809.002,76.67
7307,73,2023,865.24,267536.0,309.2,0,110.558,68.92,14791.0,1,4809.002,75.59
7308,73,2023,1442.95,407923.0,282.7,0,110.558,71.63,26389.0,1,4809.002,74.42
7309,73,2023,888.91,355613.0,400.06,0,0.93,70.59,32667.0,1,4809.002,75.97
7310,73,2023,1201.9,187952.0,156.38,0,10.511,72.36,9427.0,1,2840.33,73.42
7311,73,2023,4567.36,823079.0,180.21,0,4.72,67.81,43920.0,1,4809.002,74.58
7312,73,2023,1385.55,238239.0,171.95,0,1.78,70.58,14909.0,1,3446.32,75.36
7313,73,2023,2608.71,386537.0,148.17,0,110.558,71.1,24589.0,1,4809.002,76.55
7314,73,2023,1832.3,327919.0,178.97,0,0.24,72.71,18204.0,1,4780.27,75.83
7315,73,2023,1896.58,419338.0,221.1,0,0.03,72.84,25146.0,1,4809.002,74.21
7317,73,2023,2902.07,379295.0,130.7,0,1.8419999999999992,72.16,21756.0,1,4809.002,76.99
7318,73,2023,2043.62,289451.0,141.64,0,79.631,70.73,9373.0,1,3956.37,74.67
7372,73,2023,89.67,158425.0,1047.07,0,20.91,79.03,9312.0,1,2895.67,74.84
7373,73,2023,273.24,192763.0,705.47,0,0.48,79.45,10500.0,1,3483.32,73.15
7401,74,2023,1669.33,120210.0,72.01,0,110.558,68.12,5063.0,1,1879.851,76.48
7402,74,2023,1858.1,224690.0,120.92,0,110.558,70.16,8814.0,1,3435.16,75.45
7403,74,2023,4668.5,269520.0,50.36,0,110.558,72.77,18295.0,1,4784.579,75.28
7405,74,2023,4237.74,323790.0,76.41,0,110.558,70.32,16452.0,1,4809.002,76.31
7407,74,2023,450.46,116450.0,258.51,0,0.205,71.43,5768.0,1,2060.81,77.24
7408,74,2023,2932.25,145640.0,49.67,0,0.02,71.04,11227.0,1,2295.8240000000005,76.61
7409,74,2023,1755.83,68950.0,39.27,0,0.0,69.7,4049.0,1,821.613,76.45
7410,74,2023,4219.81,72250.0,17.12,0,0.1139999999999999,71.71,5260.0,1,1232.992,75.2
7411,74,2023,3992.53,125770.0,31.5,0,0.1139999999999999,69.57,5625.0,1,2065.19,76.49
7413,74,2023,818.7,89290.0,109.06,0,0.241,67.13,3387.0,1,1456.36,76.88
7414,74,2023,836.96,119460.0,142.73,0,0.244,65.83,3026.0,1,1899.593,76.41
7415,74,2023,517.63,99580.0,192.38,0,1.182,66.15,3593.0,1,1301.2279999999998,75.03
7471,74,2023,265.79,364220.0,1047.07,0,25.03,81.16,28260.0,1,4809.002,75.79
7501,75,2023,1830.87,151610.0,82.81,0,0.5,68.18,6587.0,1,2257.938,77.25
7503,75,2023,4370.36,157660.0,36.07,0,0.91,67.15,8111.0,1,2590.042,78.49
7504,75,2023,1889.0,172301.0,91.21,0,0.29,71.51,5699.0,1,2398.021,77.53
7505,75,2023,1703.63,128970.0,75.7,0,0.4249999999999999,66.61,4145.0,1,2087.885,76.1
7571,75,2023,70.93,204440.0,1047.07,1,1.2419999999999995,78.64,10536.0,1,2589.89,78.36
7601,76,2023,947.84,181360.0,191.34,0,2.2149999999999994,68.62,5969.0,1,2697.527,74.28
7603,76,2023,3005.88,165310.0,55.0,0,10.269,67.83,3474.0,1,2352.512,77.44
7605,76,2023,2903.18,204216.0,70.34,0,0.02,69.11,14386.0,1,3168.388,75.21
7606,76,2023,3100.87,141220.0,45.54,0,0.2449999999999999,67.45,4066.0,1,2173.441,75.8
8101,81,2023,4668.5,128648.0,12.73,0,0.253,65.64,3393.0,1,2377.394,78.01
8103,81,2023,2759.07,436090.0,158.06,0,1.69,72.45,10763.0,1,4809.002,77.67
8104,81,2023,4668.5,140462.0,18.49,0,0.0099999999999999,70.56,2977.0,1,2671.5060000000003,79.89
8105,81,2023,4668.5,107367.0,16.71,0,0.177,65.64,4436.0,1,2107.348,79.96
8106,81,2023,4668.5,222449.0,32.01,0,2.596,67.56,3788.0,1,4026.463,78.33
8108,81,2023,4668.5,85807.0,9.94,0,0.04,65.64,2868.0,1,1058.0210000000002,78.93
8109,81,2023,4668.5,79455.0,14.25,0,0.181,66.23,1766.0,1,1002.26,78.15
8171,81,2023,377.0,358826.0,951.79,0,37.77699999999999,81.16,18531.0,1,4809.002,79.18
8172,81,2023,352.66,91572.0,259.66,0,0.118,69.43,3202.0,1,1416.6849999999995,78.05
8203,82,2023,3304.32,105095.0,31.81,0,0.1139999999999999,65.64,3045.0,1,1481.6240000000005,78.93
8204,82,2023,4668.5,255384.0,31.54,0,0.0,65.83,17727.0,1,4479.165999999999,80.65
8206,82,2023,4668.5,97895.0,15.09,0,0.078,68.82,5241.0,1,1400.949,78.97
8208,82,2023,2985.75,63897.0,21.4,0,0.139,65.64,1937.0,1,766.371,79.33
8271,82,2023,162.2,202871.0,1047.07,0,0.03,81.16,13675.0,1,4244.017999999999,80.65
8272,82,2023,1703.32,116623.0,68.47,0,1.6119999999999997,72.4,3511.0,1,2089.553,79.5
9101,91,2023,4668.5,90286.0,6.3,0,0.0,69.72,5811.0,1,1244.1919999999998,76.02
9102,91,2023,4668.5,65530.0,3.54,0,110.558,66.72,2914.0,1,826.865,75.75
9103,91,2023,4668.5,45324.0,3.03,0,110.558,65.64,1753.0,1,683.9660000000001,74.31
9105,91,2023,4668.5,201730.0,14.16,0,110.558,73.21,10789.0,1,4809.002,72.68
9107,91,2023,4668.5,125217.0,9.58,0,110.558,67.49,12028.0,1,2319.766,73.44
9109,91,2023,4668.5,32892.0,2.85,0,76.27600000000001,65.64,1303.0,1,686.2540000000001,73.61
9110,91,2023,4668.5,45064.0,8.25,0,68.38300000000001,65.64,1303.0,1,686.2540000000001,73.65
9111,91,2023,2812.44,37674.0,13.4,0,68.331,65.64,1303.0,1,686.2540000000001,72.87
9112,91,2023,2773.74,40117.0,14.46,0,68.22900000000001,65.64,1303.0,1,658.597,76.17
9171,91,2023,1105.0,283366.0,256.44,0,71.407,79.65,16829.0,1,4809.002,74.58
9401,94,2023,4668.5,240609.0,5.14,0,110.558,72.19,18951.0,1,4517.808999999999,69.85
9402,94,2023,4668.5,273819.0,38.95,0,110.558,65.64,10155.0,1,4598.29,70.43
9403,94,2023,4668.5,201004.0,11.48,0,110.558,73.5,19122.0,1,4809.002,69.59
9404,94,2023,3922.02,174427.0,44.47,0,0.0,70.84,13562.0,1,3500.086,71.86
9410,94,2023,4668.5,123360.0,18.9,0,110.558,65.64,5014.0,1,2247.542,69.59
9413,94,2023,4668.5,67167.0,2.48,0,110.558,65.64,5341.0,1,951.82,71.76
9415,94,2023,4668.5,109862.0,4.63,0,110.558,65.64,3145.0,1,1696.52,70.8
9419,94,2023,4668.5,42321.0,2.35,0,110.558,65.8,3558.0,1,642.4889999999999,68.86
9426,94,2023,4668.5,37285.0,2.32,0,20.0,66.46,2304.0,1,669.452,70.0
9428,94,2023,4668.5,39083.0,2.32,0,110.558,65.64,2143.0,1,732.816,70.36
9471,94,2023,940.0,403859.0,429.64,0,6.85,81.14,37797.0,1,4809.002,72.31
