id_kab,id_prov,year,total_area (km2),population,densities,traffic_density,hdi,gross_regional_domestic_product,total_landfills,solid_waste_generated,happiness_score
1101,11,2022,1838.09,94876.0,51.62,0,67.27,2688.0,1,1628.09,72.37
1103,11,2022,4173.82,237376.0,56.87,0,67.87,6447.0,1,3521.77,72.54
1104,11,2022,4242.04,228308.0,53.82,0,70.32,5829.0,1,3333.3,72.38
1106,11,2022,4527.53,222673.0,49.18,0,73.95,8873.0,1,4268.895,71.38
1107,11,2022,2927.95,202858.0,69.28,0,72.34,12730.0,1,3702.16,72.36
1108,11,2022,2903.5,414490.0,142.76,0,74.0,15457.0,1,5596.518000000001,72.91
1110,11,2022,1798.0,443874.0,246.87,0,73.16,15470.0,1,5629.134,73.03
1111,11,2022,3296.86,614640.0,186.43,0,70.22,28310.0,1,11236.336,70.79
1112,11,2022,1882.05,155046.0,82.38,0,67.41,4546.0,1,2834.81,71.79
1113,11,2022,5549.91,103131.0,18.58,0,68.25,3077.0,1,1498.6,71.92
1114,11,2022,1957.02,301492.0,154.06,0,70.43,10433.0,1,4406.28,72.63
1115,11,2022,3544.9,173393.0,48.91,0,70.1,10635.0,1,2531.54,76.15
1116,11,2022,3727.0,96028.0,25.77,0,70.36,3122.0,2,1723.13,72.21
1117,11,2022,1941.6,168690.0,86.88,0,73.9,5476.0,1,2408.47,74.78
1172,11,2022,122.13,43208.0,353.79,0,76.85,1643.0,1,630.84,70.92
1173,11,2022,239.83,192630.0,803.19,0,77.82,6263.0,1,3447.02,72.96
1174,11,2022,181.0,191396.0,1057.44,0,78.04,10278.0,1,3935.477,70.69
1201,12,2022,853.44,149249.0,174.88,0,63.69,4536.0,1,2127.24,71.09
1202,12,2022,6620.7,484874.0,73.24,0,68.05,16404.0,3,6736.727000000001,71.33
1203,12,2022,4355.35,307312.0,70.56,0,70.92,17052.0,1,5531.378,71.41
1204,12,2022,2194.98,374734.0,170.72,0,70.31,11635.0,1,6739.73,71.12
1206,12,2022,2022.0,212133.0,104.91,0,75.96,8944.0,2,3505.9,71.35
1207,12,2022,2561.38,508024.0,198.34,0,72.92,41809.0,1,7520.466,71.09
1209,12,2022,4372.5,1021615.0,233.65,0,73.77,47286.0,1,18644.47,69.83
1210,12,2022,1927.8,315460.0,163.64,0,72.56,10717.0,1,3940.523,70.68
1213,12,2022,6273.29,1039926.0,165.77,0,71.86,51413.0,4,19032.38,71.1
1214,12,2022,2487.99,373674.0,150.19,0,63.17,8015.0,1,5501.639,71.01
1215,12,2022,2297.2,202299.0,88.06,0,70.32,6919.0,1,2165.37,70.04
1217,12,2022,1444.25,139337.0,96.48,0,71.67,5166.0,1,2379.6670000000004,70.82
1218,12,2022,1900.22,667998.0,351.54,0,71.21,33518.0,1,11536.382,70.89
1219,12,2022,904.96,416367.0,460.09,0,69.51,40867.0,1,6828.630999999999,71.03
1220,12,2022,3945.56,267275.0,67.74,0,70.93,14375.0,1,5340.204,71.24
1223,12,2022,3545.8,390954.0,110.26,0,72.77,30282.0,1,6498.973999999998,71.18
1225,12,2022,520.34,91346.0,175.55,0,62.93,2173.0,1,1339.935,70.88
1271,12,2022,10.77,90366.0,8390.53,1,74.74,6340.0,1,1512.8560000000002,70.96
1272,12,2022,60.52,179748.0,2970.06,1,69.86,10466.0,1,3225.28,71.13
1274,12,2022,38.96,177785.0,4563.27,1,76.17,6931.0,1,4548.82,70.9
1277,12,2022,159.3,231062.0,1450.48,0,76.05,7385.0,1,5906.6,71.19
1278,12,2022,469.4,137583.0,293.1,0,70.23,6477.0,1,2475.789,70.94
1301,13,2022,6033.76,89401.0,14.82,0,62.19,5446.0,1,1299.7099999999998,71.07
1302,13,2022,1938.79,516518.0,266.41,0,70.84,16606.0,1,5580.32,71.26
1303,13,2022,3738.0,397829.0,106.43,0,70.02,15781.0,1,5755.86,71.24
1304,13,2022,3130.8,240317.0,76.76,0,68.69,10669.0,1,3551.39,69.86
1305,13,2022,1336.0,376276.0,281.64,0,73.29,15059.0,1,4705.73,72.1
1306,13,2022,1343.09,436129.0,324.72,0,71.63,22193.0,1,7959.35,71.05
1308,13,2022,3354.0,388375.0,115.79,0,70.28,17901.0,1,5595.48,71.14
1309,13,2022,3947.63,307425.0,77.88,0,67.41,10391.0,1,4425.3,70.82
1311,13,2022,2961.0,234713.0,79.27,0,72.3,12233.0,1,3783.11,70.99
1312,13,2022,3887.77,442479.0,113.81,0,69.57,17876.0,1,6387.68,70.84
1371,13,2022,694.96,919145.0,1322.59,0,83.29,72979.0,1,23497.31,71.36
1373,13,2022,273.5,66413.0,242.83,0,73.73,4390.0,1,688.26,70.85
1374,13,2022,23.0,57850.0,2515.22,1,78.78,4087.0,1,1786.51,71.23
1375,13,2022,25.24,122311.0,4845.92,1,81.42,10194.0,1,4570.75,71.25
1377,13,2022,73.36,96719.0,1318.42,0,77.65,5882.0,1,1396.34,71.28
1401,14,2022,7656.03,345850.0,45.17,0,71.09,44910.0,1,5080.06,68.69
1402,14,2022,8198.71,464076.0,56.6,0,70.46,54185.0,1,6617.32,71.9
1403,14,2022,12614.78,660747.0,52.38,0,67.37,83164.0,6,9692.371,72.43
1405,14,2022,8556.09,477550.0,55.81,0,74.5,106995.0,4,6813.57,73.78
1406,14,2022,11289.28,878210.0,77.79,0,73.84,103550.0,4,17626.904000000002,70.76
1407,14,2022,7588.13,582679.0,76.79,0,70.31,49614.0,2,13261.38,71.7
1408,14,2022,514.0,582973.0,1134.19,0,74.38,175972.0,4,10500.372999999998,73.92
1410,14,2022,3708.0,213532.0,57.59,0,66.52,24896.0,1,4285.306999999999,72.8
1471,14,2022,632.3,1007540.0,1593.45,0,82.06,144559.0,1,35650.33,71.42
1473,14,2022,1727.0,331832.0,192.14,0,75.26,45053.0,1,6055.93,72.44
1501,15,2022,3807.0,253900.0,66.69,0,71.99,12226.0,1,4485.829,76.11
1504,15,2022,4179.7,313200.0,74.93,0,70.51,24304.0,1,5686.882,75.15
1505,15,2022,5246.0,412800.0,78.69,0,70.18,32958.0,1,6878.464999999999,75.9
1506,15,2022,5426.0,234200.0,43.16,0,65.77,25606.0,1,4897.125,77.35
1508,15,2022,6461.0,344800.0,53.37,0,69.78,19698.0,1,5589.261,76.25
1571,15,2022,175.53,619600.0,3529.88,1,79.58,36184.0,1,15968.8,78.98
1572,15,2022,391.5,99200.0,253.38,0,76.17,8679.0,1,1829.54,74.61
1602,16,2022,19023.47,776690.0,40.83,0,68.02,34239.0,5,13276.505,70.92
1603,16,2022,6763.91,624019.0,92.26,0,69.43,113577.0,1,8490.1,71.47
1604,16,2022,4344.87,441174.0,101.54,0,68.4,27834.0,1,9840.69,72.43
1607,16,2022,11875.0,852576.0,71.8,0,67.93,34443.0,2,21123.59,75.27
1609,16,2022,4369.25,656857.0,150.34,0,70.23,17833.0,2,10298.17,71.69
1610,16,2022,2382.0,422907.0,177.54,0,67.96,13251.0,1,6200.059000000001,70.74
1611,16,2022,2256.0,357673.0,158.54,0,66.0,5838.0,1,4992.517,75.74
1612,16,2022,1840.0,200368.0,108.9,0,65.75,8195.0,1,3731.63,73.4
1613,16,2022,6008.55,192369.0,32.02,0,65.74,8549.0,1,2976.693,72.52
1671,16,2022,352.5,1707996.0,4845.38,1,79.47,179107.0,1,43981.57,70.97
1672,16,2022,434.46,199047.0,458.15,0,75.52,9208.0,1,3591.82,72.37
1673,16,2022,633.66,147071.0,232.1,0,69.6,3256.0,1,2564.754,74.2
1674,16,2022,401.5,240238.0,598.35,0,75.53,7688.0,1,3933.717,71.99
1701,17,2022,1186.7,170093.0,143.33,0,71.42,6713.0,1,2769.738,66.6
1702,17,2022,1515.76,281281.0,185.57,0,71.45,10993.0,1,4599.042,70.1
1703,17,2022,4424.6,302833.0,68.44,0,69.77,12319.0,1,6920.77,69.74
1704,17,2022,2556.0,129661.0,50.73,0,67.77,4227.0,1,2453.467,69.52
1706,17,2022,4147.0,196571.0,47.4,0,69.12,6217.0,1,2899.428,68.35
1707,17,2022,1665.28,107248.0,64.4,0,68.12,3889.0,1,2940.98,71.05
1709,17,2022,1223.94,119814.0,97.89,0,68.47,6545.0,1,2504.164,70.73
1771,17,2022,151.7,384841.0,2536.86,1,80.99,28090.0,1,8774.539,68.5
1801,18,2022,3368.14,303397.0,90.08,0,68.39,8280.0,1,4540.467000000001,69.63
1802,18,2022,4654.96,652898.0,140.26,0,67.22,18096.0,1,13345.24,70.51
1803,18,2022,2219.46,1081115.0,487.11,0,69.0,51481.0,1,19385.409,73.57
1804,18,2022,5325.03,1127946.0,211.82,0,70.58,49710.0,2,18035.425000000003,72.25
1805,18,2022,4546.0,1500022.0,329.97,0,70.8,82454.0,2,28584.199000000004,73.65
1806,18,2022,2667.0,635129.0,238.14,0,68.33,27046.0,1,9263.122,72.04
1807,18,2022,3921.63,481036.0,122.66,0,68.04,16153.0,1,7008.61,70.68
1808,18,2022,4386.0,431208.0,98.31,0,69.53,25983.0,1,6765.370000000001,68.28
1809,18,2022,1173.77,487153.0,415.03,0,66.7,18601.0,1,8113.452000000002,73.51
1810,18,2022,625.0,408415.0,653.46,0,70.98,12842.0,1,5939.62,71.48
1811,18,2022,2184.0,232685.0,106.54,0,64.94,11953.0,1,3671.6770000000006,71.53
1812,18,2022,1201.15,289620.0,241.12,0,67.13,13233.0,1,4178.77,70.48
1813,18,2022,2953.0,164816.0,55.81,0,65.14,5345.0,1,2367.992,71.37
1871,18,2022,197.22,1209937.0,6134.96,1,78.01,67882.0,1,28705.76,72.95
1901,19,2022,3028.79,334344.0,110.39,0,72.95,17959.0,2,4881.42,72.79
1902,19,2022,2293.69,186331.0,81.24,0,73.38,12322.0,1,2686.46,73.67
1903,19,2022,2884.15,209413.0,72.61,0,70.12,16761.0,1,3438.288,74.58
1904,19,2022,2279.11,205510.0,90.17,0,71.4,10523.0,1,3006.11,73.49
1905,19,2022,3607.08,202263.0,56.07,0,67.95,10693.0,1,2996.69,74.32
1906,19,2022,2506.91,130463.0,52.04,0,72.29,9785.0,1,1858.52,75.91
1971,19,2022,118.4,226297.0,1911.29,0,79.24,17278.0,1,5100.722,74.08
2101,21,2022,1524.0,266177.0,174.66,0,72.65,15554.0,1,6800.82,74.29
2102,21,2022,1946.13,165781.0,85.18,0,74.99,22996.0,1,2040.99,75.82
2103,21,2022,2009.04,83102.0,41.36,0,73.47,24265.0,1,1247.51,74.18
2104,21,2022,2117.72,102853.0,48.57,0,66.57,4853.0,1,1037.66,73.38
2105,21,2022,590.14,49632.0,84.1,0,69.61,19909.0,1,481.8,75.48
2171,21,2022,3868.97,1236010.0,319.47,0,81.67,194836.0,1,41346.16,74.67
2172,21,2022,144.56,239854.0,1659.2,0,79.64,21792.0,1,5690.54,74.87
3101,31,2022,10.73,28262.0,2633.92,1,72.79,10126.0,1,653.11,72.98
3203,32,2022,3840.16,2542793.0,662.16,0,65.94,53989.0,1,44213.348,74.85
3205,32,2022,3074.07,2627220.0,854.64,0,67.41,66591.0,1,40596.96,73.51
3206,32,2022,2551.19,1906288.0,747.22,0,66.84,42660.0,1,32972.892,72.21
3208,32,2022,1110.56,1196017.0,1076.95,0,70.16,29520.0,1,21878.21,73.16
3210,32,2022,1204.24,1335460.0,1108.96,0,68.56,37777.0,1,23343.498,74.72
3211,32,2022,1518.33,1167033.0,768.63,0,72.69,40025.0,1,16159.2,74.65
3212,32,2022,2040.11,1871832.0,917.52,0,68.55,90773.0,2,40648.11,73.21
3213,32,2022,1893.95,1624386.0,857.67,0,69.87,46160.0,1,25447.993,74.3
3214,32,2022,825.74,1028569.0,1245.63,0,71.56,76478.0,1,18010.424,74.13
3215,32,2022,1652.2,2505247.0,1516.31,0,71.74,268229.0,1,36643.65,73.61
3271,32,2022,118.5,1063513.0,8974.79,1,77.17,52915.0,1,27172.76,74.7
3272,32,2022,48.25,356410.0,7386.74,1,75.4,14192.0,1,6582.84,73.52
3274,32,2022,37.36,341235.0,9133.7,1,75.89,26618.0,1,7367.15,75.91
3279,32,2022,113.49,206457.0,1819.16,0,72.55,4929.0,1,3126.78,75.36
3302,33,2022,1328.0,1806013.0,1359.95,0,73.17,62817.0,1,19596.45,72.08
3303,33,2022,777.64,1019840.0,1311.46,0,69.54,28824.0,1,18612.08,73.66
3305,33,2022,1281.11,1376825.0,1074.71,0,70.79,32615.0,2,16901.34,72.34
3306,33,2022,1034.84,778257.0,752.06,0,73.6,21353.0,1,10569.42,71.99
3307,33,2022,984.68,896346.0,910.29,0,68.89,21587.0,1,13368.26,71.97
3308,33,2022,1085.73,1312573.0,1208.93,0,70.85,37432.0,1,18369.352,71.94
3309,33,2022,1096.35,1079952.0,985.04,0,74.97,38789.0,1,10678.13,70.75
3310,33,2022,655.56,1275850.0,1946.2,0,76.95,46592.0,1,23470.34,71.27
3311,33,2022,466.66,916627.0,1964.23,0,77.94,42781.0,1,13210.11,72.88
3312,33,2022,1941.28,1057087.0,544.53,0,71.04,33692.0,1,12691.79,73.48
3313,33,2022,774.0,947642.0,1224.34,0,76.58,43088.0,1,13706.6,73.44
3314,33,2022,941.55,992243.0,1053.84,0,74.65,44243.0,1,21541.74,70.99
3315,33,2022,2022.25,1470150.0,726.99,0,70.97,31807.0,1,31002.18,73.04
3316,33,2022,1820.95,888224.0,487.78,0,69.95,30960.0,2,13981.18,71.97
3317,33,2022,1014.08,650770.0,641.73,0,71.0,22107.0,1,9202.6,72.58
3318,33,2022,1503.68,1339572.0,890.86,0,73.14,50119.0,1,24622.39,72.71
3319,33,2022,425.2,856472.0,2014.28,1,75.89,114565.0,1,16357.9,69.66
3320,33,2022,1062.01,1192811.0,1123.16,0,73.15,35011.0,3,15051.64,70.35
3321,33,2022,897.43,1223217.0,1363.02,0,73.36,30252.0,1,26366.64,72.12
3322,33,2022,950.21,1068492.0,1124.48,0,74.67,56640.0,1,19342.15,72.04
3323,33,2022,870.65,799764.0,918.58,0,70.77,24726.0,1,14605.04,71.98
3324,33,2022,1002.23,1033367.0,1031.07,0,73.19,49666.0,1,14965.29,73.12
3325,33,2022,788.6,813791.0,1031.94,0,69.45,25444.0,1,20705.54,71.25
3326,33,2022,836.13,986455.0,1179.79,0,70.81,25962.0,1,14256.96,70.96
3327,33,2022,1115.0,1500754.0,1345.97,0,67.19,29915.0,1,21669.45,73.06
3328,33,2022,876.1,1623595.0,1853.21,0,69.53,40770.0,1,30646.62,70.55
3329,33,2022,1769.62,2010617.0,1136.19,0,67.03,53709.0,2,36693.76,72.65
3373,33,2022,56.78,195065.0,3435.45,1,84.35,15381.0,1,4166.83,73.36
3375,33,2022,45.25,309742.0,6845.13,1,75.9,12591.0,1,6038.875999999999,70.84
3376,33,2022,39.68,278299.0,7013.58,1,76.15,17680.0,1,7936.6,73.23
3401,34,2022,586.3,440680.0,751.63,0,75.46,14315.0,1,6473.07,73.34
3402,34,2022,506.85,1000800.0,1974.55,0,80.69,31183.0,1,21936.344,72.63
3403,34,2022,1485.36,749710.0,504.73,0,70.96,22749.0,1,13787.19,70.61
3404,34,2022,574.82,1145850.0,1993.41,0,84.31,54702.0,1,21780.73,71.2
3502,35,2022,1371.78,964253.0,702.92,0,71.87,23028.0,1,13955.26,74.97
3504,35,2022,1055.65,1105337.0,1047.07,0,74.06,44133.0,1,20214.89,72.17
3506,35,2022,1386.05,1656020.0,1194.78,0,73.46,46650.0,1,24008.24,71.83
3507,35,2022,3530.65,2685900.0,760.74,0,71.38,117422.0,3,35061.41,72.11
3508,35,2022,1790.9,1137227.0,635.0,0,66.95,36664.0,1,19144.61,74.98
3509,35,2022,3306.69,2567718.0,776.52,0,67.97,88030.0,4,37036.24,72.48
3510,35,2022,5782.5,1731731.0,299.48,0,71.94,93279.0,1,29707.85,72.37
3512,35,2022,1638.5,691260.0,421.89,0,68.25,23129.0,1,9389.17,73.29
3513,35,2022,1696.17,1159965.0,683.87,0,66.96,38933.0,1,16876.05,74.74
3514,35,2022,1474.02,1619035.0,1098.38,0,69.68,172654.0,1,25874.765,71.1
3516,35,2022,692.15,1133584.0,1637.77,0,74.89,95798.0,2,16832.26,73.97
3518,35,2022,1224.33,1117033.0,912.36,0,72.93,30820.0,3,16210.77,71.89
3520,35,2022,688.84,678343.0,984.76,0,74.85,21195.0,1,10064.79,73.33
3522,35,2022,2307.06,1315125.0,570.04,0,70.12,100493.0,2,13727.14,73.98
3524,35,2022,1752.21,1371509.0,782.73,0,74.02,45441.0,1,8324.09,73.48
3527,35,2022,1233.0,984162.0,798.18,0,63.39,23009.0,2,16951.13,75.63
3528,35,2022,792.2,857818.0,1082.83,0,66.99,19263.0,1,10114.06,73.02
3529,35,2022,2093.47,1136632.0,542.94,0,67.87,40255.0,1,13219.79,72.3
3571,35,2022,63.4,289418.0,4564.66,1,79.59,152778.0,1,6518.37,74.44
3572,35,2022,32.58,151960.0,4664.21,1,79.93,7834.0,1,2773.27,72.5
3573,35,2022,110.06,846126.0,7687.86,1,82.71,84807.0,1,27914.84,73.76
3575,35,2022,35.29,211497.0,5993.11,1,76.54,9453.0,1,5329.73,74.35
3576,35,2022,20.21,134350.0,6647.7,1,79.32,7637.0,1,2442.03,73.46
3577,35,2022,33.23,199192.0,5994.34,1,82.01,15819.0,1,4421.98,73.32
3579,35,2022,199.09,216735.0,1088.63,0,77.22,18588.0,1,4935.95,72.36
3601,36,2022,2746.0,1298850.0,473.0,0,65.84,32077.0,1,18445.453,68.32
3602,36,2022,3305.07,1417350.0,428.84,0,64.71,33475.0,2,21588.52,65.11
3672,36,2022,162.51,445060.0,2738.66,1,73.95,120767.0,1,8316.91,66.73
3673,36,2022,266.74,712410.0,2670.8,1,72.98,36724.0,1,21346.4,67.41
3674,36,2022,147.19,1378710.0,9366.87,1,81.95,96137.0,1,35500.94,69.84
5101,51,2022,841.8,327900.0,389.52,0,73.58,14532.0,1,5947.29,73.83
5102,51,2022,839.33,469300.0,559.14,0,76.75,23681.0,1,7961.965000000001,74.88
5103,51,2022,418.5,549500.0,1313.02,0,82.13,55290.0,1,11947.46,75.02
5104,51,2022,368.0,524000.0,1423.91,0,78.39,27944.0,1,19669.85,74.97
5105,51,2022,315.0,214000.0,679.37,0,72.55,9210.0,3,3764.36,75.01
5106,51,2022,520.81,267100.0,512.85,0,70.26,7338.0,1,4083.61,75.27
5108,51,2022,1366.0,825100.0,604.03,0,73.45,35805.0,1,14328.37,75.12
5171,51,2022,127.78,726800.0,5687.9,1,84.37,54634.0,1,31631.27,76.14
5201,52,2022,1053.92,742074.0,704.11,0,69.41,16562.0,1,10533.61,68.27
5203,52,2022,2679.88,1368136.0,510.52,0,67.59,22600.0,1,19620.96,69.27
5204,52,2022,6643.98,522357.0,78.62,0,68.89,16108.0,2,9482.04,70.17
5205,52,2022,2324.55,243404.0,104.71,0,69.15,7826.0,1,3419.4790000000003,70.33
5206,52,2022,4389.0,527664.0,120.22,0,67.57,12734.0,1,10110.21,69.3
5207,52,2022,1742.27,150338.0,86.29,0,72.65,31512.0,1,2707.1230000000005,71.22
5208,52,2022,809.53,254145.0,313.94,0,65.7,5051.0,1,3744.61,70.25
5271,52,2022,61.3,437162.0,7131.52,1,79.59,21182.0,1,9643.69,67.91
5301,53,2022,757.41,149804.0,197.78,0,64.43,2583.0,1,2591.1509999999994,71.58
5303,53,2022,5136.51,373259.0,72.67,0,65.04,8483.0,1,5692.606000000001,69.96
5304,53,2022,3933.15,467732.0,118.92,0,62.73,8810.0,1,7323.390000000001,71.82
5306,53,2022,1127.25,226307.0,200.76,0,63.22,5036.0,1,3220.28,70.67
5307,53,2022,2928.56,218059.0,74.46,0,62.26,3363.0,1,3567.518,71.85
5308,53,2022,1268.11,139436.0,109.96,0,65.47,2017.0,1,2227.56,73.32
5309,53,2022,1748.52,284122.0,162.49,0,64.93,5643.0,1,3803.861,72.06
5310,53,2022,1671.65,330429.0,197.67,0,66.06,5703.0,1,4318.03,70.2
5311,53,2022,2085.24,275785.0,132.26,0,67.97,6793.0,1,3980.226,70.88
5312,53,2022,1735.64,169383.0,97.59,0,68.26,3819.0,1,2691.034,71.51
5313,53,2022,1343.83,323054.0,240.4,0,65.83,5097.0,1,3240.843,70.22
5315,53,2022,3129.0,265613.0,84.89,0,64.92,3884.0,1,3097.24,70.27
5316,53,2022,1789.66,88706.0,49.57,0,62.71,1303.0,1,1296.556,73.3
5317,53,2022,1383.31,315427.0,228.02,0,63.15,4176.0,1,3266.995,72.74
5320,53,2022,460.96,91877.0,199.32,0,57.9,1546.0,1,1412.176,73.93
5321,53,2022,1109.16,188493.0,169.94,0,61.34,3144.0,1,2541.98,69.41
5371,53,2022,159.33,458253.0,2876.13,1,80.2,26200.0,1,8319.26,72.57
6101,61,2022,6395.7,641271.0,100.27,0,67.95,24423.0,5,11611.2,71.39
6104,61,2022,2797.88,308804.0,110.37,0,66.94,9956.0,1,3066.97,72.79
6105,61,2022,12857.7,497280.0,38.68,0,66.91,23847.0,6,8984.18,73.7
6106,61,2022,31588.0,584946.0,18.52,0,67.92,34314.0,5,11767.271000000002,72.69
6107,61,2022,21635.0,432206.0,19.98,0,67.86,17330.0,1,7303.894,72.07
6108,61,2022,29842.0,258989.0,8.68,0,66.7,12187.0,1,4866.38,72.94
6109,61,2022,5444.2,216862.0,39.83,0,65.58,7884.0,1,3836.493,73.48
6110,61,2022,10640.8,235669.0,22.15,0,66.81,6177.0,1,3806.898,74.36
6111,61,2022,4568.26,130592.0,28.59,0,63.81,4981.0,1,2265.7870000000003,72.38
6112,61,2022,6985.2,628558.0,89.98,0,68.91,35209.0,3,11293.416,73.7
6172,61,2022,504.0,242177.0,480.51,0,72.89,11922.0,1,3429.79,72.54
6204,62,2022,7020.09,133478.0,19.01,0,71.01,8132.0,1,2443.97,73.24
6205,62,2022,8300.0,158539.0,19.1,0,71.21,14298.0,1,2260.39,72.89
6206,62,2022,3827.0,65457.0,17.1,0,68.94,5460.0,1,1020.348,72.54
6207,62,2022,6414.0,100509.0,15.67,0,71.11,7316.0,1,1560.46,74.66
6208,62,2022,16404.0,168262.0,10.26,0,68.24,10809.0,1,2999.94,74.63
6209,62,2022,20382.53,166820.0,8.18,0,69.74,9966.0,1,2710.1530000000007,73.24
6210,62,2022,8997.0,136869.0,15.21,0,69.01,6465.0,1,2469.88,73.21
6211,62,2022,10804.0,140125.0,12.97,0,71.4,8135.0,1,3705.84,75.6
6212,62,2022,3834.0,115860.0,30.22,0,72.07,10948.0,1,1679.83,72.17
6213,62,2022,23700.16,114831.0,4.85,0,68.63,12999.0,1,2033.98,72.85
6271,62,2022,2853.19,301417.0,105.64,0,81.16,21955.0,1,5544.81,73.58
6301,63,2022,3631.35,358090.0,98.61,0,70.35,19022.0,1,5180.74,72.2
6302,63,2022,9442.46,326631.0,34.59,0,69.74,33266.0,1,6614.35,73.94
6303,63,2022,4668.5,570347.0,122.17,0,70.72,21071.0,1,13051.24,72.89
6304,63,2022,2996.46,319708.0,106.7,0,67.37,9868.0,2,3517.98,75.01
6308,63,2022,915.05,233428.0,255.1,0,66.84,5671.0,1,3376.83,73.33
6309,63,2022,3556.0,258525.0,72.7,0,73.13,29172.0,1,3750.78,74.08
6310,63,2022,4871.39,341137.0,70.03,0,71.79,31610.0,3,6074.35,74.59
6311,63,2022,1878.3,133789.0,71.23,0,69.73,19848.0,1,2057.63,73.18
6372,63,2022,371.38,268292.0,722.42,0,79.68,11786.0,1,6707.97,72.67
6401,64,2022,11603.94,286952.0,24.73,0,73.44,76262.0,1,4330.1,74.6
6403,64,2022,27263.1,791855.0,29.04,0,74.67,240393.0,6,11452.48,74.08
6404,64,2022,35747.5,399453.0,11.17,0,74.35,211101.0,2,7767.44,73.4
6405,64,2022,34127.17,236325.0,6.92,0,75.74,60158.0,2,4980.19,72.74
6409,64,2022,3333.0,159073.0,47.73,0,72.55,13129.0,1,3503.4,73.31
6411,64,2022,15315.0,27201.0,1.78,0,68.75,3169.0,1,558.46,74.67
6472,64,2022,716.96,865911.0,1207.75,0,81.43,83354.0,2,21434.79,73.41
6501,65,2022,38911.8,84509.0,2.17,0,72.75,17587.0,1,1415.649,77.97
6503,65,2022,3504.0,26783.0,7.64,0,68.6,8626.0,1,517.79,76.67
6504,65,2022,13564.0,204762.0,15.1,0,67.16,40151.0,1,1557.68,75.95
6571,65,2022,251.0,248182.0,988.77,0,76.68,47488.0,1,5312.909000000001,76.77
7101,71,2022,3269.3,252648.0,77.28,0,68.95,9777.0,1,4571.22,75.89
7102,71,2022,1128.45,350317.0,310.44,0,76.18,20369.0,2,6363.28,75.9
7103,71,2022,597.26,140165.0,234.68,0,71.63,5223.0,1,2039.39,75.17
7104,71,2022,1012.14,95545.0,94.4,0,70.43,2631.0,1,1610.038,76.2
7105,71,2022,1456.69,241680.0,165.91,0,72.89,10527.0,1,3452.36,74.16
7106,71,2022,995.55,229368.0,230.39,0,74.69,17226.0,1,4311.42,73.67
7109,71,2022,753.14,118023.0,156.71,0,71.48,6147.0,1,1684.1,74.89
7110,71,2022,1796.07,71481.0,39.8,0,65.9,2504.0,1,1055.35,75.56
7111,71,2022,859.97,92299.0,107.33,0,67.21,3533.0,1,1347.62,74.07
7171,71,2022,162.35,454606.0,2800.16,1,79.66,43920.0,1,10624.11,74.81
7172,71,2022,329.72,229795.0,696.94,0,74.7,20620.0,1,5805.52,75.54
7173,71,2022,169.06,101151.0,598.31,0,77.44,5034.0,1,1851.04,76.32
7174,71,2022,108.89,125405.0,1151.67,0,73.96,4413.0,1,3146.38,75.14
7201,72,2022,2385.07,123576.0,51.81,0,66.08,4569.0,1,2192.59,75.77
7203,72,2022,4486.89,176244.0,39.28,0,72.55,146772.0,1,3064.36,76.48
7204,72,2022,7545.93,252650.0,33.48,0,71.93,10891.0,1,4516.106,75.86
7205,72,2022,5126.59,305890.0,59.67,0,66.25,13781.0,1,4423.29,75.27
7206,72,2022,3700.37,228641.0,61.79,0,66.76,9697.0,1,3326.593,76.42
7207,72,2022,3723.58,148246.0,39.81,0,68.72,6713.0,1,2267.039,74.52
7208,72,2022,5805.61,446712.0,76.94,0,66.26,20061.0,1,8258.25,74.69
7210,72,2022,5225.44,266812.0,51.06,0,69.05,10600.0,1,4700.84,76.83
7211,72,2022,725.67,71345.0,98.32,0,66.22,2804.0,1,1354.99,74.71
7212,72,2022,8736.01,124006.0,14.19,0,68.97,21082.0,1,2230.88,75.4
7271,72,2022,395.06,381572.0,965.86,0,82.02,28445.0,1,7407.37,73.57
7301,73,2022,1160.36,139658.0,120.36,0,68.35,7480.0,1,2014.42,71.85
7302,73,2022,1175.53,445815.0,379.25,0,70.34,17233.0,1,6530.46,75.59
7303,73,2022,390.97,200843.0,513.7,0,69.69,12164.0,1,2956.24,72.45
7306,73,2022,1813.0,788159.0,434.73,0,70.99,25612.0,1,11575.45,72.58
7309,73,2022,888.91,352056.0,396.05,0,69.79,30482.0,1,5153.06,75.07
7310,73,2022,1201.9,186678.0,155.32,0,71.53,8878.0,1,2781.72,72.67
7311,73,2022,4567.36,816013.0,178.66,0,67.01,43641.0,1,14811.52,73.01
7312,73,2022,1385.55,237120.0,171.14,0,69.7,13742.0,1,3439.38,72.7
7314,73,2022,1832.3,325058.0,177.4,0,72.06,16699.0,1,4718.63,73.84
7315,73,2022,1896.58,413966.0,218.27,0,71.97,23765.0,1,6586.18,73.33
7316,73,2022,1806.85,231121.0,127.91,0,73.39,9025.0,1,4174.07,72.74
7317,73,2022,2902.07,374316.0,128.98,0,71.36,19981.0,1,5812.505999999999,72.83
7318,73,2022,2043.62,286451.0,140.17,0,69.88,8757.0,1,4249.27,73.54
7322,73,2022,7422.42,329892.0,44.45,0,70.51,16051.0,1,5629.493,74.43
7326,73,2022,1289.13,268877.0,208.57,0,70.36,11311.0,1,5784.78,74.43
7371,73,2022,176.85,1444879.0,8170.08,1,83.12,208936.0,1,36592.43,73.25
7372,73,2022,89.67,155912.0,1738.73,0,78.54,8697.0,1,2838.9,73.37
7373,73,2022,273.24,189841.0,694.78,0,78.91,9768.0,1,3418.79,73.58
7402,74,2022,1858.1,221370.0,119.14,0,69.61,8261.0,1,3393.76,73.44
7403,74,2022,5351.85,264930.0,49.5,0,72.04,14270.0,1,5627.964,75.74
7404,74,2022,2958.92,243040.0,82.14,0,73.98,31397.0,1,4402.16,73.42
7405,74,2022,4237.74,318350.0,75.12,0,69.36,14537.0,1,5003.014999999999,73.86
7406,74,2022,3293.97,155510.0,47.21,0,66.81,7780.0,1,2422.8589999999995,75.57
7407,74,2022,450.46,114620.0,254.45,0,70.85,5241.0,1,2945.56,74.96
7408,74,2022,2932.25,142770.0,48.69,0,70.39,10096.0,1,2034.06,75.88
7409,74,2022,1755.83,68090.0,38.78,0,69.0,3802.0,1,1021.714,73.75
7410,74,2022,4219.81,70680.0,16.75,0,71.1,4799.0,1,1274.977,72.81
7411,74,2022,3992.53,123980.0,31.05,0,68.73,5274.0,1,2114.757,75.89
7412,74,2022,705.71,38310.0,54.29,0,66.69,1579.0,1,630.4400000000002,74.85
7413,74,2022,818.7,87590.0,106.99,0,66.21,3070.0,1,1252.953,74.17
7414,74,2022,836.96,117630.0,140.54,0,65.29,2794.0,1,2065.578,75.7
7415,74,2022,517.63,97950.0,189.23,0,65.44,3314.0,1,802.67,76.89
7472,74,2022,294.14,163720.0,556.61,0,76.67,10711.0,1,2992.33,74.41
7501,75,2022,1830.87,148526.0,81.12,0,67.27,6112.0,1,2234.498,77.43
7502,75,2022,2160.36,398801.0,184.6,0,68.28,14889.0,1,5776.27,76.51
7503,75,2022,4370.36,149297.0,34.16,0,66.53,7534.0,1,2156.26,74.25
7504,75,2022,1889.0,166200.0,87.98,0,70.9,5279.0,1,1819.89,75.67
7505,75,2022,1703.63,128563.0,75.46,0,66.01,3854.0,1,2247.2290000000003,73.22
7571,75,2022,70.93,201350.0,2838.71,1,78.22,9757.0,1,5164.65,72.8
7601,76,2022,947.84,177390.0,187.15,0,67.84,5537.0,1,2589.89,74.16
7602,76,2022,2074.76,490493.0,236.41,0,64.79,14843.0,1,7245.608,75.16
7603,76,2022,3005.88,166471.0,55.38,0,67.21,3288.0,1,2405.166,73.49
7604,76,2022,4979.89,285616.0,57.35,0,68.88,13378.0,1,5251.057000000001,74.57
7605,76,2022,3043.75,198608.0,65.25,0,68.61,13185.0,1,2914.227,73.35
7606,76,2022,3014.37,140028.0,46.45,0,66.89,3814.0,1,2005.75,75.91
8101,81,2022,10102.92,124787.0,12.35,0,63.45,3153.0,1,2174.341,76.76
8102,81,2022,4676.0,124199.0,26.56,0,66.88,3785.0,1,2226.811,77.98
8103,81,2022,2759.07,427050.0,154.78,0,71.81,9986.0,1,6201.06,76.56
8106,81,2022,6948.4,217958.0,31.37,0,66.67,3501.0,1,4681.325999999999,76.8
8107,81,2022,3952.08,143438.0,36.29,0,65.05,3638.0,1,2489.315,76.86
8108,81,2022,8633.15,82560.0,9.56,0,63.07,2264.0,1,1299.283,75.92
8171,81,2022,377.0,348225.0,923.67,0,81.63,17175.0,1,6974.224,76.82
8172,81,2022,352.66,93145.0,264.12,0,68.6,2909.0,1,1549.425,76.61
8201,82,2022,2239.11,136282.0,60.86,0,66.2,2529.0,1,2359.847,76.92
8202,82,2022,2276.9,86379.0,37.94,0,66.49,21302.0,1,1091.373,75.79
8204,82,2022,8096.4,253331.0,31.29,0,65.06,14326.0,1,4752.630999999999,76.54
8205,82,2022,3891.62,201196.0,51.7,0,68.38,6489.0,1,5049.7,77.13
8206,82,2022,6488.73,96395.0,14.86,0,67.93,4184.0,1,1639.2320000000004,75.51
8207,82,2022,2337.33,78304.0,33.5,0,63.8,1752.0,1,1139.395,76.15
8208,82,2022,2985.75,63231.0,21.18,0,61.64,1871.0,1,773.5310000000001,76.03
8271,82,2022,579.54,201916.0,348.41,0,80.81,12314.0,1,4374.687999999999,74.89
9101,91,2022,14320.0,89319.0,6.24,0,69.12,5591.0,1,1507.486,74.54
9102,91,2022,18500.0,65061.0,3.52,0,66.11,2741.0,1,929.04,76.5
9103,91,2022,14953.8,45030.0,3.01,0,60.87,1663.0,1,669.72,72.97
9104,91,2022,18658.0,80884.0,4.34,0,65.27,34935.0,1,1229.266,75.56
9105,91,2022,14250.94,200785.0,14.09,0,72.6,10282.0,1,5962.78,76.76
9107,91,2022,13075.28,124195.0,9.5,0,66.69,11572.0,1,1816.27,76.74
9109,91,2022,11529.18,32617.0,2.83,0,54.63,256.0,1,623.598,77.59
9111,91,2022,2812.44,37423.0,13.31,0,60.68,887.0,1,639.905,74.64
9171,91,2022,1105.0,282802.0,255.93,0,78.98,16174.0,1,6030.945,74.66
9402,94,2022,7030.66,273503.0,38.9,0,59.6,9166.0,1,4859.807000000001,69.56
9403,94,2022,17514.0,200224.0,11.43,0,72.67,18279.0,1,3136.03,71.78
9409,94,2022,2602.0,146346.0,56.24,0,72.85,5865.0,1,2143.46,69.81
9410,94,2022,6526.25,122124.0,18.71,0,57.14,4705.0,1,2227.777,72.79
9412,94,2022,21693.51,312255.0,14.39,0,75.08,110425.0,1,5774.21,70.93
9413,94,2022,27108.29,65310.0,2.41,0,62.52,5078.0,1,951.82,69.96
9414,94,2022,23824.0,108232.0,4.54,0,59.61,3351.0,1,2207.03,71.14
9415,94,2022,23746.0,108912.0,4.59,0,52.22,2881.0,1,1657.45,71.44
9416,94,2022,17512.0,355021.0,20.27,0,50.25,2694.0,1,5329.83,71.74
9417,94,2022,15683.0,112251.0,7.16,0,47.21,2203.0,1,1950.324,71.92
9418,94,2022,14263.0,251117.0,17.61,0,50.51,1817.0,1,4699.141,70.85
9419,94,2022,18034.0,41821.0,2.32,0,64.86,3316.0,1,611.0,72.63
9426,94,2022,22004.87,36974.0,1.68,0,65.67,2311.0,1,528.52,67.67
9427,94,2022,634.24,25015.0,39.44,0,63.65,1139.0,1,638.2139999999999,71.78
9428,94,2022,23813.91,38735.0,1.63,0,53.1,1973.0,1,685.251,71.56
9431,94,2022,3743.64,48735.0,13.02,0,49.25,1287.0,1,661.784,70.23
9432,94,2022,4330.29,104066.0,24.03,0,49.9,1440.0,1,1522.612,70.52
9433,94,2022,8055.0,176561.0,21.92,0,43.87,1613.0,1,3294.3229999999994,71.64
9434,94,2022,4237.4,115380.0,27.23,0,55.72,1445.0,1,2082.338,70.72
9435,94,2022,3922.02,136365.0,34.77,0,49.25,1359.0,1,2440.276,70.71
9471,94,2022,940.0,368578.0,392.1,0,80.61,35365.0,1,7952.83,70.69
1102,11,2023,1857.88,135435.0,72.9,0,70.14,3203.0,1,1909.49,75.53
1103,11,2023,4173.82,236933.0,56.77,0,68.44,7034.0,1,3532.35,76.31
1104,11,2023,4242.04,231331.0,54.53,0,71.05,6258.0,1,4166.62,73.98
1106,11,2023,4527.53,227168.0,50.17,0,74.6,9843.0,1,4232.64,75.38
1107,11,2023,2927.95,204475.0,69.84,0,72.88,13572.0,1,3681.37,75.86
1108,11,2023,2903.5,435298.0,149.92,0,74.53,16978.0,2,5405.33,76.7
1109,11,2023,3184.46,444898.0,139.71,0,71.66,13490.0,1,5979.585,76.01
1110,11,2023,1781.34,458978.0,257.66,0,73.63,17028.0,1,5598.226000000001,76.03
1111,11,2023,3296.86,627543.0,190.35,0,70.87,28472.0,1,11324.702,75.32
1113,11,2023,5365.98,104856.0,19.54,0,68.93,3336.0,1,1506.85,74.7
1114,11,2023,1957.02,308102.0,157.43,0,71.35,10729.0,1,4456.17,73.63
1116,11,2023,3727.0,99717.0,26.76,0,70.88,3374.0,2,1752.51,73.68
1117,11,2023,1145.0,175781.0,153.52,0,74.49,6016.0,1,2468.57,74.03
1118,11,2023,952.11,163591.0,171.82,0,74.8,4349.0,1,2402.682,74.24
1172,11,2023,122.13,43527.0,356.4,0,77.52,1747.0,1,630.84,72.7
1174,11,2023,181.06,196067.0,1082.88,0,78.92,11170.0,1,3413.378,75.08
1175,11,2023,1391.0,103044.0,74.08,0,67.1,2560.0,1,2083.11,76.17
1201,12,2023,853.44,153658.0,180.05,0,64.56,4858.0,1,2329.448999999999,73.43
1203,12,2023,4355.35,312540.0,71.76,0,71.55,18875.0,1,5377.656,72.28
1204,12,2023,2194.98,386895.0,176.26,0,70.91,12632.0,1,5687.532,72.74
1205,12,2023,3793.71,323102.0,85.17,0,74.65,10490.0,1,3638.134000000001,73.96
1206,12,2023,2022.0,213850.0,105.76,0,76.38,9656.0,2,3506.72,74.15
1207,12,2023,2561.38,513826.0,200.61,0,73.69,45763.0,1,7606.711999999999,75.47
1208,12,2023,3732.97,802563.0,214.99,0,71.56,51282.0,1,17625.962000000003,73.95
1209,12,2023,4372.5,1035920.0,236.92,0,74.29,52239.0,1,18644.47,73.02
1211,12,2023,2127.25,420799.0,197.81,0,75.98,26409.0,1,6285.852000000001,73.46
1213,12,2023,6273.29,1066711.0,170.04,0,72.21,56191.0,3,18916.007000000005,71.43
1214,12,2023,2487.99,382539.0,153.75,0,64.12,8575.0,1,5359.808,73.4
1215,12,2023,2297.2,204700.0,89.11,0,70.75,7655.0,1,3302.3490000000006,74.3
1216,12,2023,1218.0,55172.0,45.3,0,69.58,1560.0,1,943.027,73.69
1217,12,2023,1444.25,141333.0,97.86,0,72.08,5656.0,1,2272.9300000000003,73.63
1219,12,2023,904.96,430533.0,475.75,0,70.31,43775.0,1,6691.228999999999,73.35
1220,12,2023,3945.56,275448.0,69.81,0,71.63,15822.0,1,5511.264999999999,72.59
1221,12,2023,3892.74,275648.0,70.81,0,70.34,16127.0,1,5768.539999999999,71.51
1222,12,2023,3596.0,330797.0,91.99,0,72.82,37584.0,1,5270.267,73.29
1223,12,2023,3545.8,401863.0,113.33,0,73.63,33271.0,1,6722.015000000001,73.57
1224,12,2023,1242.0,155873.0,125.5,0,64.64,4478.0,1,2382.0639999999994,72.66
1271,12,2023,10.77,91265.0,8474.0,1,75.2,6821.0,1,1687.423,73.62
1273,12,2023,79.97,274838.0,3436.76,1,80.46,16228.0,1,5866.46,72.76
1274,12,2023,38.96,178914.0,4592.25,1,76.98,7428.0,1,3461.6320000000005,73.59
1276,12,2023,90.45,303272.0,3352.92,1,77.6,14460.0,1,5736.678000000001,73.26
1277,12,2023,159.3,236217.0,1482.84,0,76.44,7929.0,1,4647.842999999999,73.44
1278,12,2023,469.4,142890.0,304.41,0,70.68,6924.0,1,2510.858,72.73
1301,13,2023,6033.76,90406.0,14.98,0,63.13,5915.0,1,1302.648,73.35
1302,13,2023,1938.79,523402.0,269.96,0,71.44,18026.0,1,5655.87,73.87
1303,13,2023,3738.0,401371.0,107.38,0,70.63,17316.0,1,5923.4,74.01
1305,13,2023,1336.0,378797.0,283.53,0,73.98,16460.0,1,4738.26,72.4
1307,13,2023,2232.4,547578.0,245.29,0,73.98,26163.0,1,8016.38,71.24
1308,13,2023,3354.0,391054.0,116.59,0,70.7,19604.0,1,5887.9,72.72
1309,13,2023,3947.63,311744.0,78.97,0,68.13,11360.0,1,4488.41,72.53
1311,13,2023,2961.0,238211.0,80.45,0,73.04,13346.0,1,3817.204,71.91
1312,13,2023,3887.77,448639.0,115.4,0,70.19,19545.0,1,6793.519,72.12
1371,13,2023,694.96,924687.0,1330.56,0,83.58,79705.0,1,23629.66,75.02
1372,13,2023,58.72,77240.0,1315.4,0,79.58,5262.0,1,2036.41,71.58
1373,13,2023,273.45,67131.0,245.5,0,74.42,4825.0,1,692.6,70.57
1374,13,2023,23.0,58729.0,2553.43,1,79.26,4474.0,1,1366.8920000000005,71.17
1375,13,2023,25.24,123013.0,4873.73,1,81.78,11132.0,1,3868.851,69.31
1376,13,2023,80.43,145468.0,1808.63,0,79.97,8982.0,1,3404.16,72.98
1377,13,2023,64.97,98143.0,1510.59,0,78.13,6435.0,1,1914.379,74.35
1402,14,2023,8198.71,475002.0,57.94,0,71.04,56482.0,2,6665.338000000001,73.67
1403,14,2023,12614.78,663248.0,52.58,0,67.98,87546.0,5,9206.85,74.41
1404,14,2023,12614.78,422907.0,33.52,0,73.59,70522.0,1,6604.835000000001,75.04
1405,14,2023,8556.09,488497.0,57.09,0,74.98,109923.0,4,6972.23,74.45
1406,14,2023,11289.28,898840.0,79.62,0,74.24,106929.0,4,17220.195000000003,73.97
1408,14,2023,514.0,592390.0,1152.51,0,74.97,168636.0,4,9511.5,74.31
1409,14,2023,8881.59,669996.0,75.44,0,70.78,94740.0,4,10525.473000000002,73.31
1410,14,2023,3708.0,217607.0,58.69,0,67.28,25609.0,1,4246.342,73.75
1471,14,2023,632.3,1020308.0,1613.65,0,82.38,159961.0,1,31531.527,74.62
1473,14,2023,1727.0,340310.0,197.05,0,75.66,49034.0,1,6210.66,73.67
1501,15,2023,3807.0,255100.0,67.01,0,72.54,13405.0,1,4676.572,78.91
1502,15,2023,7679.0,368400.0,47.97,0,70.81,22525.0,1,6499.368,79.63
1503,15,2023,6174.0,302200.0,48.95,0,71.29,21509.0,2,5597.233,80.8
1504,15,2023,5804.83,312700.0,53.87,0,71.02,25449.0,1,5489.951,78.49
1505,15,2023,5246.0,418800.0,79.83,0,71.04,35885.0,1,6894.331,77.53
1506,15,2023,5426.0,236700.0,43.62,0,66.65,25073.0,1,4907.733,80.16
1508,15,2023,6461.0,350800.0,54.3,0,70.63,21183.0,2,5743.963,79.89
1509,15,2023,4659.0,376400.0,80.79,0,71.06,26235.0,1,5901.41,78.65
1571,15,2023,205.38,627800.0,3056.77,1,80.15,40581.0,1,18326.996,79.69
1572,15,2023,391.5,99800.0,254.92,0,76.65,9475.0,1,1761.105,79.36
1601,16,2023,4797.0,379130.0,79.03,0,71.01,19019.0,1,5975.98,73.66
1602,16,2023,19023.47,797429.0,41.92,0,68.65,37395.0,5,16731.716999999997,70.83
1603,16,2023,6763.91,633779.0,93.7,0,70.24,118518.0,4,8497.14,75.28
1604,16,2023,4344.87,444949.0,102.41,0,69.1,29289.0,1,9805.33,72.32
1605,16,2023,6357.09,407694.0,64.13,0,68.26,23527.0,1,7437.85,73.61
1607,16,2023,11875.0,874210.0,73.62,0,68.65,37440.0,3,19071.625,72.25
1608,16,2023,5493.94,424190.0,77.21,0,66.67,11090.0,1,6233.972000000001,71.83
1609,16,2023,4369.25,668035.0,152.89,0,70.96,19465.0,1,10719.851000000002,74.7
1611,16,2023,2256.0,342178.0,151.67,0,66.68,6303.0,1,4215.682000000001,72.06
1612,16,2023,1840.0,202681.0,110.15,0,66.64,8719.0,1,3194.4210000000003,74.62
1613,16,2023,6008.55,195962.0,32.61,0,66.6,9067.0,1,3056.4170000000004,75.24
1671,16,2023,352.52,1706371.0,4840.49,1,80.02,194570.0,1,41039.377,75.88
1673,16,2023,633.66,147836.0,233.3,0,70.45,3491.0,1,2698.01,73.7
1674,16,2023,401.5,242976.0,605.17,0,76.19,8234.0,1,4369.837000000001,73.53
1702,17,2023,1515.76,283689.0,187.16,0,72.31,11899.0,1,5317.344999999999,73.13
1703,17,2023,4424.6,306201.0,69.2,0,70.28,12491.0,1,5728.498000000001,71.95
1705,17,2023,4128.0,216977.0,52.56,0,68.27,5769.0,1,3901.39,72.51
1708,17,2023,665.0,156330.0,235.08,0,69.6,5616.0,1,2602.805,73.02
1771,17,2023,151.7,391045.0,2577.75,1,81.45,30811.0,1,9130.789,72.66
1801,18,2023,3368.14,303931.0,90.24,0,69.11,9018.0,1,4115.424,74.3
1803,18,2023,2219.46,1090174.0,491.19,0,69.63,55759.0,1,19356.766,72.49
1804,18,2023,5325.03,1137434.0,213.6,0,71.21,52874.0,2,18286.939,71.63
1805,18,2023,4559.56,1522426.0,333.9,0,71.6,90078.0,1,25185.09,71.99
1806,18,2023,2529.54,635903.0,251.39,0,68.95,29261.0,1,9632.04,71.5
1808,18,2023,4386.0,431623.0,98.41,0,70.02,28197.0,1,6978.347,72.9
1809,18,2023,1173.77,492474.0,419.57,0,67.67,20217.0,1,8113.452000000002,72.65
1810,18,2023,617.19,409858.0,664.07,0,71.61,14010.0,1,5962.86,71.37
1811,18,2023,2184.0,235546.0,107.85,0,65.64,12949.0,1,3696.863,71.0
1812,18,2023,1201.15,291437.0,242.63,0,67.81,14390.0,1,4228.45,71.83
1813,18,2023,2953.0,165937.0,56.19,0,66.0,5735.0,1,2406.31,70.63
1871,18,2023,197.22,1234988.0,6261.98,1,78.56,74104.0,1,28705.83,73.31
1872,18,2023,73.21,172505.0,2356.3,1,78.36,7865.0,1,3371.043,72.86
1902,19,2023,2293.69,189225.0,82.5,0,74.02,13510.0,1,2740.6,76.69
1904,19,2023,2279.11,203733.0,89.39,0,71.71,11427.0,1,3060.45,77.52
1905,19,2023,3607.08,206972.0,57.38,0,68.51,11372.0,1,3071.02,76.33
1906,19,2023,2506.91,132355.0,52.8,0,72.86,10562.0,1,1916.94,76.02
1971,19,2023,118.4,236267.0,1995.5,0,79.93,18809.0,1,5484.192000000001,77.86
2101,21,2023,1524.0,267762.0,175.7,0,73.51,17017.0,1,7142.22,74.25
2102,21,2023,1946.13,175873.0,90.37,0,75.7,25084.0,1,2040.99,76.24
2103,21,2023,1978.29,83668.0,42.29,0,74.21,23520.0,1,1272.58,76.28
2104,21,2023,2117.72,101917.0,48.13,0,67.44,5250.0,1,1504.181,73.58
2105,21,2023,590.14,50140.0,84.96,0,70.26,19241.0,1,487.68,76.45
2171,21,2023,3868.97,1256610.0,324.79,0,82.11,216098.0,1,42305.41,77.7
3101,31,2023,10.73,28523.0,2658.25,1,73.39,8214.0,1,663.43,77.89
3203,32,2023,3614.35,2578790.0,713.49,0,66.55,58391.0,1,45540.027,76.67
3205,32,2023,3065.19,2649198.0,864.29,0,68.11,72229.0,1,40946.54,78.14
3207,32,2023,1425.0,1257583.0,882.51,0,72.05,39841.0,2,18217.44,81.54
3208,32,2023,1194.0,1211553.0,1014.7,0,70.72,32545.0,1,18451.857,81.06
3209,32,2023,1076.76,2339555.0,2172.77,1,70.95,61310.0,1,45988.304,79.57
3210,32,2023,1204.24,1351828.0,1122.56,0,69.13,41713.0,1,22435.667,79.63
3211,32,2023,1558.72,1174485.0,753.49,0,73.18,43327.0,2,17480.61,79.56
3212,32,2023,2099.42,1892043.0,901.22,0,69.25,103560.0,2,38818.07899999999,79.65
3213,32,2023,1893.95,1639931.0,865.88,0,70.7,49692.0,1,25286.778,78.94
3214,32,2023,825.74,1045704.0,1266.38,0,72.09,82129.0,3,16196.412,78.67
3217,32,2023,1287.41,1879840.0,1460.17,0,69.61,56945.0,1,36417.01,79.08
3218,32,2023,1010.0,437094.0,432.77,0,69.38,14256.0,1,7310.114000000001,80.15
3272,32,2023,48.2,362018.0,7510.75,1,76.32,15350.0,1,6730.83,79.59
3274,32,2023,37.36,345578.0,9249.95,1,76.46,28773.0,1,7297.298000000001,80.66
3278,32,2023,183.8,742958.0,4042.21,1,74.47,27411.0,1,11795.52,80.99
3279,32,2023,132.0,209493.0,1587.07,0,73.08,5247.0,1,3162.42,80.72
3301,33,2023,2249.28,2007829.0,892.65,0,71.83,132425.0,3,35760.807,74.31
3303,33,2023,777.64,1027333.0,1321.09,0,70.24,31225.0,1,19775.84,76.04
3304,33,2023,1069.71,1047226.0,978.98,0,69.14,27191.0,1,15355.018,74.05
3305,33,2023,1281.11,1397555.0,1090.89,0,71.37,35764.0,1,23446.438,76.95
3306,33,2023,1034.84,788265.0,761.73,0,74.28,23188.0,1,11743.29,76.03
3307,33,2023,1011.62,909664.0,899.22,0,69.37,23330.0,1,13281.09,74.27
3309,33,2023,1096.35,1090129.0,994.33,0,75.41,42736.0,1,13662.246000000005,76.88
3310,33,2023,701.52,1284386.0,1830.86,0,77.59,51274.0,1,23705.07,73.91
3311,33,2023,466.66,932680.0,1998.63,0,78.65,46521.0,1,18298.487,75.29
3312,33,2023,1941.28,1051085.0,541.44,0,71.97,36943.0,1,12799.9,76.44
3313,33,2023,774.0,955116.0,1234.0,0,77.31,47204.0,1,18876.467,73.19
3316,33,2023,1820.59,901621.0,495.24,0,70.63,31753.0,2,14143.3,75.76
3317,33,2023,1014.08,660166.0,651.0,0,71.89,24130.0,1,9277.01,74.94
3318,33,2023,1503.68,1359364.0,904.02,0,73.59,54775.0,1,25109.26,73.85
3319,33,2023,425.2,874632.0,2056.99,1,76.71,121310.0,1,16748.724,74.7
3321,33,2023,897.43,1240510.0,1382.29,0,74.07,33017.0,1,24298.584000000006,76.1
3322,33,2023,950.21,1080648.0,1137.27,0,75.13,61284.0,1,19460.19,74.57
3323,33,2023,870.65,808446.0,928.55,0,71.33,26912.0,1,14735.78,74.68
3324,33,2023,1002.23,1052826.0,1050.48,0,73.86,54360.0,1,18116.824,75.1
3326,33,2023,836.13,1007384.0,1204.82,0,71.4,28112.0,1,17417.218,74.74
3328,33,2023,876.1,1654836.0,1888.87,0,70.23,44440.0,1,22049.37,76.4
3329,33,2023,1769.62,2043077.0,1154.53,0,67.95,57599.0,2,36693.76,75.87
3371,33,2023,18.12,122150.0,6741.17,1,81.17,10983.0,1,2940.03,74.04
3374,33,2023,373.7,1694743.0,4535.04,1,84.43,248903.0,1,43153.47,75.07
3375,33,2023,45.25,317524.0,7017.1,1,76.71,13744.0,1,6167.206,76.23
3376,33,2023,39.68,282781.0,7126.54,1,77.02,19162.0,1,7141.637,75.98
3401,34,2023,586.3,443050.0,755.67,0,75.79,15847.0,1,8003.39,74.29
3402,34,2023,506.85,1009430.0,1991.58,0,81.39,34012.0,1,21103.181,73.02
3404,34,2023,574.82,1157290.0,2013.31,1,84.77,59432.0,1,22577.452,75.77
3501,35,2023,1390.0,596649.0,429.24,0,70.19,19491.0,1,10534.56,73.54
3502,35,2023,1371.78,972582.0,708.99,0,72.5,25248.0,1,14459.272999999996,75.24
3503,35,2023,1261.4,744358.0,590.1,0,71.73,22740.0,1,11149.87,74.7
3504,35,2023,1055.65,1113973.0,1055.25,0,74.61,47964.0,1,20402.88,72.75
3506,35,2023,1386.05,1667450.0,1203.02,0,73.96,50638.0,1,24177.89,72.26
3507,35,2023,3530.65,2703175.0,765.63,0,72.16,128373.0,3,35292.73,73.88
3509,35,2023,3306.69,2584771.0,781.68,0,68.64,95290.0,3,36315.70399999999,71.93
3510,35,2023,5782.5,1744814.0,301.74,0,72.61,101297.0,1,30531.29,74.15
3511,35,2023,1560.1,784192.0,502.65,0,67.99,24773.0,1,11248.032,73.58
3512,35,2023,1638.5,694081.0,423.61,0,69.16,25225.0,1,9213.08,74.34
3514,35,2023,1474.02,1626029.0,1103.13,0,70.29,186946.0,1,26610.963,74.31
3517,35,2023,1159.5,1345886.0,1160.75,0,74.6,49984.0,1,19358.34,74.26
3518,35,2023,1224.33,1124247.0,918.25,0,73.71,33647.0,3,16308.68,72.65
3519,35,2023,1010.86,765135.0,756.91,0,72.97,23833.0,1,10914.8,74.43
3521,35,2023,1394.74,881393.0,631.94,0,72.47,24325.0,1,14808.226,74.54
3522,35,2023,2307.06,1322474.0,573.23,0,70.85,97522.0,2,13363.94,73.48
3524,35,2023,1752.21,1386941.0,791.54,0,74.53,48927.0,1,18450.527,73.05
3525,35,2023,1256.76,1344648.0,1069.93,0,77.98,176071.0,1,14423.83,73.86
3526,35,2023,1260.15,1101556.0,874.15,0,65.75,27740.0,1,15225.9,74.07
3527,35,2023,1233.0,992210.0,804.71,0,64.13,24087.0,1,14597.556,73.01
3528,35,2023,792.2,862009.0,1088.12,0,67.96,20881.0,1,10115.61,73.11
3529,35,2023,2093.47,1143295.0,546.12,0,68.61,42848.0,1,13411.67,72.95
3571,35,2023,63.4,290836.0,4587.03,1,80.44,159750.0,1,6346.19,74.13
3572,35,2023,32.58,153541.0,4712.74,1,80.63,8515.0,1,3020.214,75.99
3573,35,2023,110.06,847182.0,7697.46,1,83.39,93053.0,1,28409.54,73.56
3574,35,2023,56.67,245174.0,4326.57,1,75.43,14296.0,1,3570.56,74.34
3575,35,2023,39.0,213450.0,5473.08,1,77.17,10400.0,1,5383.02,71.93
3576,35,2023,20.21,135414.0,6700.35,1,80.07,8039.0,1,3213.729,73.72
3577,35,2023,33.23,201460.0,6062.59,1,82.71,17256.0,1,4693.315999999999,74.67
3579,35,2023,199.09,218802.0,1099.01,0,78.18,20524.0,1,5206.27,74.51
3602,36,2023,3305.07,1433700.0,433.79,0,65.21,35571.0,2,21826.65,69.19
3604,36,2023,1734.28,1682130.0,969.93,0,68.39,95080.0,1,42896.28,71.19
3672,36,2023,162.51,450510.0,2772.2,1,74.54,129532.0,1,10177.28,71.22
3673,36,2023,266.74,723790.0,2713.47,1,73.48,39838.0,1,21950.3,70.43
3674,36,2023,147.19,1391650.0,9454.79,1,82.28,104388.0,1,36917.75,72.16
5101,51,2023,841.8,330100.0,392.14,0,74.04,15613.0,1,5976.53,76.7
5102,51,2023,839.33,470900.0,561.04,0,77.43,25531.0,1,8492.27,78.22
5103,51,2023,420.1,554700.0,1320.4,0,83.08,68398.0,1,19522.25,78.69
5104,51,2023,368.0,527100.0,1432.34,0,79.24,30529.0,1,19669.85,77.6
5105,51,2023,315.0,214600.0,681.27,0,73.11,10080.0,2,3853.444,77.31
5106,51,2023,520.81,268100.0,514.78,0,70.79,7908.0,1,4119.54,77.75
5107,51,2023,839.5,513800.0,612.03,0,68.91,18975.0,1,8382.043000000001,79.76
5108,51,2023,1366.0,831200.0,608.49,0,73.97,38351.0,1,15056.25,78.03
5171,51,2023,127.78,734200.0,5745.81,1,84.73,60100.0,1,35798.47,81.01
5201,52,2023,1053.92,753641.0,715.08,0,70.15,18121.0,1,10638.756,70.44
5203,52,2023,2679.88,1391382.0,519.2,0,68.41,24578.0,1,20473.756,72.29
5204,52,2023,6643.98,529487.0,79.69,0,69.87,17510.0,3,10759.004,71.13
5205,52,2023,2324.55,247188.0,106.34,0,69.98,8511.0,1,3676.568,69.67
5206,52,2023,4389.0,535530.0,122.02,0,68.28,13947.0,1,10134.34,70.36
5207,52,2023,1849.02,152948.0,82.72,0,73.17,29642.0,1,2579.748,72.44
5208,52,2023,809.53,257866.0,318.54,0,66.62,5559.0,1,3587.9890000000005,71.48
5271,52,2023,61.3,441147.0,7196.53,1,80.09,22781.0,1,9916.58,72.95
5301,53,2023,757.41,152414.0,201.23,0,65.22,2786.0,1,2591.1509999999994,70.87
5303,53,2023,5136.51,376837.0,73.36,0,65.82,9158.0,1,5711.724,68.74
5304,53,2023,3933.15,474521.0,120.65,0,63.58,9496.0,1,7404.145000000001,70.68
5305,53,2023,2623.2,271277.0,103.41,0,65.16,4819.0,1,4170.713,68.33
5307,53,2023,2928.56,221536.0,75.65,0,62.99,3636.0,1,3407.619,71.21
5308,53,2023,1268.11,141391.0,111.5,0,66.12,2138.0,1,2466.035,70.81
5309,53,2023,1748.52,288310.0,164.89,0,65.79,6062.0,1,4170.713,68.15
5310,53,2023,1671.65,335360.0,200.62,0,66.89,6195.0,1,4416.027,71.66
5312,53,2023,1735.64,171736.0,98.95,0,69.14,4114.0,1,2691.034,70.72
5313,53,2023,1343.83,328758.0,244.64,0,66.42,5502.0,1,3901.564,71.34
5314,53,2023,1286.45,150521.0,117.0,0,64.0,3747.0,1,2498.307,70.51
5315,53,2023,3129.0,270917.0,86.58,0,65.81,4255.0,1,3687.114000000001,71.03
5316,53,2023,1789.66,90521.0,50.58,0,63.48,1398.0,1,1179.9109999999998,68.82
5318,53,2023,1396.16,166063.0,118.94,0,67.07,2670.0,1,2487.025,70.83
5319,53,2023,2389.53,290790.0,121.69,0,63.24,3938.0,1,3744.801,70.43
5321,53,2023,1109.16,190994.0,172.2,0,62.06,3422.0,1,2964.6980000000003,71.7
5371,53,2023,159.33,466632.0,2928.71,1,80.62,28478.0,1,9049.494,69.3
6102,61,2023,5396.3,298979.0,55.4,0,69.53,11146.0,1,5194.240999999999,72.86
6103,61,2023,9909.1,413588.0,41.74,0,68.14,13684.0,1,6822.106999999999,74.46
6104,61,2023,2797.88,312785.0,111.79,0,67.92,10714.0,1,3076.93,72.52
6105,61,2023,12857.7,503937.0,39.19,0,67.77,24529.0,6,9122.54,72.1
6106,61,2023,31588.0,592521.0,18.76,0,68.68,35249.0,4,11488.561,74.69
6108,61,2023,29842.0,262404.0,8.79,0,67.67,13141.0,1,4906.33,74.57
6109,61,2023,5444.2,219724.0,40.36,0,66.33,8506.0,1,3987.422,72.55
6110,61,2023,10640.8,239502.0,22.51,0,67.76,6644.0,1,3898.324,74.72
6111,61,2023,4568.26,132855.0,29.08,0,64.79,5376.0,1,2279.892,72.96
6112,61,2023,6985.2,639250.0,91.51,0,69.6,38324.0,3,11491.901000000002,74.34
6171,61,2023,107.8,675468.0,6265.94,1,81.03,47885.0,1,16128.68,74.21
6172,61,2023,504.0,246112.0,488.32,0,73.39,12899.0,1,3481.35,73.35
6202,62,2023,16796.0,443359.0,26.4,0,72.21,34942.0,1,8685.86,76.32
6203,62,2023,14999.0,425186.0,28.35,0,70.75,23974.0,1,7800.82,77.85
6204,62,2023,8830.0,134698.0,15.25,0,71.65,8481.0,1,2443.97,77.55
6205,62,2023,8300.0,160605.0,19.35,0,71.84,14178.0,1,2383.35,78.14
6207,62,2023,6414.0,102103.0,15.92,0,71.81,7519.0,1,1555.9049999999995,75.09
6208,62,2023,16404.0,171304.0,10.44,0,68.68,11450.0,2,3030.81,77.44
6209,62,2023,20382.53,169355.0,8.31,0,70.28,10756.0,1,3009.338,78.39
6210,62,2023,8997.0,138199.0,15.36,0,69.6,6995.0,1,2486.03,77.59
6212,62,2023,3834.0,117312.0,30.6,0,72.7,10905.0,2,1684.93,75.19
6213,62,2023,23700.16,116621.0,4.92,0,69.42,12449.0,1,2083.55,78.6
6271,62,2023,2853.19,305797.0,107.18,0,81.68,24175.0,1,5694.51,77.89
6301,63,2023,3631.35,364117.0,100.27,0,70.98,20166.0,1,5271.24,76.08
6302,63,2023,9442.46,329641.0,34.91,0,70.18,34946.0,1,6708.22,73.79
6303,63,2023,4668.5,580100.0,124.26,0,71.46,22635.0,1,13233.53,74.6
6304,63,2023,2996.46,324502.0,108.3,0,68.11,10567.0,2,3606.13,75.11
6305,63,2023,2175.0,197893.0,90.99,0,72.0,13694.0,1,3056.61,74.1
6306,63,2023,1804.94,237319.0,131.48,0,70.5,9165.0,1,3624.039,74.92
6307,63,2023,1770.77,268360.0,151.55,0,70.13,8594.0,1,3840.69,73.64
6309,63,2023,3556.0,262631.0,73.86,0,73.85,31015.0,1,4292.67,73.57
6310,63,2023,4871.39,346336.0,71.1,0,72.31,33661.0,3,6273.27,74.52
6311,63,2023,1878.3,136524.0,72.68,0,70.49,20876.0,1,2055.873,76.73
6371,63,2023,98.46,678243.0,6888.51,1,78.5,42049.0,1,19084.875,76.1
6372,63,2023,305.2,272763.0,893.72,0,80.11,13328.0,1,6114.812,76.02
6401,64,2023,11603.94,290162.0,25.01,0,74.14,59217.0,1,4429.99,75.33
6403,64,2023,27263.1,801642.0,29.4,0,75.3,204876.0,3,14605.834,76.8
6404,64,2023,35747.5,411537.0,11.51,0,74.98,168272.0,1,7164.383,73.91
6405,64,2023,34127.17,240105.0,7.04,0,76.21,51280.0,3,5128.21,75.8
6411,64,2023,15315.0,27368.0,1.79,0,69.59,3409.0,1,653.81,74.38
6471,64,2023,509.75,648560.0,1272.31,0,81.66,143169.0,1,19303.84,76.83
6472,64,2023,716.96,872304.0,1216.67,0,82.32,89289.0,1,21880.0,75.65
6474,64,2023,161.88,187852.0,1160.44,0,81.56,68106.0,1,3882.95,75.46
6503,65,2023,3504.0,27470.0,7.84,0,69.2,9021.0,1,523.48,75.84
6504,65,2023,13564.0,207873.0,15.33,0,67.7,42526.0,1,2774.053,75.52
6571,65,2023,251.0,251085.0,1000.34,0,77.53,52079.0,1,5275.989,78.38
7102,71,2023,1141.64,345973.0,303.05,0,76.96,22128.0,2,6392.26,77.64
7103,71,2023,731.98,137829.0,188.3,0,72.22,5655.0,1,2076.336,79.23
7104,71,2023,1251.02,100770.0,80.55,0,71.14,2843.0,1,1769.5010000000002,77.45
7106,71,2023,1059.0,225826.0,213.24,0,75.31,18728.0,1,5254.655000000001,76.89
7107,71,2023,1856.0,87301.0,47.04,0,68.64,3263.0,1,1234.33,77.26
7109,71,2023,730.62,119637.0,163.75,0,71.93,6720.0,1,1712.73,80.01
7110,71,2023,3497.46,73046.0,20.89,0,66.4,2726.0,1,1213.394,77.16
7171,71,2023,162.35,478192.0,2945.44,1,80.14,48556.0,1,9481.401999999998,79.11
7173,71,2023,147.2,101958.0,692.65,0,78.1,5448.0,1,1874.71,77.54
7201,72,2023,2488.79,126040.0,50.64,0,66.82,4926.0,1,2220.73,77.56
7202,72,2023,9672.7,373600.0,38.62,0,71.7,38048.0,1,6683.59,75.55
7203,72,2023,5472.0,170450.0,31.15,0,73.02,158046.0,1,3216.45,78.77
7204,72,2023,7112.25,251654.0,35.38,0,72.48,11712.0,1,4776.407,76.83
7205,72,2023,5275.69,311330.0,59.01,0,66.95,15056.0,1,4947.895,77.73
7206,72,2023,4079.77,236110.0,57.87,0,67.66,10369.0,1,3432.981,78.84
7208,72,2023,5883.97,454510.0,77.25,0,67.11,21652.0,1,8294.79,77.95
7209,72,2023,5722.0,171340.0,29.94,0,66.39,6812.0,1,2733.436,75.82
7210,72,2023,5196.02,264670.0,50.94,0,69.93,11373.0,1,5334.671,77.19
7212,72,2023,18362.39,148274.0,8.07,0,69.73,26434.0,1,2658.77,77.69
7271,72,2023,356.35,386560.0,1084.78,0,82.52,30787.0,1,9761.744,78.05
7302,73,2023,1175.53,450325.0,383.08,0,71.21,18871.0,1,6661.08,74.77
7303,73,2023,390.97,203141.0,519.58,0,70.57,12754.0,1,3037.78,75.57
7304,73,2023,796.0,414482.0,520.71,0,65.9,12152.0,1,6242.768999999999,70.59
7305,73,2023,555.43,312811.0,563.19,0,68.9,12868.0,1,4506.064,74.84
7306,73,2023,1813.0,801108.0,441.87,0,71.57,28453.0,1,14311.466,76.67
7307,73,2023,865.24,267536.0,309.2,0,68.92,14791.0,1,5237.433999999999,75.59
7308,73,2023,1442.95,407923.0,282.7,0,71.63,26389.0,1,5996.21,74.42
7309,73,2023,888.91,355613.0,400.06,0,70.59,32667.0,1,6703.489,75.97
7310,73,2023,1201.9,187952.0,156.38,0,72.36,9427.0,1,2840.33,73.42
7311,73,2023,4567.36,823079.0,180.21,0,67.81,46935.0,1,14877.18,74.58
7312,73,2023,1385.55,238239.0,171.95,0,70.58,14909.0,1,3446.32,75.36
7313,73,2023,2608.71,386537.0,148.17,0,71.1,24589.0,1,6167.465000000001,76.55
7314,73,2023,1832.3,327919.0,178.97,0,72.71,18204.0,1,4780.27,75.83
7315,73,2023,1896.58,419338.0,221.1,0,72.84,25146.0,1,6211.013000000001,74.21
7317,73,2023,2902.07,379295.0,130.7,0,72.16,21756.0,1,6437.251,76.99
7318,73,2023,2043.62,289451.0,141.64,0,70.73,9373.0,1,3956.37,74.67
7322,73,2023,7422.42,333781.0,44.97,0,71.34,17841.0,1,6033.01,74.09
7325,73,2023,6745.92,308532.0,45.74,0,74.35,30696.0,4,4460.61,73.96
7372,73,2023,89.67,158425.0,1766.76,0,79.03,9312.0,1,2895.67,74.84
7373,73,2023,273.24,192763.0,705.47,0,79.45,10500.0,1,3483.32,73.15
7401,74,2023,1669.33,120210.0,72.01,0,68.12,5063.0,1,2074.666,76.48
7402,74,2023,1858.1,224690.0,120.92,0,70.16,8814.0,1,3435.16,75.45
7403,74,2023,5351.85,269520.0,50.36,0,72.77,18295.0,1,5234.782000000001,75.28
7404,74,2023,2958.92,245930.0,83.11,0,74.72,35684.0,1,4601.282000000001,75.07
7405,74,2023,4237.74,323790.0,76.41,0,70.32,16452.0,1,5336.94,76.31
7407,74,2023,450.46,116450.0,258.51,0,71.43,5768.0,1,2060.81,77.24
7408,74,2023,2932.25,145640.0,49.67,0,71.04,11227.0,1,2407.734,76.61
7409,74,2023,1755.83,68950.0,39.27,0,69.7,4049.0,1,1011.029,76.45
7410,74,2023,4219.81,72250.0,17.12,0,71.71,5260.0,1,1515.785,75.2
7411,74,2023,3992.53,125770.0,31.5,0,69.57,5625.0,1,2065.19,76.49
7413,74,2023,818.7,89290.0,109.06,0,67.13,3387.0,1,1437.883,76.88
7414,74,2023,836.96,119460.0,142.73,0,65.83,3026.0,1,1963.397,76.41
7415,74,2023,517.63,99580.0,192.38,0,66.15,3593.0,1,1340.578,75.03
7501,75,2023,1830.87,151610.0,82.81,0,68.18,6587.0,1,2227.029,77.25
7503,75,2023,4370.36,157660.0,36.07,0,67.15,8111.0,1,2327.001,78.49
7504,75,2023,1889.0,172301.0,91.21,0,71.51,5699.0,1,2215.3050000000003,77.53
7505,75,2023,1703.63,128970.0,75.7,0,66.61,4145.0,1,2199.263,76.1
7571,75,2023,70.93,204440.0,2882.28,1,78.64,10536.0,1,2589.89,78.36
7601,76,2023,947.84,181360.0,191.34,0,68.62,5969.0,1,2688.001,74.28
7603,76,2023,3005.88,165310.0,55.0,0,67.83,3474.0,1,2379.4860000000003,77.44
7605,76,2023,2903.18,204216.0,70.34,0,69.11,14386.0,1,2963.1449999999995,75.21
7606,76,2023,3100.87,141220.0,45.54,0,67.45,4066.0,1,2455.548,75.8
8101,81,2023,10102.92,128648.0,12.73,0,64.16,3393.0,1,2273.429,78.01
8103,81,2023,2759.07,436090.0,158.06,0,72.45,10763.0,1,6287.018999999999,77.67
8104,81,2023,7594.98,140462.0,18.49,0,70.56,2977.0,1,2495.526,79.89
8105,81,2023,6425.77,107367.0,16.71,0,65.01,4436.0,1,2225.432,79.96
8106,81,2023,6948.4,222449.0,32.01,0,67.56,3788.0,1,4681.325999999999,78.33
8108,81,2023,8633.15,85807.0,9.94,0,63.93,2868.0,1,1307.482,78.93
8109,81,2023,5577.48,79455.0,14.25,0,66.23,1766.0,1,1289.584,78.15
8171,81,2023,377.0,358826.0,951.79,0,82.06,18531.0,1,9006.12,79.18
8172,81,2023,352.66,91572.0,259.66,0,69.43,3202.0,1,1597.2620000000002,78.05
8203,82,2023,3304.32,105095.0,31.81,0,65.29,3045.0,1,1401.2460000000003,78.93
8204,82,2023,8096.4,255384.0,31.54,0,65.83,17727.0,1,4732.576999999999,80.65
8206,82,2023,6488.73,97895.0,15.09,0,68.82,5241.0,1,1650.9900000000002,78.97
8208,82,2023,2985.75,63897.0,21.4,0,62.31,1937.0,1,764.4739999999999,79.33
8271,82,2023,162.2,202871.0,1250.75,0,81.35,13675.0,1,4353.728,81.81
8272,82,2023,1703.32,116623.0,68.47,0,72.4,3511.0,1,2100.994,79.5
9101,91,2023,14320.0,90286.0,6.3,0,69.72,5811.0,1,1510.4240000000002,76.02
9102,91,2023,18500.0,65530.0,3.54,0,66.72,2914.0,1,893.376,75.75
9103,91,2023,14953.8,45324.0,3.03,0,61.67,1753.0,1,665.221,74.31
9105,91,2023,14250.94,201730.0,14.16,0,73.21,10789.0,1,6584.93,72.68
9107,91,2023,13075.28,125217.0,9.58,0,67.49,12028.0,1,2215.0730000000003,73.44
9109,91,2023,11529.18,32892.0,2.85,0,55.55,273.0,1,658.845,73.61
9110,91,2023,5461.69,45064.0,8.25,0,61.29,812.0,1,661.653,73.65
9111,91,2023,2812.44,37674.0,13.4,0,61.55,927.0,1,655.781,72.87
9112,91,2023,2773.74,40117.0,14.46,0,57.82,320.0,1,621.725,76.17
9171,91,2023,1105.0,283366.0,256.44,0,79.65,16829.0,1,6069.972,74.58
9402,94,2023,7030.66,273819.0,38.95,0,60.5,10155.0,1,4496.460000000001,70.43
9403,94,2023,17514.0,201004.0,11.48,0,73.5,19122.0,1,5231.965999999999,69.59
9404,94,2023,3922.02,174427.0,44.47,0,70.84,13562.0,1,3245.6159999999995,71.86
9410,94,2023,6526.25,123360.0,18.9,0,57.91,5014.0,1,2333.127,69.59
9411,94,2023,6477.65,219497.0,33.89,0,50.81,1509.0,1,4339.237999999999,70.45
9413,94,2023,27108.29,67167.0,2.48,0,63.46,5341.0,1,951.82,71.76
9415,94,2023,23746.0,109862.0,4.63,0,53.19,3145.0,1,1696.52,70.8
9416,94,2023,17512.0,355315.0,20.29,0,51.19,2900.0,1,5414.255999999999,70.22
9417,94,2023,15683.0,113347.0,7.23,0,48.18,2369.0,1,1978.2850000000003,70.31
9418,94,2023,14263.0,251413.0,17.63,0,51.48,2008.0,1,4699.141,69.99
9419,94,2023,18034.0,42321.0,2.35,0,65.8,3558.0,1,637.3419999999999,68.86
9426,94,2023,22004.87,37285.0,1.69,0,66.46,2304.0,1,643.584,70.0
9428,94,2023,23813.91,39083.0,1.64,0,54.08,2143.0,1,688.1919999999999,70.36
9429,94,2023,12941.0,111063.0,8.58,0,35.19,1512.0,1,2022.9790000000005,70.3
9430,94,2023,2248.0,202988.0,90.3,0,50.56,2325.0,1,3774.864,69.07
9431,94,2023,3743.64,49131.0,13.12,0,50.22,1408.0,1,658.269,71.41
9432,94,2023,4330.29,104416.0,24.11,0,50.87,1559.0,1,1623.004,71.1
9435,94,2023,3922.02,136756.0,34.87,0,50.19,1405.0,1,2381.562,71.29
9471,94,2023,940.0,403859.0,429.64,0,81.14,37797.0,1,8828.28,72.31
