id,id_kab,id_prov,city_or_regency,year,total_area (km2),population,densities,traffic_density,green_open_space,hdi,gross_regional_domestic_product,total_landfills,solid_waste_generated,happiness_score
11012022,1101,11,Simeulue,2022,1838.09,94876.0,51.62,Low,0.12,67.27,2688.0,1.0,1628.09,72.37
11032022,1103,11,Aceh Selatan,2022,4173.82,237376.0,56.87,Low,,67.87,6447.0,1.0,3521.77,72.54
11042022,1104,11,Aceh Tenggara,2022,4242.04,228308.0,53.82,Low,,70.32,5829.0,1.0,3333.3,72.38
11062022,1106,11,Aceh Tengah,2022,4527.53,222673.0,49.18,Low,1.11,73.95,8873.0,1.0,,71.38
11072022,1107,11,Aceh Barat,2022,2927.95,202858.0,69.28,Low,0.01,72.34,12730.0,1.0,3702.16,72.36
11082022,1108,11,Aceh Besar,2022,2903.5,414490.0,142.76,Low,,74.0,15457.0,,,72.91
11102022,1110,11,Bireuen,2022,1798.0,443874.0,246.87,Low,0.0,73.16,15470.0,,,73.03
11112022,1111,11,Aceh Utara,2022,3296.86,614640.0,186.43,Low,0.05,70.22,28310.0,,,70.79
11122022,1112,11,Aceh Barat Daya,2022,1882.05,155046.0,82.38,Low,0.71,67.41,4546.0,1.0,2834.81,71.79
11132022,1113,11,Gayo Lues,2022,5549.91,103131.0,18.58,Low,79.65,68.25,3077.0,1.0,1498.6,71.92
11142022,1114,11,Aceh Tamiang,2022,1957.02,301492.0,154.06,Low,0.04,70.43,10433.0,1.0,4406.28,72.63
11152022,1115,11,Nagan Raya,2022,3544.9,173393.0,48.91,Low,,70.1,10635.0,1.0,2531.54,76.15
11162022,1116,11,Aceh Jaya,2022,3727.0,96028.0,25.77,Low,0.82,70.36,3122.0,2.0,1723.13,72.21
11172022,1117,11,Bener Meriah,2022,1941.6,168690.0,86.88,Low,0.0,73.9,5476.0,1.0,2408.47,74.78
11712022,1171,11,City of Banda Aceh,2022,59.02,257635.0,4365.22,Medium,8.43,86.28,21561.0,2.0,9205.59,73.76
11722022,1172,11,City of Sabang,2022,122.13,43208.0,353.79,Low,,76.85,1643.0,1.0,630.84,70.92
11732022,1173,11,City of Langsa,2022,239.83,192630.0,803.19,Low,75.13,77.82,6263.0,1.0,3447.02,72.96
11742022,1174,11,City of Lhokseumawe,2022,181.0,191396.0,1057.44,Low,,78.04,10278.0,,,70.69
12012022,1201,12,Nias,2022,853.44,149249.0,174.88,Low,,63.69,4536.0,1.0,2127.24,71.09
12022022,1202,12,Mandailing Natal,2022,6620.7,484874.0,73.24,Low,,68.05,16404.0,,,71.33
12032022,1203,12,Tapanuli Selatan,2022,4355.35,307312.0,70.56,Low,3300.75,70.92,17052.0,1.0,,71.41
12042022,1204,12,Tapanuli Tengah,2022,2194.98,374734.0,170.72,Low,0.0,70.31,11635.0,1.0,6739.73,71.12
12062022,1206,12,Toba Samosir,2022,2022.0,212133.0,104.91,Low,,75.96,8944.0,2.0,3505.9,71.35
12072022,1207,12,Labuhan Batu,2022,2561.38,508024.0,198.34,Low,,72.92,41809.0,,,71.09
12092022,1209,12,Simalungun,2022,4372.5,1021615.0,233.65,Low,,73.77,47286.0,1.0,18644.47,69.83
12102022,1210,12,Dairi,2022,1927.8,315460.0,163.64,Low,,72.56,10717.0,,,70.68
12132022,1213,12,Langkat,2022,6273.29,1039926.0,165.77,Low,,71.86,51413.0,4.0,19032.38,71.1
12142022,1214,12,Nias Selatan,2022,2487.99,373674.0,150.19,Low,,63.17,8015.0,,,71.01
12152022,1215,12,Humbang Hasundutan,2022,2297.2,202299.0,88.06,Low,,70.32,6919.0,1.0,2165.37,70.04
12172022,1217,12,Samosir,2022,1444.25,139337.0,96.48,Low,,71.67,5166.0,,,70.82
12182022,1218,12,Serdang Bedagai,2022,1900.22,667998.0,351.54,Low,,71.21,33518.0,,,70.89
12192022,1219,12,Batu Bara,2022,904.96,416367.0,460.09,Low,,69.51,40867.0,,,71.03
12202022,1220,12,Padang Lawas Utara,2022,3945.56,267275.0,67.74,Low,,70.93,14375.0,,,71.24
12232022,1223,12,Labuhan Batu Utara,2022,3545.8,390954.0,110.26,Low,,72.77,30282.0,,,71.18
12252022,1225,12,Nias Barat,2022,520.34,91346.0,175.55,Low,,62.93,2173.0,,,70.88
12712022,1271,12,City of Sibolga,2022,10.77,90366.0,8390.53,Medium,0.01,74.74,6340.0,,,70.96
12722022,1272,12,City of Tanjung Balai,2022,60.52,179748.0,2970.06,Medium,0.04,69.86,10466.0,,,71.13
12742022,1274,12,City of Tebing Tinggi,2022,38.96,177785.0,4563.27,Medium,4.76,76.17,6931.0,1.0,4548.82,70.9
12752022,1275,12,City of Medan,2022,265.1,2494512.0,9409.7,Medium,26.51,81.76,280159.0,1.0,62874.92,70.91
12772022,1277,12,City of Padangsidimpuan,2022,159.3,231062.0,1450.48,Low,,76.05,7385.0,1.0,5906.6,71.19
12782022,1278,12,City of Gunungsitoli,2022,469.4,137583.0,293.1,Low,,70.23,6477.0,,,70.94
13012022,1301,13,Kepulauan Mentawai,2022,6033.76,89401.0,14.82,Low,,62.19,5446.0,,,71.07
13022022,1302,13,Pesisir Selatan,2022,1938.79,516518.0,266.41,Low,600.19,70.84,16606.0,1.0,5580.32,71.26
13032022,1303,13,Solok,2022,3738.0,397829.0,106.43,Low,0.39,70.02,15781.0,1.0,5755.86,71.24
13042022,1304,13,Sijunjung,2022,3130.8,240317.0,76.76,Low,0.04,68.69,10669.0,1.0,3551.39,69.86
13052022,1305,13,Tanah Datar,2022,1336.0,376276.0,281.64,Low,0.12,73.29,15059.0,1.0,4705.73,72.1
13062022,1306,13,Padang Pariaman,2022,1343.09,436129.0,324.72,Low,0.0,71.63,22193.0,1.0,7959.35,71.05
13082022,1308,13,Lima Puluh Kota,2022,3354.0,388375.0,115.79,Low,0.23,70.28,17901.0,1.0,5595.48,71.14
13092022,1309,13,Pasaman,2022,3947.63,307425.0,77.88,Low,7.98,67.41,10391.0,1.0,4425.3,70.82
13112022,1311,13,Dharmasraya,2022,2961.0,234713.0,79.27,Low,0.02,72.3,12233.0,1.0,3783.11,70.99
13122022,1312,13,Pasaman Barat,2022,3887.77,442479.0,113.81,Low,0.11,69.57,17876.0,1.0,6387.68,70.84
13712022,1371,13,City of Padang,2022,694.96,919145.0,1322.59,Low,142.27,83.29,72979.0,1.0,23497.31,71.36
13732022,1373,13,City of Sawah Lunto,2022,273.5,66413.0,242.83,Low,0.34,73.73,4390.0,1.0,688.26,70.85
13742022,1374,13,City of Padang Panjang,2022,23.0,57850.0,2515.22,Medium,1.34,78.78,4087.0,1.0,1786.51,71.23
13752022,1375,13,City of Bukittinggi,2022,25.24,122311.0,4845.92,Medium,1.29,81.42,10194.0,1.0,4570.75,71.25
13772022,1377,13,City of Pariaman,2022,73.36,96719.0,1318.42,Low,0.54,77.65,5882.0,1.0,1396.34,71.28
14012022,1401,14,Kuantan Singingi,2022,7656.03,345850.0,45.17,Low,624.39,71.09,44910.0,1.0,5080.06,68.69
14022022,1402,14,Indragiri Hulu,2022,8198.71,464076.0,56.6,Low,,70.46,54185.0,1.0,6617.32,71.9
14032022,1403,14,Indragiri Hilir,2022,12614.78,660747.0,52.38,Low,0.02,67.37,83164.0,,,72.43
14052022,1405,14,Siak,2022,8556.09,477550.0,55.81,Low,1.41,74.5,106995.0,4.0,6813.57,73.78
14062022,1406,14,Kampar,2022,11289.28,878210.0,77.79,Low,,73.84,103550.0,,,70.76
14072022,1407,14,Rokan Hulu,2022,7588.13,582679.0,76.79,Low,0.4,70.31,49614.0,2.0,13261.38,71.7
14082022,1408,14,Bengkalis,2022,514.0,582973.0,1134.19,Low,0.56,74.38,175972.0,4.0,,73.92
14102022,1410,14,Kepulauan Meranti,2022,3708.0,213532.0,57.59,Low,0.01,66.52,24896.0,,,72.8
14712022,1471,14,City of Pekanbaru,2022,632.3,1007540.0,1593.45,Low,68.06,82.06,144559.0,1.0,35650.33,71.42
14732022,1473,14,City of Dumai,2022,1727.0,331832.0,192.14,Low,0.26,75.26,45053.0,1.0,6055.93,72.44
15012022,1501,15,Kerinci,2022,3807.0,253900.0,66.69,Low,,71.99,12226.0,,,76.11
15042022,1504,15,Batang Hari,2022,4179.7,313200.0,74.93,Low,0.12,70.51,24304.0,,,75.15
15052022,1505,15,Muaro Jambi,2022,5246.0,412800.0,78.69,Low,,70.18,32958.0,,,75.9
15062022,1506,15,Tanjung Jabung Timur,2022,5426.0,234200.0,43.16,Low,,65.77,25606.0,,,77.35
15082022,1508,15,Tebo,2022,6461.0,344800.0,53.37,Low,,69.78,19698.0,,,76.25
15712022,1571,15,City of Jambi,2022,175.53,619600.0,3529.88,Medium,24.23,79.58,36184.0,1.0,15968.8,78.98
15722022,1572,15,City of Sungai Penuh,2022,391.5,99200.0,253.38,Low,,76.17,8679.0,,1829.54,74.61
16022022,1602,16,Ogan Komering Ilir,2022,19023.47,776690.0,40.83,Low,,68.02,34239.0,,,70.92
16032022,1603,16,Muara Enim,2022,6763.91,624019.0,92.26,Low,21.06,69.43,113577.0,1.0,8490.1,71.47
16042022,1604,16,Lahat,2022,4344.87,441174.0,101.54,Low,,68.4,27834.0,1.0,9840.69,72.43
16062022,1606,16,Musi Banyuasin,2022,14265.96,633124.0,44.38,Low,6881.99,68.6,82432.0,8.0,9414.55,71.11
16072022,1607,16,Banyu Asin,2022,11875.0,852576.0,71.8,Low,294.96,67.93,34443.0,2.0,21123.59,75.27
16092022,1609,16,Ogan Komering Ulu Timur,2022,4369.25,656857.0,150.34,Low,0.11,70.23,17833.0,2.0,10298.17,71.69
16102022,1610,16,Ogan Ilir,2022,2382.0,422907.0,177.54,Low,,67.96,13251.0,,,70.74
16112022,1611,16,Empat Lawang,2022,2256.0,357673.0,158.54,Low,,66.0,5838.0,,,75.74
16122022,1612,16,Penukal Abab Lematang Ilir,2022,1840.0,200368.0,108.9,Low,4.44,65.75,8195.0,1.0,3731.63,73.4
16132022,1613,16,Musi Rawas Utara,2022,6008.55,192369.0,32.02,Low,,65.74,8549.0,,,72.52
16712022,1671,16,City of Palembang,2022,352.5,1707996.0,4845.38,Medium,43.87,79.47,179107.0,1.0,43981.57,70.97
16722022,1672,16,City of Prabumulih,2022,434.46,199047.0,458.15,Low,4.74,75.52,9208.0,1.0,3591.82,72.37
16732022,1673,16,City of Pagar Alam,2022,633.66,147071.0,232.1,Low,,69.6,3256.0,,,74.2
16742022,1674,16,City of Lubuklinggau,2022,401.5,240238.0,598.35,Low,,75.53,7688.0,,,71.99
17012022,1701,17,Bengkulu Selatan,2022,1186.7,170093.0,143.33,Low,,71.42,6713.0,,,66.6
17022022,1702,17,Rejang Lebong,2022,1515.76,281281.0,185.57,Low,,71.45,10993.0,,,70.1
17032022,1703,17,Bengkulu Utara,2022,4424.6,302833.0,68.44,Low,4.38,69.77,12319.0,1.0,6920.77,69.74
17042022,1704,17,Kaur,2022,2556.0,129661.0,50.73,Low,,67.77,4227.0,,,69.52
17062022,1706,17,Mukomuko,2022,4147.0,196571.0,47.4,Low,,69.12,6217.0,,,68.35
17072022,1707,17,Lebong,2022,1665.28,107248.0,64.4,Low,1214.51,68.12,3889.0,1.0,2940.98,71.05
17092022,1709,17,Bengkulu Tengah,2022,1223.94,119814.0,97.89,Low,,68.47,6545.0,,,70.73
17712022,1771,17,City of Bengkulu,2022,151.7,384841.0,2536.86,Medium,0.61,80.99,28090.0,,,68.5
18012022,1801,18,Lampung Barat,2022,3368.14,303397.0,90.08,Low,0.25,68.39,8280.0,,,69.63
18022022,1802,18,Tanggamus,2022,4654.96,652898.0,140.26,Low,0.21,67.22,18096.0,1.0,13345.24,70.51
18032022,1803,18,Lampung Selatan,2022,2219.46,1081115.0,487.11,Low,,69.0,51481.0,,,73.57
18042022,1804,18,Lampung Timur,2022,5325.03,1127946.0,211.82,Low,,70.58,49710.0,,,72.25
18052022,1805,18,Lampung Tengah,2022,4546.0,1500022.0,329.97,Low,0.01,70.8,82454.0,,,73.65
18062022,1806,18,Lampung Utara,2022,2667.0,635129.0,238.14,Low,,68.33,27046.0,,,72.04
18072022,1807,18,Way Kanan,2022,3921.63,481036.0,122.66,Low,1036.46,68.04,16153.0,1.0,7008.61,70.68
18082022,1808,18,Tulangbawang,2022,4386.0,431208.0,98.31,Low,,69.53,25983.0,,,68.28
18092022,1809,18,Pesawaran,2022,1173.77,487153.0,415.03,Low,15.49,66.7,18601.0,,,73.51
18102022,1810,18,Pringsewu,2022,625.0,408415.0,653.46,Low,0.17,70.98,12842.0,1.0,5939.62,71.48
18112022,1811,18,Mesuji,2022,2184.0,232685.0,106.54,Low,0.0,64.94,11953.0,,,71.53
18122022,1812,18,Tulang Bawang Barat,2022,1201.15,289620.0,241.12,Low,0.1,67.13,13233.0,1.0,4178.77,70.48
18132022,1813,18,Pesisir Barat,2022,2953.0,164816.0,55.81,Low,,65.14,5345.0,,,71.37
18712022,1871,18,City of Bandar Lampung,2022,197.22,1209937.0,6134.96,Medium,6.01,78.01,67882.0,1.0,28705.76,72.95
19012022,1901,19,Bangka,2022,3028.79,334344.0,110.39,Low,9.95,72.95,17959.0,2.0,4881.42,72.79
19022022,1902,19,Belitung,2022,2293.69,186331.0,81.24,Low,41.92,73.38,12322.0,1.0,2686.46,73.67
19032022,1903,19,Bangka Barat,2022,2884.15,209413.0,72.61,Low,67.29,70.12,16761.0,,,74.58
19042022,1904,19,Bangka Tengah,2022,2279.11,205510.0,90.17,Low,462.75,71.4,10523.0,1.0,3006.11,73.49
19052022,1905,19,Bangka Selatan,2022,3607.08,202263.0,56.07,Low,100.74,67.95,10693.0,1.0,2996.69,74.32
19062022,1906,19,Belitung Timur,2022,2506.91,130463.0,52.04,Low,,72.29,9785.0,1.0,1858.52,75.91
19712022,1971,19,City of Pangkal Pinang,2022,118.4,226297.0,1911.29,Low,,79.24,17278.0,,,74.08
21012022,2101,21,Karimun,2022,1524.0,266177.0,174.66,Low,11.17,72.65,15554.0,1.0,6800.82,74.29
21022022,2102,21,Bintan,2022,1946.13,165781.0,85.18,Low,0.19,74.99,22996.0,1.0,2040.99,75.82
21032022,2103,21,Natuna,2022,2009.04,83102.0,41.36,Low,0.32,73.47,24265.0,1.0,1247.51,74.18
21042022,2104,21,Lingga,2022,2117.72,102853.0,48.57,Low,,66.57,4853.0,1.0,1037.66,73.38
21052022,2105,21,Kepulauan Anambas,2022,590.14,49632.0,84.1,Low,,69.61,19909.0,,481.8,75.48
21712022,2171,21,City of Batam,2022,3868.97,1236010.0,319.47,Low,2.5,81.67,194836.0,1.0,41346.16,74.67
21722022,2172,21,City of Tanjung Pinang,2022,144.56,239854.0,1659.2,Low,25.07,79.64,21792.0,1.0,5690.54,74.87
31012022,3101,31,Kep. Seribu,2022,10.73,28262.0,2633.92,Medium,2.91,72.79,10126.0,,653.11,72.98
31712022,3171,31,City of Jakarta Selatan,2022,144.94,2234262.0,15415.08,High,3.21,85.21,730695.0,1.0,71330.09,74.11
31732022,3173,31,City of Jakarta Pusat,2022,47.56,1053482.0,22150.59,High,0.84,82.11,795395.0,,31026.85,72.06
31742022,3174,31,City of Jakarta Barat,2022,125.0,2458707.0,19669.66,High,0.02,82.51,540753.0,,73854.78,72.82
31752022,3175,31,City of Jakarta Utara,2022,147.21,1799220.0,12222.13,High,0.83,80.81,587792.0,,49948.08,73.73
32012022,3201,32,Bogor,2022,2710.62,5566838.0,2053.71,Medium,,71.2,267744.0,,,74.49
32022022,3202,32,Sukabumi,2022,4145.7,2806664.0,677.01,Low,,67.64,76244.0,,,74.43
32032022,3203,32,Cianjur,2022,3840.16,2542793.0,662.16,Low,,65.94,53989.0,,,74.85
32042022,3204,32,Bandung,2022,1767.96,3718660.0,2103.36,Medium,282.45,73.16,143002.0,1.0,46835.19,74.24
32052022,3205,32,Garut,2022,3074.07,2627220.0,854.64,Low,0.19,67.41,66591.0,1.0,40596.96,73.51
32062022,3206,32,Tasikmalaya,2022,2551.19,1906288.0,747.22,Low,,66.84,42660.0,1.0,,72.21
32082022,3208,32,Kuningan,2022,1110.56,1196017.0,1076.95,Low,0.11,70.16,29520.0,1.0,21878.21,73.16
32092022,3209,32,Cirebon,2022,984.52,2315417.0,2351.82,Medium,,70.06,56654.0,,,74.98
32102022,3210,32,Majalengka,2022,1204.24,1335460.0,1108.96,Low,,68.56,37777.0,,,74.72
32112022,3211,32,Sumedang,2022,1518.33,1167033.0,768.63,Low,0.14,72.69,40025.0,,16159.2,74.65
32122022,3212,32,Indramayu,2022,2040.11,1871832.0,917.52,Low,0.74,68.55,90773.0,2.0,40648.11,73.21
32132022,3213,32,Subang,2022,1893.95,1624386.0,857.67,Low,,69.87,46160.0,,,74.3
32142022,3214,32,Purwakarta,2022,825.74,1028569.0,1245.63,Low,,71.56,76478.0,,,74.13
32152022,3215,32,Karawang,2022,1652.2,2505247.0,1516.31,Low,,71.74,268229.0,1.0,36643.65,73.61
32162022,3216,32,Bekasi,2022,1224.88,3214791.0,2624.58,Medium,,75.22,367562.0,1.0,82137.91,74.34
32712022,3271,32,City of Bogor,2022,118.5,1063513.0,8974.79,Medium,2.38,77.17,52915.0,1.0,27172.76,74.7
32722022,3272,32,City of Sukabumi,2022,48.25,356410.0,7386.74,Medium,4.25,75.4,14192.0,1.0,6582.84,73.52
32732022,3273,32,City of Bandung,2022,167.67,2461553.0,14680.94,High,1.06,82.5,328151.0,1.0,58187.65,74.21
32742022,3274,32,City of Cirebon,2022,37.36,341235.0,9133.7,Medium,1.7,75.89,26618.0,,,75.91
32752022,3275,32,City of Bekasi,2022,206.61,2590257.0,12536.94,High,0.1,82.46,109881.0,1.0,66817.9,74.82
32762022,3276,32,City of Depok,2022,200.29,2123349.0,10601.37,High,0.36,81.86,81167.0,,,74.38
32792022,3279,32,City of Banjar,2022,113.49,206457.0,1819.16,Low,36.26,72.55,4929.0,1.0,3126.78,75.36
33022022,3302,33,Banyumas,2022,1328.0,1806013.0,1359.95,Low,231.39,73.17,62817.0,1.0,19596.45,72.08
33032022,3303,33,Purbalingga,2022,777.64,1019840.0,1311.46,Low,,69.54,28824.0,1.0,18612.08,73.66
33052022,3305,33,Kebumen,2022,1281.11,1376825.0,1074.71,Low,223.26,70.79,32615.0,2.0,16901.34,72.34
33062022,3306,33,Purworejo,2022,1034.84,778257.0,752.06,Low,0.33,73.6,21353.0,1.0,10569.42,71.99
33072022,3307,33,Wonosobo,2022,984.68,896346.0,910.29,Low,,68.89,21587.0,1.0,13368.26,71.97
33082022,3308,33,Magelang,2022,1085.73,1312573.0,1208.93,Low,0.0,70.85,37432.0,,,71.94
33092022,3309,33,Boyolali,2022,1096.35,1079952.0,985.04,Low,0.3,74.97,38789.0,1.0,10678.13,70.75
33102022,3310,33,Klaten,2022,655.56,1275850.0,1946.2,Low,,76.95,46592.0,1.0,23470.34,71.27
33112022,3311,33,Sukoharjo,2022,466.66,916627.0,1964.23,Low,,77.94,42781.0,1.0,13210.11,72.88
33122022,3312,33,Wonogiri,2022,1941.28,1057087.0,544.53,Low,720.21,71.04,33692.0,1.0,12691.79,73.48
33132022,3313,33,Karanganyar,2022,774.0,947642.0,1224.34,Low,0.59,76.58,43088.0,1.0,13706.6,73.44
33142022,3314,33,Sragen,2022,941.55,992243.0,1053.84,Low,117.34,74.65,44243.0,1.0,21541.74,70.99
33152022,3315,33,Grobogan,2022,2022.25,1470150.0,726.99,Low,0.71,70.97,31807.0,1.0,31002.18,73.04
33162022,3316,33,Blora,2022,1820.95,888224.0,487.78,Low,4.87,69.95,30960.0,2.0,13981.18,71.97
33172022,3317,33,Rembang,2022,1014.08,650770.0,641.73,Low,1.38,71.0,22107.0,1.0,9202.6,72.58
33182022,3318,33,Pati,2022,1503.68,1339572.0,890.86,Low,383.58,73.14,50119.0,1.0,24622.39,72.71
33192022,3319,33,Kudus,2022,425.2,856472.0,2014.28,Medium,6.3,75.89,114565.0,1.0,16357.9,69.66
33202022,3320,33,Jepara,2022,1062.01,1192811.0,1123.16,Low,182.33,73.15,35011.0,3.0,15051.64,70.35
33212022,3321,33,Demak,2022,897.43,1223217.0,1363.02,Low,0.74,73.36,30252.0,1.0,26366.64,72.12
33222022,3322,33,Semarang,2022,950.21,1068492.0,1124.48,Low,0.0,74.67,56640.0,1.0,19342.15,72.04
33232022,3323,33,Temanggung,2022,870.65,799764.0,918.58,Low,171.59,70.77,24726.0,1.0,14605.04,71.98
33242022,3324,33,Kendal,2022,1002.23,1033367.0,1031.07,Low,0.07,73.19,49666.0,1.0,14965.29,73.12
33252022,3325,33,Batang,2022,788.6,813791.0,1031.94,Low,,69.45,25444.0,1.0,20705.54,71.25
33262022,3326,33,Pekalongan,2022,836.13,986455.0,1179.79,Low,0.2,70.81,25962.0,1.0,14256.96,70.96
33272022,3327,33,Pemalang,2022,1115.0,1500754.0,1345.97,Low,150.18,67.19,29915.0,1.0,21669.45,73.06
33282022,3328,33,Tegal,2022,876.1,1623595.0,1853.21,Low,0.16,69.53,40770.0,1.0,30646.62,70.55
33292022,3329,33,Brebes,2022,1769.62,2010617.0,1136.19,Low,1.78,67.03,53709.0,2.0,36693.76,72.65
33722022,3372,33,City of Surakarta,2022,46.72,523008.0,11194.52,High,,83.08,55849.0,1.0,13734.55,71.85
33732022,3373,33,City of Salatiga,2022,56.78,195065.0,3435.45,Medium,,84.35,15381.0,1.0,4166.83,73.36
33752022,3375,33,City of Pekalongan,2022,45.25,309742.0,6845.13,Medium,,75.9,12591.0,,,70.84
33762022,3376,33,City of Tegal,2022,39.68,278299.0,7013.58,Medium,,76.15,17680.0,1.0,7936.6,73.23
34012022,3401,34,Kulon Progo,2022,586.3,440680.0,751.63,Low,0.79,75.46,14315.0,1.0,6473.07,73.34
34022022,3402,34,Bantul,2022,506.85,1000800.0,1974.55,Low,,80.69,31183.0,,,72.63
34032022,3403,34,Gunung Kidul,2022,1485.36,749710.0,504.73,Low,0.02,70.96,22749.0,1.0,13787.19,70.61
34042022,3404,34,Sleman,2022,574.82,1145850.0,1993.41,Low,,84.31,54702.0,1.0,21780.73,71.2
34712022,3471,34,City of Yogyakarta,2022,32.5,375520.0,11554.46,High,2.62,87.69,42624.0,,11064.26,71.32
35022022,3502,35,Ponorogo,2022,1371.78,964253.0,702.92,Low,0.12,71.87,23028.0,1.0,13955.26,74.97
35042022,3504,35,Tulungagung,2022,1055.65,1105337.0,1047.07,Low,,74.06,44133.0,1.0,20214.89,72.17
35062022,3506,35,Kediri,2022,1386.05,1656020.0,1194.78,Low,0.01,73.46,46650.0,1.0,24008.24,71.83
35072022,3507,35,Malang,2022,3530.65,2685900.0,760.74,Low,,71.38,117422.0,3.0,35061.41,72.11
35082022,3508,35,Lumajang,2022,1790.9,1137227.0,635.0,Low,4.12,66.95,36664.0,1.0,19144.61,74.98
35092022,3509,35,Jember,2022,3306.69,2567718.0,776.52,Low,0.6,67.97,88030.0,4.0,37036.24,72.48
35102022,3510,35,Banyuwangi,2022,5782.5,1731731.0,299.48,Low,,71.94,93279.0,1.0,29707.85,72.37
35122022,3512,35,Situbondo,2022,1638.5,691260.0,421.89,Low,5.45,68.25,23129.0,1.0,9389.17,73.29
35132022,3513,35,Probolinggo,2022,1696.17,1159965.0,683.87,Low,3.99,66.96,38933.0,1.0,16876.05,74.74
35142022,3514,35,Pasuruan,2022,1474.02,1619035.0,1098.38,Low,,69.68,172654.0,,,71.1
35152022,3515,35,Sidoarjo,2022,714.27,2103401.0,2944.83,Medium,0.38,81.02,245227.0,,,75.08
35162022,3516,35,Mojokerto,2022,692.15,1133584.0,1637.77,Low,2.74,74.89,95798.0,2.0,16832.26,73.97
35182022,3518,35,Nganjuk,2022,1224.33,1117033.0,912.36,Low,3.14,72.93,30820.0,3.0,16210.77,71.89
35202022,3520,35,Magetan,2022,688.84,678343.0,984.76,Low,17.94,74.85,21195.0,1.0,10064.79,73.33
35222022,3522,35,Bojonegoro,2022,2307.06,1315125.0,570.04,Low,15.87,70.12,100493.0,2.0,13727.14,73.98
35242022,3524,35,Lamongan,2022,1752.21,1371509.0,782.73,Low,0.11,74.02,45441.0,1.0,8324.09,73.48
35272022,3527,35,Sampang,2022,1233.0,984162.0,798.18,Low,1.9,63.39,23009.0,2.0,16951.13,75.63
35282022,3528,35,Pamekasan,2022,792.2,857818.0,1082.83,Low,39.32,66.99,19263.0,1.0,10114.06,73.02
35292022,3529,35,Sumenep,2022,2093.47,1136632.0,542.94,Low,2.42,67.87,40255.0,1.0,13219.79,72.3
35712022,3571,35,City of Kediri,2022,63.4,289418.0,4564.66,Medium,6.8,79.59,152778.0,1.0,6518.37,74.44
35722022,3572,35,City of Blitar,2022,32.58,151960.0,4664.21,Medium,11.28,79.93,7834.0,1.0,2773.27,72.5
35732022,3573,35,City of Malang,2022,110.06,846126.0,7687.86,Medium,,82.71,84807.0,1.0,27914.84,73.76
35752022,3575,35,City of Pasuruan,2022,35.29,211497.0,5993.11,Medium,8.69,76.54,9453.0,1.0,5329.73,74.35
35762022,3576,35,City of Mojokerto,2022,20.21,134350.0,6647.7,Medium,0.05,79.32,7637.0,1.0,2442.03,73.46
35772022,3577,35,City of Madiun,2022,33.23,199192.0,5994.34,Medium,2.89,82.01,15819.0,1.0,4421.98,73.32
35792022,3579,35,City of Batu,2022,199.09,216735.0,1088.63,Low,201.17,77.22,18588.0,1.0,4935.95,72.36
36012022,3601,36,Pandeglang,2022,2746.0,1298850.0,473.0,Low,,65.84,32077.0,,,68.32
36022022,3602,36,Lebak,2022,3305.07,1417350.0,428.84,Low,5.78,64.71,33475.0,2.0,21588.52,65.11
36032022,3603,36,Tangerang,2022,959.61,3321650.0,3461.46,Medium,0.23,72.97,160167.0,1.0,84149.77,67.43
36712022,3671,36,City of Tangerang,2022,164.55,1931640.0,11738.92,High,,78.9,182409.0,1.0,50425.81,67.12
36722022,3672,36,City of Cilegon,2022,162.51,445060.0,2738.66,Medium,,73.95,120767.0,1.0,8316.91,66.73
36732022,3673,36,City of Serang,2022,266.74,712410.0,2670.8,Medium,,72.98,36724.0,1.0,21346.4,67.41
36742022,3674,36,City of Tangerang Selatan,2022,147.19,1378710.0,9366.87,Medium,,81.95,96137.0,1.0,35500.94,69.84
51012022,5101,51,Jembrana,2022,841.8,327900.0,389.52,Low,0.41,73.58,14532.0,1.0,5947.29,73.83
51022022,5102,51,Tabanan,2022,839.33,469300.0,559.14,Low,53.11,76.75,23681.0,,,74.88
51032022,5103,51,Badung,2022,418.5,549500.0,1313.02,Low,129.92,82.13,55290.0,1.0,11947.46,75.02
51042022,5104,51,Gianyar,2022,368.0,524000.0,1423.91,Low,0.77,78.39,27944.0,1.0,19669.85,74.97
51052022,5105,51,Klungkung,2022,315.0,214000.0,679.37,Low,0.07,72.55,9210.0,3.0,3764.36,75.01
51062022,5106,51,Bangli,2022,520.81,267100.0,512.85,Low,2.36,70.26,7338.0,1.0,4083.61,75.27
51082022,5108,51,Buleleng,2022,1366.0,825100.0,604.03,Low,1.41,73.45,35805.0,1.0,14328.37,75.12
51712022,5171,51,City of Denpasar,2022,127.78,726800.0,5687.9,Medium,1.38,84.37,54634.0,1.0,31631.27,76.14
52012022,5201,52,Lombok Barat,2022,1053.92,742074.0,704.11,Low,,69.41,16562.0,1.0,10533.61,68.27
52032022,5203,52,Lombok Timur,2022,2679.88,1368136.0,510.52,Low,0.08,67.59,22600.0,1.0,19620.96,69.27
52042022,5204,52,Sumbawa,2022,6643.98,522357.0,78.62,Low,0.65,68.89,16108.0,2.0,9482.04,70.17
52052022,5205,52,Dompu,2022,2324.55,243404.0,104.71,Low,,69.15,7826.0,,,70.33
52062022,5206,52,Bima,2022,4389.0,527664.0,120.22,Low,,67.57,12734.0,1.0,10110.21,69.3
52072022,5207,52,Sumbawa Barat,2022,1742.27,150338.0,86.29,Low,7.88,72.65,31512.0,,,71.22
52082022,5208,52,Lombok Utara,2022,809.53,254145.0,313.94,Low,,65.7,5051.0,1.0,3744.61,70.25
52712022,5271,52,City of Mataram,2022,61.3,437162.0,7131.52,Medium,,79.59,21182.0,1.0,9643.69,67.91
53012022,5301,53,Sumba Barat,2022,757.41,149804.0,197.78,Low,,64.43,2583.0,,,71.58
53032022,5303,53,Kupang,2022,5136.51,373259.0,72.67,Low,,65.04,8483.0,,,69.96
53042022,5304,53,Timor Tengah Selatan,2022,3933.15,467732.0,118.92,Low,,62.73,8810.0,,,71.82
53062022,5306,53,Belu,2022,1127.25,226307.0,200.76,Low,,63.22,5036.0,,,70.67
53072022,5307,53,Alor,2022,2928.56,218059.0,74.46,Low,0.01,62.26,3363.0,,,71.85
53082022,5308,53,Lembata,2022,1268.11,139436.0,109.96,Low,,65.47,2017.0,,,73.32
53092022,5309,53,Flores Timur,2022,1748.52,284122.0,162.49,Low,,64.93,5643.0,,,72.06
53102022,5310,53,Sikka,2022,1671.65,330429.0,197.67,Low,,66.06,5703.0,,,70.2
53112022,5311,53,Ende,2022,2085.24,275785.0,132.26,Low,,67.97,6793.0,,,70.88
53122022,5312,53,Ngada,2022,1735.64,169383.0,97.59,Low,,68.26,3819.0,,,71.51
53132022,5313,53,Manggarai,2022,1343.83,323054.0,240.4,Low,,65.83,5097.0,,,70.22
53152022,5315,53,Manggarai Barat,2022,3129.0,265613.0,84.89,Low,0.08,64.92,3884.0,1.0,3097.24,70.27
53162022,5316,53,Sumba Tengah,2022,1789.66,88706.0,49.57,Low,0.32,62.71,1303.0,,,73.3
53172022,5317,53,Sumba Barat Daya,2022,1383.31,315427.0,228.02,Low,,63.15,4176.0,,,72.74
53202022,5320,53,Sabu Raijua,2022,460.96,91877.0,199.32,Low,,57.9,1546.0,,,73.93
53212022,5321,53,Malaka,2022,1109.16,188493.0,169.94,Low,,61.34,3144.0,,,69.41
53712022,5371,53,City of Kupang,2022,159.33,458253.0,2876.13,Medium,,80.2,26200.0,1.0,8319.26,72.57
61012022,6101,61,Sambas,2022,6395.7,641271.0,100.27,Low,0.56,67.95,24423.0,5.0,11611.2,71.39
61042022,6104,61,Mempawah,2022,2797.88,308804.0,110.37,Low,32.38,66.94,9956.0,1.0,3066.97,72.79
61052022,6105,61,Sanggau,2022,12857.7,497280.0,38.68,Low,0.25,66.91,23847.0,6.0,8984.18,73.7
61062022,6106,61,Ketapang,2022,31588.0,584946.0,18.52,Low,,67.92,34314.0,,,72.69
61072022,6107,61,Sintang,2022,21635.0,432206.0,19.98,Low,,67.86,17330.0,,,72.07
61082022,6108,61,Kapuas Hulu,2022,29842.0,258989.0,8.68,Low,,66.7,12187.0,1.0,4866.38,72.94
61092022,6109,61,Sekadau,2022,5444.2,216862.0,39.83,Low,,65.58,7884.0,,,73.48
61102022,6110,61,Melawi,2022,10640.8,235669.0,22.15,Low,0.27,66.81,6177.0,,,74.36
61112022,6111,61,Kayong Utara,2022,4568.26,130592.0,28.59,Low,,63.81,4981.0,,,72.38
61122022,6112,61,Kubu Raya,2022,6985.2,628558.0,89.98,Low,,68.91,35209.0,,,73.7
61722022,6172,61,City of Singkawang,2022,504.0,242177.0,480.51,Low,,72.89,11922.0,1.0,3429.79,72.54
62042022,6204,62,Barito Selatan,2022,7020.09,133478.0,19.01,Low,,71.01,8132.0,1.0,2443.97,73.24
62052022,6205,62,Barito Utara,2022,8300.0,158539.0,19.1,Low,0.17,71.21,14298.0,1.0,2260.39,72.89
62062022,6206,62,Sukamara,2022,3827.0,65457.0,17.1,Low,,68.94,5460.0,,,72.54
62072022,6207,62,Lamandau,2022,6414.0,100509.0,15.67,Low,0.56,71.11,7316.0,,,74.66
62082022,6208,62,Seruyan,2022,16404.0,168262.0,10.26,Low,0.03,68.24,10809.0,1.0,2999.94,74.63
62092022,6209,62,Katingan,2022,20382.53,166820.0,8.18,Low,,69.74,9966.0,,,73.24
62102022,6210,62,Pulang Pisau,2022,8997.0,136869.0,15.21,Low,0.08,69.01,6465.0,1.0,2469.88,73.21
62112022,6211,62,Gunung Mas,2022,10804.0,140125.0,12.97,Low,0.0,71.4,8135.0,1.0,3705.84,75.6
62122022,6212,62,Barito Timur,2022,3834.0,115860.0,30.22,Low,0.01,72.07,10948.0,,1679.83,72.17
62132022,6213,62,Murung Raya,2022,23700.16,114831.0,4.85,Low,0.79,68.63,12999.0,1.0,2033.98,72.85
62712022,6271,62,City of Palangka Raya,2022,2853.19,301417.0,105.64,Low,304.75,81.16,21955.0,1.0,5544.81,73.58
63012022,6301,63,Tanah Laut,2022,3631.35,358090.0,98.61,Low,2.14,70.35,19022.0,1.0,5180.74,72.2
63022022,6302,63,Kotabaru,2022,9442.46,326631.0,34.59,Low,3.0,69.74,33266.0,1.0,6614.35,73.94
63032022,6303,63,Banjar,2022,4668.5,570347.0,122.17,Low,0.25,70.72,21071.0,1.0,13051.24,72.89
63042022,6304,63,Barito Kuala,2022,2996.46,319708.0,106.7,Low,39.25,67.37,9868.0,2.0,3517.98,75.01
63082022,6308,63,Hulu Sungai Utara,2022,915.05,233428.0,255.1,Low,0.04,66.84,5671.0,1.0,3376.83,73.33
63092022,6309,63,Tabalong,2022,3556.0,258525.0,72.7,Low,10.88,73.13,29172.0,1.0,3750.78,74.08
63102022,6310,63,Tanah Bumbu,2022,4871.39,341137.0,70.03,Low,0.83,71.79,31610.0,3.0,6074.35,74.59
63112022,6311,63,Balangan,2022,1878.3,133789.0,71.23,Low,2.59,69.73,19848.0,1.0,2057.63,73.18
63722022,6372,63,City of Banjar Baru,2022,371.38,268292.0,722.42,Low,65.17,79.68,11786.0,1.0,6707.97,72.67
64012022,6401,64,Paser,2022,11603.94,286952.0,24.73,Low,51.3,73.44,76262.0,1.0,4330.1,74.6
64032022,6403,64,Kutai Kartanegara,2022,27263.1,791855.0,29.04,Low,77.28,74.67,240393.0,6.0,11452.48,74.08
64042022,6404,64,Kutai Timur,2022,35747.5,399453.0,11.17,Low,,74.35,211101.0,2.0,7767.44,73.4
64052022,6405,64,Berau,2022,34127.17,236325.0,6.92,Low,20.19,75.74,60158.0,2.0,4980.19,72.74
64092022,6409,64,Penajam Paser Utara,2022,3333.0,159073.0,47.73,Low,333.56,72.55,13129.0,1.0,3503.4,73.31
64112022,6411,64,Mahakam Ulu,2022,15315.0,27201.0,1.78,Low,,68.75,3169.0,,558.46,74.67
64722022,6472,64,City of Samarinda,2022,716.96,865911.0,1207.75,Low,0.05,81.43,83354.0,2.0,21434.79,73.41
65012022,6501,65,Malinau,2022,38911.8,84509.0,2.17,Low,,72.75,17587.0,,,77.97
65032022,6503,65,Tana Tidung,2022,3504.0,26783.0,7.64,Low,0.0,68.6,8626.0,1.0,517.79,76.67
65042022,6504,65,Nunukan,2022,13564.0,204762.0,15.1,Low,4565.6,67.16,40151.0,1.0,1557.68,75.95
65712022,6571,65,City of Tarakan,2022,251.0,248182.0,988.77,Low,,76.68,47488.0,,,76.77
71012022,7101,71,Bolaang Mongondow,2022,3269.3,252648.0,77.28,Low,,68.95,9777.0,1.0,4571.22,75.89
71022022,7102,71,Minahasa,2022,1128.45,350317.0,310.44,Low,,76.18,20369.0,2.0,6363.28,75.9
71032022,7103,71,Kepulauan Sangihe,2022,597.26,140165.0,234.68,Low,0.01,71.63,5223.0,1.0,2039.39,75.17
71042022,7104,71,Kepulauan Talaud,2022,1012.14,95545.0,94.4,Low,0.19,70.43,2631.0,,,76.2
71052022,7105,71,Minahasa Selatan,2022,1456.69,241680.0,165.91,Low,0.01,72.89,10527.0,1.0,3452.36,74.16
71062022,7106,71,Minahasa Utara,2022,995.55,229368.0,230.39,Low,102.69,74.69,17226.0,1.0,4311.42,73.67
71092022,7109,71,Minahasa Tenggara,2022,753.14,118023.0,156.71,Low,,71.48,6147.0,1.0,1684.1,74.89
71102022,7110,71,Bolaang Mongondow Selatan,2022,1796.07,71481.0,39.8,Low,,65.9,2504.0,1.0,1055.35,75.56
71112022,7111,71,Bolaang Mongondow Timur,2022,859.97,92299.0,107.33,Low,0.08,67.21,3533.0,,1347.62,74.07
71712022,7171,71,City of Manado,2022,162.35,454606.0,2800.16,Medium,,79.66,43920.0,1.0,10624.11,74.81
71722022,7172,71,City of Bitung,2022,329.72,229795.0,696.94,Low,0.0,74.7,20620.0,1.0,5805.52,75.54
71732022,7173,71,City of Tomohon,2022,169.06,101151.0,598.31,Low,8.41,77.44,5034.0,1.0,1851.04,76.32
71742022,7174,71,City of Kotamobagu,2022,108.89,125405.0,1151.67,Low,18.52,73.96,4413.0,1.0,3146.38,75.14
72012022,7201,72,Banggai Kepulauan,2022,2385.07,123576.0,51.81,Low,0.04,66.08,4569.0,1.0,2192.59,75.77
72032022,7203,72,Morowali,2022,4486.89,176244.0,39.28,Low,0.75,72.55,146772.0,1.0,3064.36,76.48
72042022,7204,72,Poso,2022,7545.93,252650.0,33.48,Low,0.0,71.93,10891.0,,,75.86
72052022,7205,72,Donggala,2022,5126.59,305890.0,59.67,Low,0.62,66.25,13781.0,1.0,4423.29,75.27
72062022,7206,72,Toli-Toli,2022,3700.37,228641.0,61.79,Low,0.1,66.76,9697.0,,,76.42
72072022,7207,72,Buol,2022,3723.58,148246.0,39.81,Low,,68.72,6713.0,,,74.52
72082022,7208,72,Parigi Moutong,2022,5805.61,446712.0,76.94,Low,2.4,66.26,20061.0,1.0,8258.25,74.69
72102022,7210,72,Sigi,2022,5225.44,266812.0,51.06,Low,,69.05,10600.0,1.0,4700.84,76.83
72112022,7211,72,Banggai Laut,2022,725.67,71345.0,98.32,Low,,66.22,2804.0,1.0,1354.99,74.71
72122022,7212,72,Morowali Utara,2022,8736.01,124006.0,14.19,Low,,68.97,21082.0,,2230.88,75.4
72712022,7271,72,City of Palu,2022,395.06,381572.0,965.86,Low,9.98,82.02,28445.0,1.0,7407.37,73.57
73012022,7301,73,Kepulauan Selayar,2022,1160.36,139658.0,120.36,Low,0.25,68.35,7480.0,1.0,2014.42,71.85
73022022,7302,73,Bulukumba,2022,1175.53,445815.0,379.25,Low,36.99,70.34,17233.0,1.0,6530.46,75.59
73032022,7303,73,Bantaeng,2022,390.97,200843.0,513.7,Low,0.48,69.69,12164.0,1.0,2956.24,72.45
73062022,7306,73,Gowa,2022,1813.0,788159.0,434.73,Low,,70.99,25612.0,,,72.58
73092022,7309,73,Pangkajene dan Kepulauan,2022,888.91,352056.0,396.05,Low,,69.79,30482.0,1.0,5153.06,75.07
73102022,7310,73,Barru,2022,1201.9,186678.0,155.32,Low,1.13,71.53,8878.0,1.0,2781.72,72.67
73112022,7311,73,Bone,2022,4567.36,816013.0,178.66,Low,4.72,67.01,43641.0,1.0,14811.52,73.01
73122022,7312,73,Soppeng,2022,1385.55,237120.0,171.14,Low,1.78,69.7,13742.0,1.0,3439.38,72.7
73142022,7314,73,Sidenreng Rappang,2022,1832.3,325058.0,177.4,Low,0.24,72.06,16699.0,1.0,4718.63,73.84
73152022,7315,73,Pinrang,2022,1896.58,413966.0,218.27,Low,0.65,71.97,23765.0,1.0,6586.18,73.33
73162022,7316,73,Enrekang,2022,1806.85,231121.0,127.91,Low,,73.39,9025.0,1.0,4174.07,72.74
73172022,7317,73,Luwu,2022,2902.07,374316.0,128.98,Low,,71.36,19981.0,,,72.83
73182022,7318,73,Tana Toraja,2022,2043.62,286451.0,140.17,Low,,69.88,8757.0,1.0,4249.27,73.54
73222022,7322,73,Luwu Utara,2022,7422.42,329892.0,44.45,Low,1248.8,70.51,16051.0,,,74.43
73262022,7326,73,Toraja Utara,2022,1289.13,268877.0,208.57,Low,0.22,70.36,11311.0,1.0,5784.78,74.43
73712022,7371,73,City of Makasar,2022,176.85,1444879.0,8170.08,Medium,,83.12,208936.0,1.0,36592.43,73.25
73722022,7372,73,City of Parepare,2022,89.67,155912.0,1738.73,Low,20.91,78.54,8697.0,1.0,2838.9,73.37
73732022,7373,73,City of Palopo,2022,273.24,189841.0,694.78,Low,0.48,78.91,9768.0,1.0,3418.79,73.58
74022022,7402,74,Muna,2022,1858.1,221370.0,119.14,Low,0.52,69.61,8261.0,1.0,3393.76,73.44
74032022,7403,74,Konawe,2022,5351.85,264930.0,49.5,Low,,72.04,14270.0,,,75.74
74042022,7404,74,Kolaka,2022,2958.92,243040.0,82.14,Low,3145.8,73.98,31397.0,1.0,4402.16,73.42
74052022,7405,74,Konawe Selatan,2022,4237.74,318350.0,75.12,Low,,69.36,14537.0,,,73.86
74062022,7406,74,Bombana,2022,3293.97,155510.0,47.21,Low,,66.81,7780.0,,,75.57
74072022,7407,74,Wakatobi,2022,450.46,114620.0,254.45,Low,0.16,70.85,5241.0,1.0,2945.56,74.96
74082022,7408,74,Kolaka Utara,2022,2932.25,142770.0,48.69,Low,0.04,70.39,10096.0,1.0,2034.06,75.88
74092022,7409,74,Buton Utara,2022,1755.83,68090.0,38.78,Low,,69.0,3802.0,,,73.75
74102022,7410,74,Konawe Utara,2022,4219.81,70680.0,16.75,Low,,71.1,4799.0,,,72.81
74112022,7411,74,Kolaka Timur,2022,3992.53,123980.0,31.05,Low,,68.73,5274.0,,,75.89
74122022,7412,74,Konawe Kepulauan,2022,705.71,38310.0,54.29,Low,,66.69,1579.0,,,74.85
74132022,7413,74,Muna Barat,2022,818.7,87590.0,106.99,Low,,66.21,3070.0,,,74.17
74142022,7414,74,Buton Tengah,2022,836.96,117630.0,140.54,Low,,65.29,2794.0,,,75.7
74152022,7415,74,Buton Selatan,2022,517.63,97950.0,189.23,Low,,65.44,3314.0,1.0,802.67,76.89
74722022,7472,74,City of Baubau,2022,294.14,163720.0,556.61,Low,0.27,76.67,10711.0,1.0,2992.33,74.41
75012022,7501,75,Boalemo,2022,1830.87,148526.0,81.12,Low,0.47,67.27,6112.0,,,77.43
75022022,7502,75,Gorontalo,2022,2160.36,398801.0,184.6,Low,0.99,68.28,14889.0,1.0,5776.27,76.51
75032022,7503,75,Pohuwato,2022,4370.36,149297.0,34.16,Low,0.94,66.53,7534.0,1.0,2156.26,74.25
75042022,7504,75,Bone Bolango,2022,1889.0,166200.0,87.98,Low,0.22,70.9,5279.0,1.0,1819.89,75.67
75052022,7505,75,Gorontalo Utara,2022,1703.63,128563.0,75.46,Low,0.58,66.01,3854.0,,,73.22
75712022,7571,75,City of Gorontalo,2022,70.93,201350.0,2838.71,Medium,0.04,78.22,9757.0,1.0,5164.65,72.8
76012022,7601,76,Majene,2022,947.84,177390.0,187.15,Low,,67.84,5537.0,1.0,2589.89,74.16
76022022,7602,76,Polewali Mandar,2022,2074.76,490493.0,236.41,Low,33.0,64.79,14843.0,,,75.16
76032022,7603,76,Mamasa,2022,3005.88,166471.0,55.38,Low,,67.21,3288.0,,,73.49
76042022,7604,76,Mamuju,2022,4979.89,285616.0,57.35,Low,,68.88,13378.0,1.0,,74.57
76052022,7605,76,Mamuju Utara,2022,3043.75,198608.0,65.25,Low,0.0,68.61,13185.0,,,73.35
76062022,7606,76,Mamuju Tengah,2022,3014.37,140028.0,46.45,Low,,66.89,3814.0,1.0,2005.75,75.91
81012022,8101,81,Maluku Tenggara Barat,2022,10102.92,124787.0,12.35,Low,,63.45,3153.0,,,76.76
81022022,8102,81,Maluku Tenggara,2022,4676.0,124199.0,26.56,Low,,66.88,3785.0,,,77.98
81032022,8103,81,Maluku Tengah,2022,2759.07,427050.0,154.78,Low,0.07,71.81,9986.0,1.0,6201.06,76.56
81062022,8106,81,Seram Bagian Barat,2022,6948.4,217958.0,31.37,Low,,66.67,3501.0,,,76.8
81072022,8107,81,Seram Bagian Timur,2022,3952.08,143438.0,36.29,Low,,65.05,3638.0,,,76.86
81082022,8108,81,Maluku Barat Daya,2022,8633.15,82560.0,9.56,Low,0.04,63.07,2264.0,,,75.92
81712022,8171,81,City of Ambon,2022,377.0,348225.0,923.67,Low,,81.63,17175.0,,,76.82
81722022,8172,81,City of Tual,2022,352.66,93145.0,264.12,Low,,68.6,2909.0,,,76.61
82012022,8201,82,Halmahera Barat,2022,2239.11,136282.0,60.86,Low,,66.2,2529.0,,,76.92
82022022,8202,82,Halmahera Tengah,2022,2276.9,86379.0,37.94,Low,,66.49,21302.0,,,75.79
82042022,8204,82,Halmahera Selatan,2022,8096.4,253331.0,31.29,Low,,65.06,14326.0,,,76.54
82052022,8205,82,Halmahera Utara,2022,3891.62,201196.0,51.7,Low,0.0,68.38,6489.0,1.0,5049.7,77.13
82062022,8206,82,Halmahera Timur,2022,6488.73,96395.0,14.86,Low,,67.93,4184.0,,,75.51
82072022,8207,82,Pulau Morotai,2022,2337.33,78304.0,33.5,Low,,63.8,1752.0,,,76.15
82082022,8208,82,Pulau Taliabu,2022,2985.75,63231.0,21.18,Low,,61.64,1871.0,,,76.03
82712022,8271,82,City of Ternate,2022,579.54,201916.0,348.41,Low,0.03,80.81,12314.0,,,74.89
91012022,9101,91,Fakfak,2022,14320.0,89319.0,6.24,Low,,69.12,5591.0,,,74.54
91022022,9102,91,Kaimana,2022,18500.0,65061.0,3.52,Low,,66.11,2741.0,1.0,929.04,76.5
91032022,9103,91,Teluk Wondama,2022,14953.8,45030.0,3.01,Low,,60.87,1663.0,1.0,669.72,72.97
91042022,9104,91,Teluk Bintuni,2022,18658.0,80884.0,4.34,Low,,65.27,34935.0,,,75.56
91052022,9105,91,Manokwari,2022,14250.94,200785.0,14.09,Low,,72.6,10282.0,1.0,5962.78,76.76
91072022,9107,91,Sorong,2022,13075.28,124195.0,9.5,Low,,66.69,11572.0,1.0,1816.27,76.74
91082022,9108,91,Raja Ampat,2022,67379600.0,66793.0,0.0,Low,,64.65,4066.0,,,74.33
91092022,9109,91,Tambrauw,2022,11529.18,32617.0,2.83,Low,,54.63,256.0,,,77.59
91112022,9111,91,Manokwari Selatan,2022,2812.44,37423.0,13.31,Low,,60.68,887.0,,,74.64
91712022,9171,91,City of Sorong,2022,1105.0,282802.0,255.93,Low,,78.98,16174.0,,,74.66
94022022,9402,94,Jayawijaya,2022,7030.66,273503.0,38.9,Low,,59.6,9166.0,,,69.56
94032022,9403,94,Jayapura,2022,17514.0,200224.0,11.43,Low,0.03,72.67,18279.0,1.0,3136.03,71.78
94092022,9409,94,Biak Numfor,2022,2602.0,146346.0,56.24,Low,681.0,72.85,5865.0,1.0,2143.46,69.81
94102022,9410,94,Paniai,2022,6526.25,122124.0,18.71,Low,,57.14,4705.0,,,72.79
94122022,9412,94,Mimika,2022,21693.51,312255.0,14.39,Low,,75.08,110425.0,1.0,5774.21,70.93
94132022,9413,94,Boven Digoel,2022,27108.29,65310.0,2.41,Low,,62.52,5078.0,1.0,951.82,69.96
94142022,9414,94,Mappi,2022,23824.0,108232.0,4.54,Low,,59.61,3351.0,,,71.14
94152022,9415,94,Asmat,2022,23746.0,108912.0,4.59,Low,,52.22,2881.0,,1657.45,71.44
94162022,9416,94,Yahukimo,2022,17512.0,355021.0,20.27,Low,,50.25,2694.0,,,71.74
94172022,9417,94,Pegunungan Bintang,2022,15683.0,112251.0,7.16,Low,,47.21,2203.0,,,71.92
94182022,9418,94,Tolikara,2022,14263.0,251117.0,17.61,Low,,50.51,1817.0,,,70.85
94192022,9419,94,Sarmi,2022,18034.0,41821.0,2.32,Low,,64.86,3316.0,1.0,611.0,72.63
94262022,9426,94,Waropen,2022,22004.87,36974.0,1.68,Low,,65.67,2311.0,,528.52,67.67
94272022,9427,94,Supiori,2022,634.24,25015.0,39.44,Low,,63.65,1139.0,,,71.78
94282022,9428,94,Mamberamo Raya,2022,23813.91,38735.0,1.63,Low,,53.1,1973.0,,,71.56
94292022,9429,94,Nduga,2022,12941.0,110676.0,8.55,Low,,34.1,1413.0,,,71.65
94312022,9431,94,Mamberamo Tengah,2022,3743.64,48735.0,13.02,Low,,49.25,1287.0,,,70.23
94322022,9432,94,Yalimo,2022,4330.29,104066.0,24.03,Low,,49.9,1440.0,,,70.52
94332022,9433,94,Puncak,2022,8055.0,176561.0,21.92,Low,,43.87,1613.0,,,71.64
94342022,9434,94,Dogiyai,2022,4237.4,115380.0,27.23,Low,,55.72,1445.0,,,70.72
94352022,9435,94,Intan Jaya,2022,3922.02,136365.0,34.77,Low,,49.25,1359.0,,,70.71
94712022,9471,94,City of Jayapura,2022,940.0,368578.0,392.1,Low,6.93,80.61,35365.0,1.0,7952.83,70.69
11022023,1102,11,Aceh Singkil,2023,1857.88,135435.0,72.9,Low,,70.14,3203.0,1.0,1909.49,75.53
11032023,1103,11,Aceh Selatan,2023,4173.82,236933.0,56.77,Low,,68.44,7034.0,1.0,3532.35,76.31
11042023,1104,11,Aceh Tenggara,2023,4242.04,231331.0,54.53,Low,2.2,71.05,6258.0,1.0,4166.62,73.98
11062023,1106,11,Aceh Tengah,2023,4527.53,227168.0,50.17,Low,0.96,74.6,9843.0,,,75.38
11072023,1107,11,Aceh Barat,2023,2927.95,204475.0,69.84,Low,0.17,72.88,13572.0,1.0,3681.37,75.86
11082023,1108,11,Aceh Besar,2023,2903.5,435298.0,149.92,Low,,74.53,16978.0,2.0,5405.33,76.7
11092023,1109,11,Pidie,2023,3184.46,444898.0,139.71,Low,0.42,71.66,13490.0,,,76.01
11102023,1110,11,Bireuen,2023,1781.34,458978.0,257.66,Low,0.0,73.63,17028.0,,,76.03
11112023,1111,11,Aceh Utara,2023,3296.86,627543.0,190.35,Low,,70.87,28472.0,,,75.32
11132023,1113,11,Gayo Lues,2023,5365.98,104856.0,19.54,Low,,68.93,3336.0,1.0,1506.85,74.7
11142023,1114,11,Aceh Tamiang,2023,1957.02,308102.0,157.43,Low,,71.35,10729.0,1.0,4456.17,73.63
11162023,1116,11,Aceh Jaya,2023,3727.0,99717.0,26.76,Low,0.82,70.88,3374.0,2.0,1752.51,73.68
11172023,1117,11,Bener Meriah,2023,1145.0,175781.0,153.52,Low,0.0,74.49,6016.0,1.0,2468.57,74.03
11182023,1118,11,Pidie Jaya,2023,952.11,163591.0,171.82,Low,10.0,74.8,4349.0,,,74.24
11722023,1172,11,City of Sabang,2023,122.13,43527.0,356.4,Low,0.0,77.52,1747.0,1.0,630.84,72.7
11742023,1174,11,City of Lhokseumawe,2023,181.06,196067.0,1082.88,Low,0.05,78.92,11170.0,,,75.08
11752023,1175,11,City of Subulussalam,2023,1391.0,103044.0,74.08,Low,0.2,67.1,2560.0,1.0,2083.11,76.17
12012023,1201,12,Nias,2023,853.44,153658.0,180.05,Low,,64.56,4858.0,,,73.43
12032023,1203,12,Tapanuli Selatan,2023,4355.35,312540.0,71.76,Low,,71.55,18875.0,,,72.28
12042023,1204,12,Tapanuli Tengah,2023,2194.98,386895.0,176.26,Low,,70.91,12632.0,,,72.74
12052023,1205,12,Tapanuli Utara,2023,3793.71,323102.0,85.17,Low,,74.65,10490.0,,,73.96
12062023,1206,12,Toba Samosir,2023,2022.0,213850.0,105.76,Low,,76.38,9656.0,2.0,3506.72,74.15
12072023,1207,12,Labuhan Batu,2023,2561.38,513826.0,200.61,Low,,73.69,45763.0,,,75.47
12082023,1208,12,Asahan,2023,3732.97,802563.0,214.99,Low,0.68,71.56,51282.0,,,73.95
12092023,1209,12,Simalungun,2023,4372.5,1035920.0,236.92,Low,,74.29,52239.0,1.0,18644.47,73.02
12112023,1211,12,Karo,2023,2127.25,420799.0,197.81,Low,,75.98,26409.0,,,73.46
12122023,1212,12,Deli Serdang,2023,2498.0,2018164.0,807.91,Low,423.33,76.52,139098.0,,,73.12
12132023,1213,12,Langkat,2023,6273.29,1066711.0,170.04,Low,,72.21,56191.0,,,71.43
12142023,1214,12,Nias Selatan,2023,2487.99,382539.0,153.75,Low,,64.12,8575.0,,,73.4
12152023,1215,12,Humbang Hasundutan,2023,2297.2,204700.0,89.11,Low,,70.75,7655.0,,,74.3
12162023,1216,12,Pakpak Bharat,2023,1218.0,55172.0,45.3,Low,,69.58,1560.0,,,73.69
12172023,1217,12,Samosir,2023,1444.25,141333.0,97.86,Low,,72.08,5656.0,,,73.63
12192023,1219,12,Batu Bara,2023,904.96,430533.0,475.75,Low,0.0,70.31,43775.0,,,73.35
12202023,1220,12,Padang Lawas Utara,2023,3945.56,275448.0,69.81,Low,,71.63,15822.0,,,72.59
12212023,1221,12,Padang Lawas,2023,3892.74,275648.0,70.81,Low,,70.34,16127.0,,,71.51
12222023,1222,12,Labuhan Batu Selatan,2023,3596.0,330797.0,91.99,Low,,72.82,37584.0,,,73.29
12232023,1223,12,Labuhan Batu Utara,2023,3545.8,401863.0,113.33,Low,,73.63,33271.0,,,73.57
12242023,1224,12,Nias Utara,2023,1242.0,155873.0,125.5,Low,,64.64,4478.0,,,72.66
12712023,1271,12,City of Sibolga,2023,10.77,91265.0,8474.0,Medium,0.0,75.2,6821.0,1.0,,73.62
12732023,1273,12,City of Pematang Siantar,2023,79.97,274838.0,3436.76,Medium,0.71,80.46,16228.0,1.0,5866.46,72.76
12742023,1274,12,City of Tebing Tinggi,2023,38.96,178914.0,4592.25,Medium,4.71,76.98,7428.0,,,73.59
12752023,1275,12,City of Medan,2023,265.1,2474166.0,9332.95,Medium,54.79,82.19,303312.0,,,73.55
12762023,1276,12,City of Binjai,2023,90.45,303272.0,3352.92,Medium,,77.6,14460.0,,,73.26
12772023,1277,12,City of Padangsidimpuan,2023,159.3,236217.0,1482.84,Low,,76.44,7929.0,,,73.44
12782023,1278,12,City of Gunungsitoli,2023,469.4,142890.0,304.41,Low,,70.68,6924.0,,,72.73
13012023,1301,13,Kepulauan Mentawai,2023,6033.76,90406.0,14.98,Low,,63.13,5915.0,,,73.35
13022023,1302,13,Pesisir Selatan,2023,1938.79,523402.0,269.96,Low,600.2,71.44,18026.0,1.0,5655.87,73.87
13032023,1303,13,Solok,2023,3738.0,401371.0,107.38,Low,0.78,70.63,17316.0,1.0,5923.4,74.01
13052023,1305,13,Tanah Datar,2023,1336.0,378797.0,283.53,Low,130.83,73.98,16460.0,1.0,4738.26,72.4
13072023,1307,13,Agam,2023,2232.4,547578.0,245.29,Low,736.64,73.98,26163.0,1.0,8016.38,71.24
13082023,1308,13,Lima Puluh Kota,2023,3354.0,391054.0,116.59,Low,0.23,70.7,19604.0,,,72.72
13092023,1309,13,Pasaman,2023,3947.63,311744.0,78.97,Low,7.98,68.13,11360.0,1.0,4488.41,72.53
13112023,1311,13,Dharmasraya,2023,2961.0,238211.0,80.45,Low,0.02,73.04,13346.0,,,71.91
13122023,1312,13,Pasaman Barat,2023,3887.77,448639.0,115.4,Low,0.11,70.19,19545.0,,,72.12
13712023,1371,13,City of Padang,2023,694.96,924687.0,1330.56,Low,142.27,83.58,79705.0,1.0,23629.66,75.02
13722023,1372,13,City of Solok,2023,58.72,77240.0,1315.4,Low,11.46,79.58,5262.0,1.0,2036.41,71.58
13732023,1373,13,City of Sawah Lunto,2023,273.45,67131.0,245.5,Low,0.34,74.42,4825.0,1.0,692.6,70.57
13742023,1374,13,City of Padang Panjang,2023,23.0,58729.0,2553.43,Medium,0.05,79.26,4474.0,,,71.17
13752023,1375,13,City of Bukittinggi,2023,25.24,123013.0,4873.73,Medium,1.11,81.78,11132.0,1.0,,69.31
13762023,1376,13,City of Payakumbuh,2023,80.43,145468.0,1808.63,Low,8.53,79.97,8982.0,1.0,3404.16,72.98
13772023,1377,13,City of Pariaman,2023,64.97,98143.0,1510.59,Low,,78.13,6435.0,1.0,,74.35
14022023,1402,14,Indragiri Hulu,2023,8198.71,475002.0,57.94,Low,,71.04,56482.0,,,73.67
14032023,1403,14,Indragiri Hilir,2023,12614.78,663248.0,52.58,Low,,67.98,87546.0,,,74.41
14042023,1404,14,Pelalawan,2023,12614.78,422907.0,33.52,Low,,73.59,70522.0,,,75.04
14052023,1405,14,Siak,2023,8556.09,488497.0,57.09,Low,1.44,74.98,109923.0,4.0,6972.23,74.45
14062023,1406,14,Kampar,2023,11289.28,898840.0,79.62,Low,,74.24,106929.0,,,73.97
14082023,1408,14,Bengkalis,2023,514.0,592390.0,1152.51,Low,0.56,74.97,168636.0,4.0,9511.5,74.31
14092023,1409,14,Rokan Hilir,2023,8881.59,669996.0,75.44,Low,0.25,70.78,94740.0,,,73.31
14102023,1410,14,Kepulauan Meranti,2023,3708.0,217607.0,58.69,Low,0.01,67.28,25609.0,,,73.75
14712023,1471,14,City of Pekanbaru,2023,632.3,1020308.0,1613.65,Low,47.17,82.38,159961.0,,,74.62
14732023,1473,14,City of Dumai,2023,1727.0,340310.0,197.05,Low,0.26,75.66,49034.0,1.0,6210.66,73.67
15012023,1501,15,Kerinci,2023,3807.0,255100.0,67.01,Low,,72.54,13405.0,,,78.91
15022023,1502,15,Merangin,2023,7679.0,368400.0,47.97,Low,,70.81,22525.0,,,79.63
15032023,1503,15,Sarolangun,2023,6174.0,302200.0,48.95,Low,0.04,71.29,21509.0,,,80.8
15042023,1504,15,Batang Hari,2023,5804.83,312700.0,53.87,Low,0.24,71.02,25449.0,,,78.49
15052023,1505,15,Muaro Jambi,2023,5246.0,418800.0,79.83,Low,,71.04,35885.0,,,77.53
15062023,1506,15,Tanjung Jabung Timur,2023,5426.0,236700.0,43.62,Low,,66.65,25073.0,,,80.16
15082023,1508,15,Tebo,2023,6461.0,350800.0,54.3,Low,,70.63,21183.0,,,79.89
15092023,1509,15,Bungo,2023,4659.0,376400.0,80.79,Low,787.08,71.06,26235.0,1.0,5901.41,78.65
15712023,1571,15,City of Jambi,2023,205.38,627800.0,3056.77,Medium,1.85,80.15,40581.0,,,79.69
15722023,1572,15,City of Sungai Penuh,2023,391.5,99800.0,254.92,Low,,76.65,9475.0,,,79.36
16012023,1601,16,Ogan Komering Ulu,2023,4797.0,379130.0,79.03,Low,,71.01,19019.0,,,73.66
16022023,1602,16,Ogan Komering Ilir,2023,19023.47,797429.0,41.92,Low,,68.65,37395.0,,,70.83
16032023,1603,16,Muara Enim,2023,6763.91,633779.0,93.7,Low,21.04,70.24,118518.0,4.0,8497.14,75.28
16042023,1604,16,Lahat,2023,4344.87,444949.0,102.41,Low,0.86,69.1,29289.0,1.0,9805.33,72.32
16052023,1605,16,Musi Rawas,2023,6357.09,407694.0,64.13,Low,,68.26,23527.0,,,73.61
16062023,1606,16,Musi Banyuasin,2023,14265.96,644386.0,45.17,Low,6881.99,69.17,85771.0,8.0,9243.61,74.44
16072023,1607,16,Banyu Asin,2023,11875.0,874210.0,73.62,Low,294.96,68.65,37440.0,,,72.25
16082023,1608,16,Ogan Komering Ulu Selatan,2023,5493.94,424190.0,77.21,Low,,66.67,11090.0,,,71.83
16092023,1609,16,Ogan Komering Ulu Timur,2023,4369.25,668035.0,152.89,Low,0.11,70.96,19465.0,,,74.7
16112023,1611,16,Empat Lawang,2023,2256.0,342178.0,151.67,Low,,66.68,6303.0,,,72.06
16122023,1612,16,Penukal Abab Lematang Ilir,2023,1840.0,202681.0,110.15,Low,4.44,66.64,8719.0,,,74.62
16132023,1613,16,Musi Rawas Utara,2023,6008.55,195962.0,32.61,Low,,66.6,9067.0,,,75.24
16712023,1671,16,City of Palembang,2023,352.52,1706371.0,4840.49,Medium,43.87,80.02,194570.0,,,75.88
16732023,1673,16,City of Pagar Alam,2023,633.66,147836.0,233.3,Low,287.53,70.45,3491.0,,2698.01,73.7
16742023,1674,16,City of Lubuklinggau,2023,401.5,242976.0,605.17,Low,,76.19,8234.0,,,73.53
17022023,1702,17,Rejang Lebong,2023,1515.76,283689.0,187.16,Low,,72.31,11899.0,,,73.13
17032023,1703,17,Bengkulu Utara,2023,4424.6,306201.0,69.2,Low,4.38,70.28,12491.0,,,71.95
17052023,1705,17,Seluma,2023,4128.0,216977.0,52.56,Low,,68.27,5769.0,1.0,3901.39,72.51
17082023,1708,17,Kepahiang,2023,665.0,156330.0,235.08,Low,0.0,69.6,5616.0,,,73.02
17712023,1771,17,City of Bengkulu,2023,151.7,391045.0,2577.75,Medium,2.5,81.45,30811.0,,,72.66
18012023,1801,18,Lampung Barat,2023,3368.14,303931.0,90.24,Low,0.25,69.11,9018.0,,,74.3
18032023,1803,18,Lampung Selatan,2023,2219.46,1090174.0,491.19,Low,,69.63,55759.0,,,72.49
18042023,1804,18,Lampung Timur,2023,5325.03,1137434.0,213.6,Low,,71.21,52874.0,,,71.63
18052023,1805,18,Lampung Tengah,2023,4559.56,1522426.0,333.9,Low,0.0,71.6,90078.0,1.0,25185.09,71.99
18062023,1806,18,Lampung Utara,2023,2529.54,635903.0,251.39,Low,,68.95,29261.0,,,71.5
18082023,1808,18,Tulangbawang,2023,4386.0,431623.0,98.41,Low,,70.02,28197.0,,,72.9
18092023,1809,18,Pesawaran,2023,1173.77,492474.0,419.57,Low,,67.67,20217.0,,,72.65
18102023,1810,18,Pringsewu,2023,617.19,409858.0,664.07,Low,0.17,71.61,14010.0,1.0,5962.86,71.37
18112023,1811,18,Mesuji,2023,2184.0,235546.0,107.85,Low,,65.64,12949.0,,,71.0
18122023,1812,18,Tulang Bawang Barat,2023,1201.15,291437.0,242.63,Low,0.39,67.81,14390.0,1.0,4228.45,71.83
18132023,1813,18,Pesisir Barat,2023,2953.0,165937.0,56.19,Low,,66.0,5735.0,1.0,2406.31,70.63
18712023,1871,18,City of Bandar Lampung,2023,197.22,1234988.0,6261.98,Medium,6.11,78.56,74104.0,1.0,28705.83,73.31
18722023,1872,18,City of Metro,2023,73.21,172505.0,2356.3,Medium,,78.36,7865.0,,,72.86
19022023,1902,19,Belitung,2023,2293.69,189225.0,82.5,Low,41.92,74.02,13510.0,1.0,2740.6,76.69
19042023,1904,19,Bangka Tengah,2023,2279.11,203733.0,89.39,Low,15.34,71.71,11427.0,1.0,3060.45,77.52
19052023,1905,19,Bangka Selatan,2023,3607.08,206972.0,57.38,Low,,68.51,11372.0,1.0,3071.02,76.33
19062023,1906,19,Belitung Timur,2023,2506.91,132355.0,52.8,Low,,72.86,10562.0,1.0,1916.94,76.02
19712023,1971,19,City of Pangkal Pinang,2023,118.4,236267.0,1995.5,Low,,79.93,18809.0,,,77.86
21012023,2101,21,Karimun,2023,1524.0,267762.0,175.7,Low,7.38,73.51,17017.0,1.0,7142.22,74.25
21022023,2102,21,Bintan,2023,1946.13,175873.0,90.37,Low,,75.7,25084.0,1.0,2040.99,76.24
21032023,2103,21,Natuna,2023,1978.29,83668.0,42.29,Low,0.08,74.21,23520.0,1.0,1272.58,76.28
21042023,2104,21,Lingga,2023,2117.72,101917.0,48.13,Low,,67.44,5250.0,,,73.58
21052023,2105,21,Kepulauan Anambas,2023,590.14,50140.0,84.96,Low,,70.26,19241.0,,487.68,76.45
21712023,2171,21,City of Batam,2023,3868.97,1256610.0,324.79,Low,2.5,82.11,216098.0,1.0,42305.41,77.7
31012023,3101,31,Kep. Seribu,2023,10.73,28523.0,2658.25,Medium,2.91,73.39,8214.0,,663.43,77.89
31712023,3171,31,City of Jakarta Selatan,2023,144.94,2235606.0,15424.35,High,1.57,86.07,792615.0,1.0,71946.38,80.53
31722023,3172,31,City of Jakarta Timur,2023,185.54,3079618.0,16598.14,High,0.01,84.13,592230.0,,85161.36,78.18
31732023,3173,31,City of Jakarta Pusat,2023,47.56,1049314.0,22062.95,High,0.92,82.53,860049.0,,31124.28,79.06
31752023,3175,31,City of Jakarta Utara,2023,147.21,1808985.0,12288.47,High,0.83,81.11,631393.0,,50456.05,78.02
32022023,3202,32,Sukabumi,2023,4145.7,2851890.0,687.92,Low,,68.49,82317.0,,,79.16
32032023,3203,32,Cianjur,2023,3614.35,2578790.0,713.49,Low,0.1,66.55,58391.0,1.0,,76.67
32042023,3204,32,Bandung,2023,1762.0,3770991.0,2140.18,Medium,37.33,73.74,153951.0,,,80.49
32052023,3205,32,Garut,2023,3065.19,2649198.0,864.29,Low,0.19,68.11,72229.0,1.0,40946.54,78.14
32072023,3207,32,Ciamis,2023,1425.0,1257583.0,882.51,Low,66.8,72.05,39841.0,2.0,18217.44,81.54
32082023,3208,32,Kuningan,2023,1194.0,1211553.0,1014.7,Low,0.11,70.72,32545.0,1.0,,81.06
32092023,3209,32,Cirebon,2023,1076.76,2339555.0,2172.77,Medium,,70.95,61310.0,,,79.57
32102023,3210,32,Majalengka,2023,1204.24,1351828.0,1122.56,Low,372.93,69.13,41713.0,,,79.63
32112023,3211,32,Sumedang,2023,1558.72,1174485.0,753.49,Low,,73.18,43327.0,2.0,17480.61,79.56
32122023,3212,32,Indramayu,2023,2099.42,1892043.0,901.22,Low,6.32,69.25,103560.0,,,79.65
32132023,3213,32,Subang,2023,1893.95,1639931.0,865.88,Low,,70.7,49692.0,,,78.94
32142023,3214,32,Purwakarta,2023,825.74,1045704.0,1266.38,Low,,72.09,82129.0,,,78.67
32152023,3215,32,Karawang,2023,1652.2,2541841.0,1538.46,Low,,72.35,290916.0,1.0,38475.83,80.19
32162023,3216,32,Bekasi,2023,1224.88,3271838.0,2671.15,Medium,,75.76,393823.0,1.0,80993.5,78.57
32172023,3217,32,Bandung Barat,2023,1287.41,1879840.0,1460.17,Low,,69.61,56945.0,,,79.08
32182023,3218,32,Pangandaran,2023,1010.0,437094.0,432.77,Low,,69.38,14256.0,,,80.15
32712023,3271,32,City of Bogor,2023,111.39,1074522.0,9646.49,Medium,2.09,77.85,57004.0,1.0,28463.16,79.58
32722023,3272,32,City of Sukabumi,2023,48.2,362018.0,7510.75,Medium,,76.32,15350.0,1.0,6730.83,79.59
32732023,3273,32,City of Bandung,2023,167.31,2469589.0,14760.56,High,0.0,83.04,351284.0,,,80.0
32742023,3274,32,City of Cirebon,2023,37.36,345578.0,9249.95,Medium,,76.46,28773.0,,,80.66
32762023,3276,32,City of Depok,2023,200.29,2160905.0,10788.88,High,0.08,82.38,87569.0,,,81.42
32772023,3277,32,City of Cimahi,2023,42.73,578718.0,13543.6,High,0.37,79.46,40499.0,,,79.9
32782023,3278,32,City of Tasikmalaya,2023,183.8,742958.0,4042.21,Medium,0.29,74.47,27411.0,1.0,11795.52,80.99
32792023,3279,32,City of Banjar,2023,132.0,209493.0,1587.07,Low,36.27,73.08,5247.0,1.0,3162.42,80.72
33012023,3301,33,Cilacap,2023,2249.28,2007829.0,892.65,Low,43.33,71.83,132425.0,3.0,,74.31
33032023,3303,33,Purbalingga,2023,777.64,1027333.0,1321.09,Low,,70.24,31225.0,,19775.84,76.04
33042023,3304,33,Banjarnegara,2023,1069.71,1047226.0,978.98,Low,0.23,69.14,27191.0,,,74.05
33052023,3305,33,Kebumen,2023,1281.11,1397555.0,1090.89,Low,314.7,71.37,35764.0,,,76.95
33062023,3306,33,Purworejo,2023,1034.84,788265.0,761.73,Low,0.44,74.28,23188.0,1.0,11743.29,76.03
33072023,3307,33,Wonosobo,2023,1011.62,909664.0,899.22,Low,,69.37,23330.0,1.0,13281.09,74.27
33092023,3309,33,Boyolali,2023,1096.35,1090129.0,994.33,Low,0.3,75.41,42736.0,,,76.88
33102023,3310,33,Klaten,2023,701.52,1284386.0,1830.86,Low,0.05,77.59,51274.0,1.0,23705.07,73.91
33112023,3311,33,Sukoharjo,2023,466.66,932680.0,1998.63,Low,57.61,78.65,46521.0,,,75.29
33122023,3312,33,Wonogiri,2023,1941.28,1051085.0,541.44,Low,99.04,71.97,36943.0,1.0,12799.9,76.44
33132023,3313,33,Karanganyar,2023,774.0,955116.0,1234.0,Low,0.0,77.31,47204.0,,,73.19
33162023,3316,33,Blora,2023,1820.59,901621.0,495.24,Low,1.45,70.63,31753.0,2.0,14143.3,75.76
33172023,3317,33,Rembang,2023,1014.08,660166.0,651.0,Low,1.2,71.89,24130.0,1.0,9277.01,74.94
33182023,3318,33,Pati,2023,1503.68,1359364.0,904.02,Low,381.82,73.59,54775.0,1.0,25109.26,73.85
33192023,3319,33,Kudus,2023,425.2,874632.0,2056.99,Medium,0.18,76.71,121310.0,,,74.7
33212023,3321,33,Demak,2023,897.43,1240510.0,1382.29,Low,0.74,74.07,33017.0,,,76.1
33222023,3322,33,Semarang,2023,950.21,1080648.0,1137.27,Low,,75.13,61284.0,1.0,19460.19,74.57
33232023,3323,33,Temanggung,2023,870.65,808446.0,928.55,Low,171.59,71.33,26912.0,1.0,14735.78,74.68
33242023,3324,33,Kendal,2023,1002.23,1052826.0,1050.48,Low,0.07,73.86,54360.0,,,75.1
33262023,3326,33,Pekalongan,2023,836.13,1007384.0,1204.82,Low,1.13,71.4,28112.0,,,74.74
33282023,3328,33,Tegal,2023,876.1,1654836.0,1888.87,Low,,70.23,44440.0,1.0,22049.37,76.4
33292023,3329,33,Brebes,2023,1769.62,2043077.0,1154.53,Low,1.79,67.95,57599.0,2.0,36693.76,75.87
33712023,3371,33,City of Magelang,2023,18.12,122150.0,6741.17,Medium,1.87,81.17,10983.0,1.0,2940.03,74.04
33722023,3372,33,City of Surakarta,2023,44.04,526870.0,11963.44,High,,83.54,60486.0,,,75.34
33742023,3374,33,City of Semarang,2023,373.7,1694743.0,4535.04,Medium,109.34,84.43,248903.0,1.0,43153.47,75.07
33752023,3375,33,City of Pekalongan,2023,45.25,317524.0,7017.1,Medium,,76.71,13744.0,,,76.23
33762023,3376,33,City of Tegal,2023,39.68,282781.0,7126.54,Medium,,77.02,19162.0,,,75.98
34012023,3401,34,Kulon Progo,2023,586.3,443050.0,755.67,Low,0.79,75.79,15847.0,1.0,8003.39,74.29
34022023,3402,34,Bantul,2023,506.85,1009430.0,1991.58,Low,,81.39,34012.0,,,73.02
34042023,3404,34,Sleman,2023,574.82,1157290.0,2013.31,Medium,48.57,84.77,59432.0,,,75.77
34712023,3471,34,City of Yogyakarta,2023,32.5,375700.0,11560.0,High,2.65,88.28,46193.0,,,73.99
35012023,3501,35,Pacitan,2023,1390.0,596649.0,429.24,Low,592.25,70.19,19491.0,1.0,10534.56,73.54
35022023,3502,35,Ponorogo,2023,1371.78,972582.0,708.99,Low,0.12,72.5,25248.0,,,75.24
35032023,3503,35,Trenggalek,2023,1261.4,744358.0,590.1,Low,,71.73,22740.0,1.0,11149.87,74.7
35042023,3504,35,Tulungagung,2023,1055.65,1113973.0,1055.25,Low,0.8,74.61,47964.0,1.0,20402.88,72.75
35062023,3506,35,Kediri,2023,1386.05,1667450.0,1203.02,Low,,73.96,50638.0,1.0,24177.89,72.26
35072023,3507,35,Malang,2023,3530.65,2703175.0,765.63,Low,0.13,72.16,128373.0,3.0,35292.73,73.88
35092023,3509,35,Jember,2023,3306.69,2584771.0,781.68,Low,,68.64,95290.0,,,71.93
35102023,3510,35,Banyuwangi,2023,5782.5,1744814.0,301.74,Low,,72.61,101297.0,1.0,30531.29,74.15
35112023,3511,35,Bondowoso,2023,1560.1,784192.0,502.65,Low,,67.99,24773.0,,,73.58
35122023,3512,35,Situbondo,2023,1638.5,694081.0,423.61,Low,5.45,69.16,25225.0,1.0,9213.08,74.34
35142023,3514,35,Pasuruan,2023,1474.02,1626029.0,1103.13,Low,,70.29,186946.0,,,74.31
35172023,3517,35,Jombang,2023,1159.5,1345886.0,1160.75,Low,0.3,74.6,49984.0,1.0,19358.34,74.26
35182023,3518,35,Nganjuk,2023,1224.33,1124247.0,918.25,Low,,73.71,33647.0,3.0,16308.68,72.65
35192023,3519,35,Madiun,2023,1010.86,765135.0,756.91,Low,458.95,72.97,23833.0,1.0,10914.8,74.43
35212023,3521,35,Ngawi,2023,1394.74,881393.0,631.94,Low,,72.47,24325.0,,,74.54
35222023,3522,35,Bojonegoro,2023,2307.06,1322474.0,573.23,Low,,70.85,97522.0,2.0,13363.94,73.48
35242023,3524,35,Lamongan,2023,1752.21,1386941.0,791.54,Low,0.11,74.53,48927.0,,,73.05
35252023,3525,35,Gresik,2023,1256.76,1344648.0,1069.93,Low,121.14,77.98,176071.0,1.0,14423.83,73.86
35262023,3526,35,Bangkalan,2023,1260.15,1101556.0,874.15,Low,0.39,65.75,27740.0,1.0,15225.9,74.07
35272023,3527,35,Sampang,2023,1233.0,992210.0,804.71,Low,1.9,64.13,24087.0,,,73.01
35282023,3528,35,Pamekasan,2023,792.2,862009.0,1088.12,Low,21.61,67.96,20881.0,1.0,10115.61,73.11
35292023,3529,35,Sumenep,2023,2093.47,1143295.0,546.12,Low,131.52,68.61,42848.0,1.0,13411.67,72.95
35712023,3571,35,City of Kediri,2023,63.4,290836.0,4587.03,Medium,6.99,80.44,159750.0,1.0,6346.19,74.13
35722023,3572,35,City of Blitar,2023,32.58,153541.0,4712.74,Medium,,80.63,8515.0,,,75.99
35732023,3573,35,City of Malang,2023,110.06,847182.0,7697.46,Medium,0.03,83.39,93053.0,1.0,28409.54,73.56
35742023,3574,35,City of Probolinggo,2023,56.67,245174.0,4326.57,Medium,5.94,75.43,14296.0,1.0,3570.56,74.34
35752023,3575,35,City of Pasuruan,2023,39.0,213450.0,5473.08,Medium,,77.17,10400.0,1.0,5383.02,71.93
35762023,3576,35,City of Mojokerto,2023,20.21,135414.0,6700.35,Medium,0.05,80.07,8039.0,,,73.72
35772023,3577,35,City of Madiun,2023,33.23,201460.0,6062.59,Medium,2.89,82.71,17256.0,,,74.67
35782023,3578,35,City of Surabaya,2023,335.28,2893698.0,8630.69,Medium,,83.45,715295.0,1.0,65701.66,73.43
35792023,3579,35,City of Batu,2023,199.09,218802.0,1099.01,Low,2.01,78.18,20524.0,1.0,5206.27,74.51
36022023,3602,36,Lebak,2023,3305.07,1433700.0,433.79,Low,5.78,65.21,35571.0,2.0,21826.65,69.19
36032023,3603,36,Tangerang,2023,959.61,3362610.0,3504.14,Medium,,73.43,173303.0,,,70.72
36042023,3604,36,Serang,2023,1734.28,1682130.0,969.93,Low,,68.39,95080.0,1.0,42896.28,71.19
36712023,3671,36,City of Tangerang,2023,164.55,1950580.0,11854.03,High,,79.46,206597.0,,,69.49
36722023,3672,36,City of Cilegon,2023,162.51,450510.0,2772.2,Medium,26.78,74.54,129532.0,1.0,10177.28,71.22
36732023,3673,36,City of Serang,2023,266.74,723790.0,2713.47,Medium,2.44,73.48,39838.0,1.0,21950.3,70.43
36742023,3674,36,City of Tangerang Selatan,2023,147.19,1391650.0,9454.79,Medium,,82.28,104388.0,1.0,36917.75,72.16
51012023,5101,51,Jembrana,2023,841.8,330100.0,392.14,Low,0.85,74.04,15613.0,1.0,5976.53,76.7
51022023,5102,51,Tabanan,2023,839.33,470900.0,561.04,Low,41.31,77.43,25531.0,1.0,8492.27,78.22
51032023,5103,51,Badung,2023,420.1,554700.0,1320.4,Low,,83.08,68398.0,1.0,19522.25,78.69
51042023,5104,51,Gianyar,2023,368.0,527100.0,1432.34,Low,0.71,79.24,30529.0,1.0,19669.85,77.6
51052023,5105,51,Klungkung,2023,315.0,214600.0,681.27,Low,,73.11,10080.0,,,77.31
51062023,5106,51,Bangli,2023,520.81,268100.0,514.78,Low,1.98,70.79,7908.0,1.0,4119.54,77.75
51072023,5107,51,Karangasem,2023,839.5,513800.0,612.03,Low,0.11,68.91,18975.0,,,79.76
51082023,5108,51,Buleleng,2023,1366.0,831200.0,608.49,Low,1.41,73.97,38351.0,1.0,15056.25,78.03
51712023,5171,51,City of Denpasar,2023,127.78,734200.0,5745.81,Medium,0.06,84.73,60100.0,1.0,35798.47,81.01
52012023,5201,52,Lombok Barat,2023,1053.92,753641.0,715.08,Low,0.0,70.15,18121.0,,,70.44
52032023,5203,52,Lombok Timur,2023,2679.88,1391382.0,519.2,Low,,68.41,24578.0,,,72.29
52042023,5204,52,Sumbawa,2023,6643.98,529487.0,79.69,Low,0.65,69.87,17510.0,,,71.13
52052023,5205,52,Dompu,2023,2324.55,247188.0,106.34,Low,,69.98,8511.0,,,69.67
52062023,5206,52,Bima,2023,4389.0,535530.0,122.02,Low,,68.28,13947.0,,,70.36
52072023,5207,52,Sumbawa Barat,2023,1849.02,152948.0,82.72,Low,7.88,73.17,29642.0,,,72.44
52082023,5208,52,Lombok Utara,2023,809.53,257866.0,318.54,Low,,66.62,5559.0,,,71.48
52712023,5271,52,City of Mataram,2023,61.3,441147.0,7196.53,Medium,2.49,80.09,22781.0,1.0,9916.58,72.95
53012023,5301,53,Sumba Barat,2023,757.41,152414.0,201.23,Low,,65.22,2786.0,,,70.87
53032023,5303,53,Kupang,2023,5136.51,376837.0,73.36,Low,,65.82,9158.0,,,68.74
53042023,5304,53,Timor Tengah Selatan,2023,3933.15,474521.0,120.65,Low,,63.58,9496.0,,,70.68
53052023,5305,53,Timor Tengah Utara,2023,2623.2,271277.0,103.41,Low,,65.16,4819.0,,,68.33
53072023,5307,53,Alor,2023,2928.56,221536.0,75.65,Low,0.01,62.99,3636.0,,,71.21
53082023,5308,53,Lembata,2023,1268.11,141391.0,111.5,Low,,66.12,2138.0,,,70.81
53092023,5309,53,Flores Timur,2023,1748.52,288310.0,164.89,Low,,65.79,6062.0,,,68.15
53102023,5310,53,Sikka,2023,1671.65,335360.0,200.62,Low,,66.89,6195.0,,,71.66
53122023,5312,53,Ngada,2023,1735.64,171736.0,98.95,Low,,69.14,4114.0,,,70.72
53132023,5313,53,Manggarai,2023,1343.83,328758.0,244.64,Low,,66.42,5502.0,,,71.34
53142023,5314,53,Rote Ndao,2023,1286.45,150521.0,117.0,Low,,64.0,3747.0,,,70.51
53152023,5315,53,Manggarai Barat,2023,3129.0,270917.0,86.58,Low,0.08,65.81,4255.0,1.0,,71.03
53162023,5316,53,Sumba Tengah,2023,1789.66,90521.0,50.58,Low,0.32,63.48,1398.0,,,68.82
53182023,5318,53,Nagekeo,2023,1396.16,166063.0,118.94,Low,,67.07,2670.0,,,70.83
53192023,5319,53,Manggarai Timur,2023,2389.53,290790.0,121.69,Low,,63.24,3938.0,,,70.43
53212023,5321,53,Malaka,2023,1109.16,190994.0,172.2,Low,,62.06,3422.0,,,71.7
53712023,5371,53,City of Kupang,2023,159.33,466632.0,2928.71,Medium,,80.62,28478.0,,,69.3
61022023,6102,61,Bengkayang,2023,5396.3,298979.0,55.4,Low,0.03,69.53,11146.0,,,72.86
61032023,6103,61,Landak,2023,9909.1,413588.0,41.74,Low,0.16,68.14,13684.0,,,74.46
61042023,6104,61,Mempawah,2023,2797.88,312785.0,111.79,Low,,67.92,10714.0,1.0,3076.93,72.52
61052023,6105,61,Sanggau,2023,12857.7,503937.0,39.19,Low,,67.77,24529.0,6.0,9122.54,72.1
61062023,6106,61,Ketapang,2023,31588.0,592521.0,18.76,Low,,68.68,35249.0,,,74.69
61082023,6108,61,Kapuas Hulu,2023,29842.0,262404.0,8.79,Low,,67.67,13141.0,1.0,4906.33,74.57
61092023,6109,61,Sekadau,2023,5444.2,219724.0,40.36,Low,,66.33,8506.0,,,72.55
61102023,6110,61,Melawi,2023,10640.8,239502.0,22.51,Low,,67.76,6644.0,,,74.72
61112023,6111,61,Kayong Utara,2023,4568.26,132855.0,29.08,Low,,64.79,5376.0,,,72.96
61122023,6112,61,Kubu Raya,2023,6985.2,639250.0,91.51,Low,,69.6,38324.0,,,74.34
61712023,6171,61,City of Pontianak,2023,107.8,675468.0,6265.94,Medium,9.03,81.03,47885.0,1.0,16128.68,74.21
61722023,6172,61,City of Singkawang,2023,504.0,246112.0,488.32,Low,76.36,73.39,12899.0,1.0,3481.35,73.35
62022023,6202,62,Kotawaringin Timur,2023,16796.0,443359.0,26.4,Low,,72.21,34942.0,1.0,8685.86,76.32
62032023,6203,62,Kapuas,2023,14999.0,425186.0,28.35,Low,0.13,70.75,23974.0,1.0,7800.82,77.85
62042023,6204,62,Barito Selatan,2023,8830.0,134698.0,15.25,Low,0.11,71.65,8481.0,1.0,2443.97,77.55
62052023,6205,62,Barito Utara,2023,8300.0,160605.0,19.35,Low,0.17,71.84,14178.0,1.0,2383.35,78.14
62072023,6207,62,Lamandau,2023,6414.0,102103.0,15.92,Low,,71.81,7519.0,,,75.09
62082023,6208,62,Seruyan,2023,16404.0,171304.0,10.44,Low,0.03,68.68,11450.0,2.0,3030.81,77.44
62092023,6209,62,Katingan,2023,20382.53,169355.0,8.31,Low,,70.28,10756.0,,,78.39
62102023,6210,62,Pulang Pisau,2023,8997.0,138199.0,15.36,Low,0.08,69.6,6995.0,1.0,2486.03,77.59
62122023,6212,62,Barito Timur,2023,3834.0,117312.0,30.6,Low,,72.7,10905.0,2.0,1684.93,75.19
62132023,6213,62,Murung Raya,2023,23700.16,116621.0,4.92,Low,0.79,69.42,12449.0,1.0,2083.55,78.6
62712023,6271,62,City of Palangka Raya,2023,2853.19,305797.0,107.18,Low,304.28,81.68,24175.0,1.0,5694.51,77.89
63012023,6301,63,Tanah Laut,2023,3631.35,364117.0,100.27,Low,,70.98,20166.0,1.0,5271.24,76.08
63022023,6302,63,Kotabaru,2023,9442.46,329641.0,34.91,Low,3.02,70.18,34946.0,1.0,6708.22,73.79
63032023,6303,63,Banjar,2023,4668.5,580100.0,124.26,Low,0.14,71.46,22635.0,1.0,13233.53,74.6
63042023,6304,63,Barito Kuala,2023,2996.46,324502.0,108.3,Low,39.08,68.11,10567.0,2.0,3606.13,75.11
63052023,6305,63,Tapin,2023,2175.0,197893.0,90.99,Low,25.43,72.0,13694.0,1.0,3056.61,74.1
63062023,6306,63,Hulu Sungai Selatan,2023,1804.94,237319.0,131.48,Low,549.91,70.5,9165.0,,,74.92
63072023,6307,63,Hulu Sungai Tengah,2023,1770.77,268360.0,151.55,Low,199.43,70.13,8594.0,1.0,3840.69,73.64
63092023,6309,63,Tabalong,2023,3556.0,262631.0,73.86,Low,10.88,73.85,31015.0,1.0,4292.67,73.57
63102023,6310,63,Tanah Bumbu,2023,4871.39,346336.0,71.1,Low,0.83,72.31,33661.0,3.0,6273.27,74.52
63112023,6311,63,Balangan,2023,1878.3,136524.0,72.68,Low,4.54,70.49,20876.0,,,76.73
63712023,6371,63,City of Banjarmasin,2023,98.46,678243.0,6888.51,Medium,1.17,78.5,42049.0,,,76.1
63722023,6372,63,City of Banjar Baru,2023,305.2,272763.0,893.72,Low,65.17,80.11,13328.0,,,76.02
64012023,6401,64,Paser,2023,11603.94,290162.0,25.01,Low,51.46,74.14,59217.0,1.0,4429.99,75.33
64032023,6403,64,Kutai Kartanegara,2023,27263.1,801642.0,29.4,Low,77.22,75.3,204876.0,,,76.8
64042023,6404,64,Kutai Timur,2023,35747.5,411537.0,11.51,Low,1.31,74.98,168272.0,1.0,,73.91
64052023,6405,64,Berau,2023,34127.17,240105.0,7.04,Low,20.2,76.21,51280.0,3.0,5128.21,75.8
64112023,6411,64,Mahakam Ulu,2023,15315.0,27368.0,1.79,Low,,69.59,3409.0,,653.81,74.38
64712023,6471,64,City of Balikpapan,2023,509.75,648560.0,1272.31,Low,197.17,81.66,143169.0,1.0,19303.84,76.83
64722023,6472,64,City of Samarinda,2023,716.96,872304.0,1216.67,Low,1.93,82.32,89289.0,1.0,21880.0,75.65
64742023,6474,64,City of Bontang,2023,161.88,187852.0,1160.44,Low,77.91,81.56,68106.0,1.0,3882.95,75.46
65032023,6503,65,Tana Tidung,2023,3504.0,27470.0,7.84,Low,0.02,69.2,9021.0,1.0,523.48,75.84
65042023,6504,65,Nunukan,2023,13564.0,207873.0,15.33,Low,4565.59,67.7,42526.0,,,75.52
65712023,6571,65,City of Tarakan,2023,251.0,251085.0,1000.34,Low,,77.53,52079.0,,,78.38
71022023,7102,71,Minahasa,2023,1141.64,345973.0,303.05,Low,,76.96,22128.0,2.0,6392.26,77.64
71032023,7103,71,Kepulauan Sangihe,2023,731.98,137829.0,188.3,Low,0.1,72.22,5655.0,,,79.23
71042023,7104,71,Kepulauan Talaud,2023,1251.02,100770.0,80.55,Low,0.17,71.14,2843.0,1.0,,77.45
71062023,7106,71,Minahasa Utara,2023,1059.0,225826.0,213.24,Low,149.63,75.31,18728.0,,,76.89
71072023,7107,71,Bolaang Mongondow Utara,2023,1856.0,87301.0,47.04,Low,0.0,68.64,3263.0,1.0,1234.33,77.26
71092023,7109,71,Minahasa Tenggara,2023,730.62,119637.0,163.75,Low,,71.93,6720.0,1.0,1712.73,80.01
71102023,7110,71,Bolaang Mongondow Selatan,2023,3497.46,73046.0,20.89,Low,,66.4,2726.0,,,77.16
71712023,7171,71,City of Manado,2023,162.35,478192.0,2945.44,Medium,,80.14,48556.0,,,79.11
71732023,7173,71,City of Tomohon,2023,147.2,101958.0,692.65,Low,,78.1,5448.0,1.0,1874.71,77.54
72012023,7201,72,Banggai Kepulauan,2023,2488.79,126040.0,50.64,Low,0.04,66.82,4926.0,1.0,2220.73,77.56
72022023,7202,72,Banggai,2023,9672.7,373600.0,38.62,Low,0.0,71.7,38048.0,1.0,6683.59,75.55
72032023,7203,72,Morowali,2023,5472.0,170450.0,31.15,Low,0.67,73.02,158046.0,1.0,3216.45,78.77
72042023,7204,72,Poso,2023,7112.25,251654.0,35.38,Low,0.0,72.48,11712.0,,,76.83
72052023,7205,72,Donggala,2023,5275.69,311330.0,59.01,Low,0.62,66.95,15056.0,,,77.73
72062023,7206,72,Toli-Toli,2023,4079.77,236110.0,57.87,Low,0.1,67.66,10369.0,,,78.84
72082023,7208,72,Parigi Moutong,2023,5883.97,454510.0,77.25,Low,153.39,67.11,21652.0,1.0,8294.79,77.95
72092023,7209,72,Tojo Una-Una,2023,5722.0,171340.0,29.94,Low,,66.39,6812.0,,,75.82
72102023,7210,72,Sigi,2023,5196.02,264670.0,50.94,Low,0.01,69.93,11373.0,,,77.19
72122023,7212,72,Morowali Utara,2023,18362.39,148274.0,8.07,Low,,69.73,26434.0,,2658.77,77.69
72712023,7271,72,City of Palu,2023,356.35,386560.0,1084.78,Low,10.09,82.52,30787.0,,,78.05
73022023,7302,73,Bulukumba,2023,1175.53,450325.0,383.08,Low,37.33,71.21,18871.0,1.0,6661.08,74.77
73032023,7303,73,Bantaeng,2023,390.97,203141.0,519.58,Low,,70.57,12754.0,1.0,3037.78,75.57
73042023,7304,73,Jeneponto,2023,796.0,414482.0,520.71,Low,,65.9,12152.0,,,70.59
73052023,7305,73,Takalar,2023,555.43,312811.0,563.19,Low,,68.9,12868.0,,,74.84
73062023,7306,73,Gowa,2023,1813.0,801108.0,441.87,Low,,71.57,28453.0,,,76.67
73072023,7307,73,Sinjai,2023,865.24,267536.0,309.2,Low,194.19,68.92,14791.0,,,75.59
73082023,7308,73,Maros,2023,1442.95,407923.0,282.7,Low,,71.63,26389.0,1.0,5996.21,74.42
73092023,7309,73,Pangkajene dan Kepulauan,2023,888.91,355613.0,400.06,Low,0.93,70.59,32667.0,,,75.97
73102023,7310,73,Barru,2023,1201.9,187952.0,156.38,Low,,72.36,9427.0,1.0,2840.33,73.42
73112023,7311,73,Bone,2023,4567.36,823079.0,180.21,Low,4.72,67.81,46935.0,1.0,14877.18,74.58
73122023,7312,73,Soppeng,2023,1385.55,238239.0,171.95,Low,1.78,70.58,14909.0,1.0,3446.32,75.36
73132023,7313,73,Wajo,2023,2608.71,386537.0,148.17,Low,,71.1,24589.0,,,76.55
73142023,7314,73,Sidenreng Rappang,2023,1832.3,327919.0,178.97,Low,0.24,72.71,18204.0,1.0,4780.27,75.83
73152023,7315,73,Pinrang,2023,1896.58,419338.0,221.1,Low,0.03,72.84,25146.0,,,74.21
73172023,7317,73,Luwu,2023,2902.07,379295.0,130.7,Low,,72.16,21756.0,,,76.99
73182023,7318,73,Tana Toraja,2023,2043.62,289451.0,141.64,Low,,70.73,9373.0,1.0,3956.37,74.67
73222023,7322,73,Luwu Utara,2023,7422.42,333781.0,44.97,Low,4559.78,71.34,17841.0,1.0,6033.01,74.09
73252023,7325,73,Luwu Timur,2023,6745.92,308532.0,45.74,Low,21.74,74.35,30696.0,4.0,4460.61,73.96
73722023,7372,73,City of Parepare,2023,89.67,158425.0,1766.76,Low,20.91,79.03,9312.0,1.0,2895.67,74.84
73732023,7373,73,City of Palopo,2023,273.24,192763.0,705.47,Low,0.48,79.45,10500.0,1.0,3483.32,73.15
74012023,7401,74,Buton,2023,1669.33,120210.0,72.01,Low,,68.12,5063.0,,,76.48
74022023,7402,74,Muna,2023,1858.1,224690.0,120.92,Low,,70.16,8814.0,1.0,3435.16,75.45
74032023,7403,74,Konawe,2023,5351.85,269520.0,50.36,Low,,72.77,18295.0,,,75.28
74042023,7404,74,Kolaka,2023,2958.92,245930.0,83.11,Low,3145.8,74.72,35684.0,1.0,,75.07
74052023,7405,74,Konawe Selatan,2023,4237.74,323790.0,76.41,Low,,70.32,16452.0,,,76.31
74072023,7407,74,Wakatobi,2023,450.46,116450.0,258.51,Low,,71.43,5768.0,1.0,2060.81,77.24
74082023,7408,74,Kolaka Utara,2023,2932.25,145640.0,49.67,Low,0.02,71.04,11227.0,,,76.61
74092023,7409,74,Buton Utara,2023,1755.83,68950.0,39.27,Low,0.0,69.7,4049.0,,,76.45
74102023,7410,74,Konawe Utara,2023,4219.81,72250.0,17.12,Low,,71.71,5260.0,,,75.2
74112023,7411,74,Kolaka Timur,2023,3992.53,125770.0,31.5,Low,,69.57,5625.0,,2065.19,76.49
74132023,7413,74,Muna Barat,2023,818.7,89290.0,109.06,Low,,67.13,3387.0,,,76.88
74142023,7414,74,Buton Tengah,2023,836.96,119460.0,142.73,Low,,65.83,3026.0,,,76.41
74152023,7415,74,Buton Selatan,2023,517.63,99580.0,192.38,Low,,66.15,3593.0,,,75.03
74712023,7471,74,City of Kendari,2023,265.79,364220.0,1370.33,Low,25.03,84.85,28260.0,1.0,9886.37,75.79
75012023,7501,75,Boalemo,2023,1830.87,151610.0,82.81,Low,,68.18,6587.0,,,77.25
75032023,7503,75,Pohuwato,2023,4370.36,157660.0,36.07,Low,0.91,67.15,8111.0,,,78.49
75042023,7504,75,Bone Bolango,2023,1889.0,172301.0,91.21,Low,0.29,71.51,5699.0,,,77.53
75052023,7505,75,Gorontalo Utara,2023,1703.63,128970.0,75.7,Low,,66.61,4145.0,,,76.1
75712023,7571,75,City of Gorontalo,2023,70.93,204440.0,2882.28,Medium,,78.64,10536.0,1.0,2589.89,78.36
76012023,7601,76,Majene,2023,947.84,181360.0,191.34,Low,,68.62,5969.0,1.0,,74.28
76032023,7603,76,Mamasa,2023,3005.88,165310.0,55.0,Low,,67.83,3474.0,,,77.44
76052023,7605,76,Mamuju Utara,2023,2903.18,204216.0,70.34,Low,0.02,69.11,14386.0,,,75.21
76062023,7606,76,Mamuju Tengah,2023,3100.87,141220.0,45.54,Low,,67.45,4066.0,,,75.8
81012023,8101,81,Maluku Tenggara Barat,2023,10102.92,128648.0,12.73,Low,,64.16,3393.0,,,78.01
81032023,8103,81,Maluku Tengah,2023,2759.07,436090.0,158.06,Low,,72.45,10763.0,,,77.67
81042023,8104,81,Buru,2023,7594.98,140462.0,18.49,Low,,70.56,2977.0,,,79.89
81052023,8105,81,Kepulauan Aru,2023,6425.77,107367.0,16.71,Low,,65.01,4436.0,,,79.96
81062023,8106,81,Seram Bagian Barat,2023,6948.4,222449.0,32.01,Low,,67.56,3788.0,,,78.33
81082023,8108,81,Maluku Barat Daya,2023,8633.15,85807.0,9.94,Low,0.04,63.93,2868.0,,,78.93
81092023,8109,81,Buru Selatan,2023,5577.48,79455.0,14.25,Low,,66.23,1766.0,,,78.15
81712023,8171,81,City of Ambon,2023,377.0,358826.0,951.79,Low,,82.06,18531.0,1.0,9006.12,79.18
81722023,8172,81,City of Tual,2023,352.66,91572.0,259.66,Low,,69.43,3202.0,,,78.05
82032023,8203,82,Kepulauan Sula,2023,3304.32,105095.0,31.81,Low,,65.29,3045.0,,,78.93
82042023,8204,82,Halmahera Selatan,2023,8096.4,255384.0,31.54,Low,0.0,65.83,17727.0,,,80.65
82062023,8206,82,Halmahera Timur,2023,6488.73,97895.0,15.09,Low,,68.82,5241.0,,,78.97
82082023,8208,82,Pulau Taliabu,2023,2985.75,63897.0,21.4,Low,,62.31,1937.0,,,79.33
82712023,8271,82,City of Ternate,2023,162.2,202871.0,1250.75,Low,0.03,81.35,13675.0,,,81.81
82722023,8272,82,City of Tidore Kepulauan,2023,1703.32,116623.0,68.47,Low,,72.4,3511.0,,,79.5
91012023,9101,91,Fakfak,2023,14320.0,90286.0,6.3,Low,0.0,69.72,5811.0,,,76.02
91022023,9102,91,Kaimana,2023,18500.0,65530.0,3.54,Low,,66.72,2914.0,,,75.75
91032023,9103,91,Teluk Wondama,2023,14953.8,45324.0,3.03,Low,,61.67,1753.0,,,74.31
91052023,9105,91,Manokwari,2023,14250.94,201730.0,14.16,Low,,73.21,10789.0,1.0,6584.93,72.68
91072023,9107,91,Sorong,2023,13075.28,125217.0,9.58,Low,,67.49,12028.0,,,73.44
91092023,9109,91,Tambrauw,2023,11529.18,32892.0,2.85,Low,,55.55,273.0,,,73.61
91102023,9110,91,Maybrat,2023,5461.69,45064.0,8.25,Low,,61.29,812.0,,,73.65
91112023,9111,91,Manokwari Selatan,2023,2812.44,37674.0,13.4,Low,,61.55,927.0,1.0,,72.87
91122023,9112,91,Pegunungan Arfak,2023,2773.74,40117.0,14.46,Low,,57.82,320.0,,,76.17
91712023,9171,91,City of Sorong,2023,1105.0,283366.0,256.44,Low,,79.65,16829.0,,,74.58
94012023,9401,94,Merauke,2023,46791.63,240609.0,5.14,Low,,72.19,18951.0,1.0,,69.85
94022023,9402,94,Jayawijaya,2023,7030.66,273819.0,38.95,Low,,60.5,10155.0,,,70.43
94032023,9403,94,Jayapura,2023,17514.0,201004.0,11.48,Low,,73.5,19122.0,,,69.59
94042023,9404,94,Nabire,2023,3922.02,174427.0,44.47,Low,0.0,70.84,13562.0,,,71.86
94102023,9410,94,Paniai,2023,6526.25,123360.0,18.9,Low,,57.91,5014.0,,,69.59
94112023,9411,94,Puncak Jaya,2023,6477.65,219497.0,33.89,Low,,50.81,1509.0,,,70.45
94132023,9413,94,Boven Digoel,2023,27108.29,67167.0,2.48,Low,,63.46,5341.0,1.0,951.82,71.76
94152023,9415,94,Asmat,2023,23746.0,109862.0,4.63,Low,,53.19,3145.0,,1696.52,70.8
94162023,9416,94,Yahukimo,2023,17512.0,355315.0,20.29,Low,,51.19,2900.0,,,70.22
94172023,9417,94,Pegunungan Bintang,2023,15683.0,113347.0,7.23,Low,,48.18,2369.0,,,70.31
94182023,9418,94,Tolikara,2023,14263.0,251413.0,17.63,Low,,51.48,2008.0,,,69.99
94192023,9419,94,Sarmi,2023,18034.0,42321.0,2.35,Low,,65.8,3558.0,,,68.86
94262023,9426,94,Waropen,2023,22004.87,37285.0,1.69,Low,20.0,66.46,2304.0,,,70.0
94282023,9428,94,Mamberamo Raya,2023,23813.91,39083.0,1.64,Low,,54.08,2143.0,,,70.36
94292023,9429,94,Nduga,2023,12941.0,111063.0,8.58,Low,,35.19,1512.0,,,70.3
94302023,9430,94,Lanny Jaya,2023,2248.0,202988.0,90.3,Low,,50.56,2325.0,,,69.07
94312023,9431,94,Mamberamo Tengah,2023,3743.64,49131.0,13.12,Low,,50.22,1408.0,,,71.41
94322023,9432,94,Yalimo,2023,4330.29,104416.0,24.11,Low,,50.87,1559.0,,,71.1
94352023,9435,94,Intan Jaya,2023,3922.02,136756.0,34.87,Low,,50.19,1405.0,,,71.29
94712023,9471,94,City of Jayapura,2023,940.0,403859.0,429.64,Low,6.85,81.14,37797.0,1.0,8828.28,72.31
