id_kab,id_prov,year,total_area (km2),hdi,total_landfills,solid_waste_generated
9110,91,2023,5461.69,61.29,1,686.2540000000001
1704,17,2022,2556.0,67.77,1,2168.2160000000003
8202,82,2022,2276.9,66.49,1,1026.7189999999998
7412,74,2022,705.71,66.69,1,618.873
7205,72,2023,5275.69,66.95,1,4974.071
1203,12,2023,4355.35,71.55,1,5497.782999999999
2105,21,2022,590.14,69.61,1,481.8
1373,13,2023,273.45,74.42,1,692.6
6111,61,2023,4568.26,64.79,1,2323.916
1705,17,2023,4128.0,68.27,1,3901.39
1871,18,2023,197.22,78.56,1,28705.83
6108,61,2023,29842.0,67.67,1,4906.33
5208,52,2022,809.53,65.7,1,3744.61
7402,74,2023,1858.1,70.16,1,3435.16
1809,18,2023,1173.77,67.67,1,8128.644
1276,12,2023,90.45,77.6,1,6263.697
1407,14,2022,7588.13,70.31,2,13261.38
3471,34,2022,32.5,87.69,1,11064.26
9104,91,2022,18658.0,65.27,1,1210.0210000000002
9108,91,2022,67379600.0,64.65,1,884.0539999999999
2101,21,2023,1524.0,73.51,1,7142.22
5312,53,2023,1735.64,69.14,1,2606.7470000000003
3209,32,2022,984.52,70.06,1,49610.119000000006
3504,35,2022,1055.65,74.06,1,20214.89
7105,71,2022,1456.69,72.89,1,3452.36
3208,32,2022,1110.56,70.16,1,21878.21
7307,73,2023,865.24,68.92,1,5295.4220000000005
1810,18,2022,625.0,70.98,1,5939.62
3513,35,2022,1696.17,66.96,1,16876.05
3578,35,2023,335.28,83.45,1,65701.66
1402,14,2022,8198.71,70.46,1,6617.32
1602,16,2023,19023.47,68.65,3,16417.754000000004
1902,19,2023,2293.69,74.02,1,2740.6
3212,32,2023,2099.42,69.25,2,38671.83499999999
6206,62,2022,3827.0,68.94,1,894.1480000000001
1206,12,2023,2022.0,76.38,2,3506.72
3328,33,2022,876.1,69.53,1,30646.62
3319,33,2023,425.2,76.71,1,16029.618000000002
6209,62,2022,20382.53,69.74,1,2753.9529999999995
9429,94,2023,12941.0,35.19,1,1846.222
1271,12,2022,10.77,74.74,1,1510.917
1312,13,2023,3887.77,70.19,1,6931.0380000000005
6205,62,2023,8300.0,71.84,1,2383.35
5309,53,2022,1748.52,64.93,1,3645.791
6301,63,2023,3631.35,70.98,1,5271.24
1301,13,2022,6033.76,62.19,1,1324.679
7406,74,2022,3293.97,66.81,1,2659.076
3573,35,2022,110.06,82.71,1,27914.84
7605,76,2022,3043.75,68.61,1,3171.581
3518,35,2023,1224.33,73.71,3,16308.68
1871,18,2022,197.22,78.01,1,28705.76
7305,73,2023,555.43,68.9,1,4833.427
9432,94,2023,4330.29,50.87,1,1411.3930000000005
3502,35,2023,1371.78,72.5,1,15240.238
6472,64,2023,716.96,82.32,1,21880.0
1101,11,2022,1838.09,67.27,1,1628.09
8102,81,2022,4676.0,66.88,1,2340.6490000000003
5203,52,2023,2679.88,68.41,1,19199.375
1603,16,2022,6763.91,69.43,1,8490.1
7110,71,2023,3497.46,66.4,1,1212.943
7411,74,2022,3992.53,68.73,1,2128.355
1501,15,2022,3807.0,71.99,1,4277.908
6209,62,2023,20382.53,70.28,1,2966.106
9415,94,2023,23746.0,53.19,1,1696.52
7505,75,2022,1703.63,66.01,1,2120.732
7301,73,2022,1160.36,68.35,1,2014.42
9415,94,2022,23746.0,52.22,1,1657.45
9410,94,2023,6526.25,57.91,1,2247.542
3217,32,2023,1287.41,69.61,1,37456.374
3517,35,2023,1159.5,74.6,1,19358.34
3312,33,2022,1941.28,71.04,1,12691.79
3527,35,2022,1233.0,63.39,2,16951.13
3314,33,2022,941.55,74.65,1,21541.74
7372,73,2023,89.67,79.03,1,2895.67
8206,82,2022,6488.73,67.93,1,1400.949
7405,74,2022,4237.74,69.36,1,4809.002
3173,31,2023,47.56,82.53,1,31124.28
1117,11,2022,1941.6,73.9,1,2408.47
6474,64,2023,161.88,81.56,1,3882.95
6304,63,2022,2996.46,67.37,2,3517.98
3272,32,2023,48.2,76.32,1,6730.83
7110,71,2022,1796.07,65.9,1,1055.35
1707,17,2022,1665.28,68.12,1,2940.98
3173,31,2022,47.56,82.11,1,31026.85
1906,19,2022,2506.91,72.29,1,1858.52
7107,71,2023,1856.0,68.64,1,1234.33
9103,91,2023,14953.8,61.67,1,683.9660000000001
6207,62,2023,6414.0,71.81,1,1461.779
1505,15,2023,5246.0,71.04,1,6276.493
9413,94,2023,27108.29,63.46,1,951.82
6172,61,2022,504.0,72.89,1,3429.79
1221,12,2023,3892.74,70.34,1,5280.248
3507,35,2022,3530.65,71.38,3,35061.41
9419,94,2023,18034.0,65.8,1,642.4889999999999
3205,32,2022,3074.07,67.41,1,40596.96
9109,91,2022,11529.18,54.63,1,657.6540000000001
5105,51,2022,315.0,72.55,3,3764.36
1271,12,2023,10.77,75.2,1,1614.164
6204,62,2023,8830.0,71.65,1,2443.97
5106,51,2022,520.81,70.26,1,4083.61
7317,73,2022,2902.07,71.36,1,5643.307999999999
1278,12,2022,469.4,70.23,1,2499.728
1703,17,2022,4424.6,69.77,1,6920.77
3202,32,2023,4145.7,68.49,1,40065.07299999999
6109,61,2023,5444.2,66.33,1,3807.524
1505,15,2022,5246.0,70.18,1,6408.544
1606,16,2022,14265.96,68.6,8,9414.55
3376,33,2022,39.68,76.15,1,7936.6
2171,21,2022,3868.97,81.67,1,41346.16
3525,35,2023,1256.76,77.98,1,14423.83
3213,32,2022,1893.95,69.87,1,28217.913
1403,14,2023,12614.78,67.98,2,9655.163
7204,72,2022,7545.93,71.93,1,4939.279
2103,21,2022,2009.04,73.47,1,1247.51
5316,53,2022,1789.66,62.71,1,1179.181
3514,35,2022,1474.02,69.68,1,26284.262
7407,74,2023,450.46,71.43,1,2060.81
9434,94,2022,4237.4,55.72,1,1981.3869999999995
1771,17,2022,151.7,80.99,1,7995.856000000002
1225,12,2022,520.34,62.93,1,1457.876
6405,64,2022,34127.17,75.74,2,4980.19
5313,53,2022,1343.83,65.83,1,3194.707
7303,73,2022,390.97,69.69,1,2956.24
6301,63,2022,3631.35,70.35,1,5180.74
9426,94,2023,22004.87,66.46,1,669.452
3313,33,2022,774.0,76.58,1,13706.6
7415,74,2023,517.63,66.15,1,1301.2279999999998
5171,51,2023,127.78,84.73,1,35798.47
1171,11,2022,59.02,86.28,2,9205.59
5321,53,2023,1109.16,62.06,1,3183.796
7315,73,2023,1896.58,72.84,1,6523.280000000001
2104,21,2022,2117.72,66.57,1,1037.66
1613,16,2022,6008.55,65.74,1,3500.2650000000003
3312,33,2023,1941.28,71.97,1,12799.9
7407,74,2022,450.46,70.85,1,2945.56
1702,17,2022,1515.76,71.45,1,4884.865000000001
3325,33,2022,788.6,69.45,1,20705.54
1806,18,2023,2529.54,68.95,1,9546.576
1809,18,2022,1173.77,66.7,1,8068.964999999999
1501,15,2023,3807.0,72.54,1,4396.394
6208,62,2023,16404.0,68.68,2,3030.81
1305,13,2022,1336.0,73.29,1,4705.73
7101,71,2022,3269.3,68.95,1,4571.22
1503,15,2023,6174.0,71.29,2,5354.62
3401,34,2023,586.3,75.79,1,8003.39
1115,11,2022,3544.9,70.1,1,2531.54
3603,36,2022,959.61,72.97,1,84149.77
3374,33,2023,373.7,84.43,1,43153.47
3275,32,2022,206.61,82.46,1,66817.9
6105,61,2023,12857.7,67.77,6,9122.54
1611,16,2023,2256.0,66.68,1,4070.3180000000007
5303,53,2023,5136.51,65.82,1,5085.2970000000005
3512,35,2023,1638.5,69.16,1,9213.08
1674,16,2023,401.5,76.19,1,4288.361
3326,33,2022,836.13,70.81,1,14256.96
6404,64,2022,35747.5,74.35,2,7767.44
5171,51,2022,127.78,84.37,1,31631.27
1219,12,2022,904.96,69.51,1,7025.223000000001
9413,94,2022,27108.29,62.52,1,951.82
7210,72,2022,5225.44,69.05,1,4700.84
5309,53,2023,1748.52,65.79,1,4143.215
3318,33,2023,1503.68,73.59,1,25109.26
7325,73,2023,6745.92,74.35,4,4460.61
2101,21,2022,1524.0,72.65,1,6800.82
7411,74,2023,3992.53,69.57,1,2065.19
1801,18,2022,3368.14,68.39,1,4511.963000000001
7404,74,2023,2958.92,74.72,1,4607.618
1174,11,2023,181.06,78.92,1,3621.616
7310,73,2022,1201.9,71.53,1,2781.72
7603,76,2022,3005.88,67.21,1,2411.154
5301,53,2023,757.41,65.22,1,2316.715
1209,12,2023,4372.5,74.29,1,18644.47
1408,14,2022,514.0,74.38,4,10109.763
1612,16,2023,1840.0,66.64,1,3478.6380000000004
6202,62,2023,16796.0,72.21,1,8685.86
3404,34,2022,574.82,84.31,1,21780.73
1706,17,2022,4147.0,69.12,1,2789.9259999999995
7605,76,2023,2903.18,69.11,1,3168.388
9418,94,2022,14263.0,50.51,1,4686.3150000000005
9171,91,2023,1105.0,79.65,1,6240.733
1217,12,2022,1444.25,71.67,1,2013.909
1375,13,2022,25.24,81.42,1,4570.75
8172,81,2023,352.66,69.43,1,1416.6849999999995
1204,12,2023,2194.98,70.91,1,5620.717000000001
1102,11,2023,1857.88,70.14,1,1909.49
3274,32,2022,37.36,75.89,1,6393.024
1671,16,2023,352.52,80.02,1,43974.78400000001
7201,72,2023,2488.79,66.82,1,2220.73
3673,36,2023,266.74,73.48,1,21950.3
1107,11,2023,2927.95,72.88,1,3681.37
5271,52,2023,61.3,80.09,1,9916.58
3318,33,2022,1503.68,73.14,1,24622.39
1302,13,2023,1938.79,71.44,1,5655.87
1611,16,2022,2256.0,66.0,1,4897.777
3672,36,2023,162.51,74.54,1,10177.28
7205,72,2022,5126.59,66.25,1,4423.29
6110,61,2022,10640.8,66.81,1,3847.129
1113,11,2022,5549.91,68.25,1,1498.6
3273,32,2023,167.31,83.04,1,63559.97400000001
3524,35,2023,1752.21,74.53,1,19882.361
5206,52,2023,4389.0,68.28,1,9723.016
3375,33,2022,45.25,75.9,1,6425.877
1214,12,2022,2487.99,63.17,1,5006.754000000001
7415,74,2022,517.63,65.44,1,802.67
6571,65,2022,251.0,76.68,1,5323.15
1106,11,2023,4527.53,74.6,1,4377.469999999999
1108,11,2022,2903.5,74.0,1,5456.835999999999
3516,35,2022,692.15,74.89,2,16832.26
7309,73,2023,888.91,70.59,1,6600.373
5308,53,2023,1268.11,66.12,1,2340.253
3205,32,2023,3065.19,68.11,1,40946.54
6112,61,2022,6985.2,68.91,4,11326.830999999998
5101,51,2023,841.8,74.04,1,5976.53
2172,21,2022,144.56,79.64,1,5690.54
1813,18,2023,2953.0,66.0,1,2406.31
1275,12,2022,265.1,81.76,1,62874.92
6404,64,2023,35747.5,74.98,1,7499.310999999999
7372,73,2022,89.67,78.54,1,2838.9
3504,35,2023,1055.65,74.61,1,20402.88
1702,17,2023,1515.76,72.31,1,5520.88
3315,33,2022,2022.25,70.97,1,31002.18
1504,15,2022,4179.7,70.51,1,5667.248
3171,31,2022,144.94,85.21,1,71330.09
1277,12,2022,159.3,76.05,1,5906.6
1107,11,2022,2927.95,72.34,1,3702.16
1223,12,2022,3545.8,72.77,1,5940.699
1207,12,2023,2561.38,73.69,1,6873.885
5208,52,2023,809.53,66.62,1,3494.6040000000003
7373,73,2022,273.24,78.91,1,3418.79
6310,63,2022,4871.39,71.79,3,6074.35
6303,63,2023,4668.5,71.46,1,13233.53
1805,18,2022,4546.0,70.8,1,29456.568000000007
3507,35,2023,3530.65,72.16,3,35292.73
3575,35,2023,39.0,77.17,1,5383.02
5303,53,2022,5136.51,65.04,1,5085.2970000000005
3218,32,2023,1010.0,69.38,1,6896.652
1801,18,2023,3368.14,69.11,1,4174.220000000001
1604,16,2023,4344.87,69.1,1,9805.33
1708,17,2023,665.0,69.6,1,2462.0999999999995
9429,94,2022,12941.0,34.1,1,1946.614
3572,35,2023,32.58,80.63,1,2966.0850000000005
7314,73,2023,1832.3,72.71,1,4780.27
1812,18,2023,1201.15,67.81,1,4228.45
8108,81,2022,8633.15,63.07,1,1002.26
7502,75,2022,2160.36,68.28,1,5776.27
3604,36,2023,1734.28,68.39,1,42896.28
7504,75,2023,1889.0,71.51,1,2398.021
1116,11,2022,3727.0,70.36,2,1723.13
3502,35,2022,1371.78,71.87,1,13955.26
5105,51,2023,315.0,73.11,1,3466.9980000000005
3278,32,2023,183.8,74.47,1,11795.52
7313,73,2023,2608.71,71.1,1,6015.302000000001
8205,82,2022,3891.62,68.38,1,5049.7
6111,61,2022,4568.26,63.81,1,2323.916
8103,81,2023,2759.07,72.45,1,6194.682
7371,73,2022,176.85,83.12,1,36592.43
3306,33,2022,1034.84,73.6,1,10569.42
3304,33,2023,1069.71,69.14,1,14696.198
7172,71,2022,329.72,74.7,1,5805.52
3522,35,2022,2307.06,70.12,2,13727.14
8171,81,2023,377.0,82.06,1,9006.12
8204,82,2022,8096.4,65.06,1,4759.935
1212,12,2023,2498.0,76.52,1,39551.013
1609,16,2022,4369.25,70.23,2,10298.17
7207,72,2022,3723.58,68.72,1,2559.978
7312,73,2023,1385.55,70.58,1,3446.32
3506,35,2023,1386.05,73.96,1,24177.89
1302,13,2022,1938.79,70.84,1,5580.32
3171,31,2023,144.94,86.07,1,71946.38
3206,32,2022,2551.19,66.84,1,36474.126
1506,15,2023,5426.0,66.65,1,4579.181
9402,94,2022,7030.66,59.6,1,4803.233
6110,61,2023,10640.8,67.76,1,3861.681
6104,61,2023,2797.88,67.92,1,3076.93
5321,53,2022,1109.16,61.34,1,2709.7609999999995
3322,33,2023,950.21,75.13,1,19460.19
6306,63,2023,1804.94,70.5,1,3689.878
1103,11,2023,4173.82,68.44,1,3532.35
3510,35,2022,5782.5,71.94,1,29707.85
5102,51,2022,839.33,76.75,1,7826.5
1603,16,2023,6763.91,70.24,4,8497.14
7173,71,2023,147.2,78.1,1,1874.71
3571,35,2023,63.4,80.44,1,6346.19
1218,12,2022,1900.22,71.21,1,8878.51
1311,13,2023,2961.0,73.04,1,4141.408
7571,75,2023,70.93,78.64,1,2589.89
3510,35,2023,5782.5,72.61,1,30531.29
3310,33,2022,655.56,76.95,1,23470.34
3375,33,2023,45.25,76.71,1,6389.5470000000005
6213,62,2022,23700.16,68.63,1,2033.98
8271,82,2023,162.2,81.35,1,4244.017999999999
1473,14,2023,1727.0,75.66,1,6210.66
7174,71,2022,108.89,73.96,1,3146.38
1402,14,2023,8198.71,71.04,2,6670.535999999998
3573,35,2023,110.06,83.39,1,28409.54
1808,18,2022,4386.0,69.53,1,6937.437000000001
1373,13,2022,273.5,73.73,1,688.26
3309,33,2022,1096.35,74.97,1,10678.13
1410,14,2023,3708.0,67.28,1,4461.712
9427,94,2022,634.24,63.65,1,629.0930000000001
1502,15,2023,7679.0,70.81,1,5847.819
1803,18,2022,2219.46,69.0,1,16960.265
1905,19,2023,3607.08,68.51,1,3071.02
3201,32,2022,2710.62,71.2,1,47013.193
8271,82,2022,579.54,80.81,1,4569.447999999999
3372,33,2022,46.72,83.08,1,13734.55
7413,74,2022,818.7,66.21,1,1203.0390000000002
1902,19,2022,2293.69,73.38,1,2686.46
6210,62,2023,8997.0,69.6,1,2486.03
9101,91,2022,14320.0,69.12,1,1325.267
3509,35,2022,3306.69,67.97,4,37036.24
1111,11,2023,3296.86,70.87,1,9675.858
1278,12,2023,469.4,70.68,1,2436.615
7409,74,2022,1755.83,69.0,1,841.3230000000001
3404,34,2023,574.82,84.77,1,26355.44
3216,32,2022,1224.88,75.22,1,82137.91
5316,53,2023,1789.66,63.48,1,1197.712
1110,11,2022,1798.0,73.16,1,6457.311
1808,18,2023,4386.0,70.02,1,7451.185
6208,62,2022,16404.0,68.24,1,2999.94
5106,51,2023,520.81,70.79,1,4119.54
5304,53,2022,3933.15,62.73,1,7498.284999999999
3211,32,2023,1558.72,73.18,2,17480.61
9419,94,2022,18034.0,64.86,1,611.0
9105,91,2022,14250.94,72.6,1,5962.78
1403,14,2022,12614.78,67.37,4,12145.639
9107,91,2023,13075.28,67.49,1,2319.766
5207,52,2022,1742.27,72.65,1,2567.722
7401,74,2023,1669.33,68.12,1,1879.851
6112,61,2023,6985.2,69.6,4,11449.274
1217,12,2023,1444.25,72.08,1,2031.9190000000003
3528,35,2022,792.2,66.99,1,10114.06
3323,33,2023,870.65,71.33,1,14735.78
6403,64,2022,27263.1,74.67,6,11452.48
1804,18,2022,5325.03,70.58,1,17608.796000000002
1104,11,2022,4242.04,70.32,1,3333.3
9404,94,2023,3922.02,70.84,1,3500.086
1605,16,2023,6357.09,68.26,1,7141.992000000001
3673,36,2022,266.74,72.98,1,21346.4
7604,76,2022,4979.89,68.88,1,5030.696999999999
1306,13,2022,1343.09,71.63,1,7959.35
8208,82,2023,2985.75,62.31,1,766.371
1116,11,2023,3727.0,70.88,2,1752.51
5108,51,2022,1366.0,73.45,1,14328.37
1201,12,2022,853.44,63.69,1,2127.24
3321,33,2022,897.43,73.36,1,26366.64
5203,52,2022,2679.88,67.59,1,19620.96
6504,65,2022,13564.0,67.16,1,1557.68
8208,82,2022,2985.75,61.64,1,779.1429999999999
1508,15,2023,6461.0,70.63,1,5522.607
9416,94,2022,17512.0,50.25,1,5236.682999999999
5201,52,2022,1053.92,69.41,1,10533.61
6213,62,2023,23700.16,69.42,1,2083.55
7413,74,2023,818.7,67.13,1,1456.36
7316,73,2022,1806.85,73.39,1,4174.07
6401,64,2022,11603.94,73.44,1,4330.1
7414,74,2023,836.96,65.83,1,1899.593
5102,51,2023,839.33,77.43,1,8492.27
3529,35,2023,2093.47,68.61,1,13411.67
1810,18,2023,617.19,71.61,1,5962.86
1709,17,2022,1223.94,68.47,1,1915.776
3602,36,2022,3305.07,64.71,2,21588.52
6109,61,2022,5444.2,65.58,1,3898.7710000000006
7403,74,2022,5351.85,72.04,1,5096.347
1172,11,2023,122.13,77.52,1,630.84
6503,65,2022,3504.0,68.6,1,517.79
3216,32,2023,1224.88,75.76,1,80993.5
5310,53,2023,1671.65,66.89,1,3922.217000000001
1812,18,2022,1201.15,67.13,1,4178.77
1971,19,2022,118.4,79.24,1,5175.2480000000005
3311,33,2022,466.66,77.94,1,13210.11
9428,94,2023,23813.91,54.08,1,732.816
1904,19,2022,2279.11,71.4,1,3006.11
1272,12,2022,60.52,69.86,1,3415.652
1811,18,2022,2184.0,64.94,1,3929.59
9414,94,2022,23824.0,59.61,1,1930.732
7606,76,2022,3014.37,66.89,1,2005.75
2102,21,2023,1946.13,75.7,1,2040.99
3529,35,2022,2093.47,67.87,1,13219.79
5312,53,2022,1735.64,68.26,1,2655.5350000000003
5103,51,2022,418.5,82.13,1,11947.46
5315,53,2022,3129.0,64.92,1,3097.24
8103,81,2022,2759.07,71.81,1,6201.06
7410,74,2022,4219.81,71.1,1,1061.004
1216,12,2023,1218.0,69.58,1,886.9510000000002
3521,35,2023,1394.74,72.47,1,14344.817
8272,82,2023,1703.32,72.4,1,2089.553
3503,35,2023,1261.4,71.73,1,11149.87
7501,75,2022,1830.87,67.27,1,2289.062
9401,94,2023,46791.63,72.19,1,4517.808999999999
5320,53,2022,460.96,57.9,1,1317.62
6310,63,2023,4871.39,72.31,3,6273.27
8106,81,2023,6948.4,67.56,1,4026.463
9432,94,2022,4330.29,49.9,1,1311.0010000000002
6371,63,2023,98.46,78.5,1,19454.98
3317,33,2022,1014.08,71.0,1,9202.6
7171,71,2023,162.35,80.14,1,9382.920999999998
5371,53,2023,159.33,80.62,1,9478.41
6203,62,2023,14999.0,70.75,1,7800.82
1671,16,2022,352.5,79.47,1,43981.57
7109,71,2023,730.62,71.93,1,1712.73
7102,71,2022,1128.45,76.18,2,6363.28
1508,15,2022,6461.0,69.78,1,5575.446
6471,64,2023,509.75,81.66,1,19303.84
7408,74,2023,2932.25,71.04,1,2295.8240000000005
2171,21,2023,3868.97,82.11,1,42305.41
3175,31,2022,147.21,80.81,1,49948.08
6271,62,2023,2853.19,81.68,1,5694.51
1103,11,2022,4173.82,67.87,1,3521.77
3175,31,2023,147.21,81.11,1,50456.05
7203,72,2022,4486.89,72.55,1,3064.36
9471,94,2022,940.0,80.61,1,7952.83
3324,33,2022,1002.23,73.19,1,14965.29
1109,11,2023,3184.46,71.66,1,6662.784999999999
3577,35,2023,33.23,82.71,1,4718.246000000001
1307,13,2023,2232.4,73.98,1,8016.38
6503,65,2023,3504.0,69.2,1,523.48
1117,11,2023,1145.0,74.49,1,2468.57
7211,72,2022,725.67,66.22,1,1354.99
8207,82,2022,2337.33,63.8,1,1014.897
1872,18,2023,73.21,78.36,1,2919.046
7102,71,2023,1141.64,76.96,2,6392.26
1213,12,2023,6273.29,72.21,3,16765.326000000005
3511,35,2023,1560.1,67.99,1,11488.973999999998
3302,33,2022,1328.0,73.17,1,19596.45
9471,94,2023,940.0,81.14,1,8828.28
5315,53,2023,3129.0,65.81,1,3757.249
9435,94,2022,3922.02,49.25,1,2351.0000000000005
3271,32,2022,118.5,77.17,1,27172.76
1904,19,2023,2279.11,71.71,1,3060.45
6405,64,2023,34127.17,76.21,3,5128.21
3575,35,2022,35.29,76.54,1,5329.73
1215,12,2023,2297.2,70.75,1,3364.019000000001
3204,32,2022,1767.96,73.16,1,46835.19
9102,91,2022,18500.0,66.11,1,929.04
3327,33,2022,1115.0,67.19,1,21669.45
2104,21,2023,2117.72,67.44,1,1423.615
6211,62,2022,10804.0,71.4,1,3705.84
9433,94,2022,8055.0,43.87,1,3472.5740000000005
3328,33,2023,876.1,70.23,1,22049.37
3101,31,2022,10.73,72.79,1,653.11
3212,32,2022,2040.11,68.55,2,40648.11
1371,13,2022,694.96,83.29,1,23497.31
6302,63,2022,9442.46,69.74,1,6614.35
9105,91,2023,14250.94,73.21,1,6584.93
7408,74,2022,2932.25,70.39,1,2034.06
6107,61,2022,21635.0,67.86,1,6541.494000000001
3402,34,2022,506.85,80.69,1,24501.321
7109,71,2022,753.14,71.48,1,1684.1
6106,61,2023,31588.0,68.68,4,11188.062
5308,53,2022,1268.11,65.47,1,2237.9770000000003
5205,52,2022,2324.55,69.15,1,3346.227
7314,73,2022,1832.3,72.06,1,4718.63
1303,13,2023,3738.0,70.63,1,5923.4
1371,13,2023,694.96,83.58,1,23629.66
3316,33,2022,1820.95,69.95,2,13981.18
3320,33,2022,1062.01,73.15,3,15051.64
3273,32,2022,167.67,82.5,1,58187.65
3572,35,2022,32.58,79.93,1,2773.27
1609,16,2023,4369.25,70.96,1,11803.445
3506,35,2022,1386.05,73.46,1,24008.24
7311,73,2022,4567.36,67.01,1,14811.52
6307,63,2023,1770.77,70.13,1,3840.69
7304,73,2023,796.0,65.9,1,6367.341000000001
3313,33,2023,774.0,77.31,1,18895.775
1610,16,2022,2382.0,67.96,1,6197.159
5318,53,2023,1396.16,67.07,1,2260.4080000000004
7310,73,2023,1201.9,72.36,1,2840.33
5204,52,2022,6643.98,68.89,2,9482.04
5104,51,2023,368.0,79.24,1,19669.85
1806,18,2022,2667.0,68.33,1,9098.591
6501,65,2022,38911.8,72.75,1,1432.74
1220,12,2023,3945.56,71.63,1,5205.803999999999
8104,81,2023,7594.98,70.56,1,2671.5060000000003
1374,13,2022,23.0,78.78,1,1786.51
9409,94,2022,2602.0,72.85,1,2143.46
9102,91,2023,18500.0,66.72,1,826.865
9435,94,2023,3922.02,50.19,1,2351.0000000000005
5371,53,2022,159.33,80.2,1,8319.26
1608,16,2023,5493.94,66.67,1,6217.546
1405,14,2023,8556.09,74.98,4,6972.23
6212,62,2022,3834.0,72.07,1,1679.83
1304,13,2022,3130.8,68.69,1,3551.39
1905,19,2022,3607.08,67.95,1,2996.69
1209,12,2022,4372.5,73.77,1,18644.47
3579,35,2022,199.09,77.22,1,4935.95
3322,33,2022,950.21,74.67,1,19342.15
3376,33,2023,39.68,77.02,1,7258.411
9111,91,2023,2812.44,61.55,1,686.2540000000001
3501,35,2023,1390.0,70.19,1,10534.56
1811,18,2023,2184.0,65.64,1,3787.5499999999993
1220,12,2022,3945.56,70.93,1,5166.634
3522,35,2023,2307.06,70.85,2,13363.94
1901,19,2022,3028.79,72.95,2,4881.42
3210,32,2022,1204.24,68.56,1,20908.063999999995
7318,73,2022,2043.62,69.88,1,4249.27
5104,51,2022,368.0,78.39,1,19669.85
1215,12,2022,2297.2,70.32,1,2165.37
6409,64,2022,3333.0,72.55,1,3503.4
1377,13,2022,73.36,77.65,1,1396.34
7203,72,2023,5472.0,73.02,1,3216.45
7308,73,2023,1442.95,71.63,1,5996.21
1309,13,2022,3947.63,67.41,1,4425.3
7311,73,2023,4567.36,67.81,1,14877.18
9403,94,2023,17514.0,73.5,1,5165.433999999999
3207,32,2023,1425.0,72.05,2,18217.44
1408,14,2023,514.0,74.97,4,9511.5
3209,32,2023,1076.76,70.95,1,49840.05100000001
1410,14,2022,3708.0,66.52,1,4478.675
1104,11,2023,4242.04,71.05,1,4166.62
9107,91,2022,13075.28,66.69,1,1816.27
7210,72,2023,5196.02,69.93,1,5475.526
7309,73,2022,888.91,69.79,1,5153.06
1274,12,2023,38.96,76.98,1,3854.205
5107,51,2023,839.5,68.91,1,9076.453
5271,52,2022,61.3,79.59,1,9643.69
3271,32,2023,111.39,77.85,1,28463.16
1309,13,2023,3947.63,68.13,1,4488.41
1118,11,2023,952.11,74.8,1,2446.498
7202,72,2023,9672.7,71.7,1,6683.59
7171,71,2022,162.35,79.66,1,10624.11
7204,72,2023,7112.25,72.48,1,4819.91
5101,51,2022,841.8,73.58,1,5947.29
7106,71,2023,1059.0,75.31,1,4646.5740000000005
7103,71,2022,597.26,71.63,1,2039.39
1204,12,2022,2194.98,70.31,1,6739.73
1113,11,2023,5365.98,68.93,1,1506.85
7312,73,2022,1385.55,69.7,1,3439.38
3520,35,2022,688.84,74.85,1,10064.79
1273,12,2023,79.97,80.46,1,5866.46
3211,32,2022,1518.33,72.69,1,16159.2
3101,31,2023,10.73,73.39,1,663.43
5205,52,2023,2324.55,69.98,1,3505.692
3603,36,2023,959.61,73.43,1,74963.193
3601,36,2022,2746.0,65.84,1,17306.449
9101,91,2023,14320.0,69.72,1,1244.1919999999998
7503,75,2023,4370.36,67.15,1,2590.042
7405,74,2023,4237.74,70.32,1,5065.188
1673,16,2023,633.66,70.45,1,2698.01
6103,61,2023,9909.1,68.14,1,6150.700000000001
5206,52,2022,4389.0,67.57,1,10110.21
9431,94,2022,3743.64,49.25,1,643.3340000000001
3305,33,2023,1281.11,71.37,1,24302.834
7271,72,2022,395.06,82.02,1,7407.37
3403,34,2022,1485.36,70.96,1,13787.19
6403,64,2023,27263.1,75.3,3,13558.611
6372,63,2023,305.2,80.11,1,6026.575000000001
3519,35,2023,1010.86,72.97,1,10914.8
3579,35,2023,199.09,78.18,1,5206.27
1504,15,2023,5804.83,71.02,1,5433.96
6308,63,2022,915.05,66.84,1,3376.83
3671,36,2023,164.55,79.46,1,44283.21800000001
1203,12,2022,4355.35,70.92,1,5178.434000000001
3323,33,2022,870.65,70.77,1,14605.04
9426,94,2022,22004.87,65.67,1,528.52
7409,74,2023,1755.83,69.7,1,821.613
3303,33,2023,777.64,70.24,1,19775.84
3329,33,2022,1769.62,67.03,2,36693.76
7315,73,2022,1896.58,71.97,1,6586.18
3518,35,2022,1224.33,72.93,3,16210.77
1376,13,2023,80.43,79.97,1,3404.16
6302,63,2023,9442.46,70.18,1,6708.22
6207,62,2022,6414.0,71.11,1,1454.255
3527,35,2023,1233.0,64.13,1,15590.734
1601,16,2023,4797.0,71.01,2,5453.08
3203,32,2022,3840.16,65.94,1,39204.928
7404,74,2022,2958.92,73.98,1,4402.16
6311,63,2023,1878.3,70.49,1,2033.5320000000004
1509,15,2023,4659.0,71.06,1,5901.41
3310,33,2023,701.52,77.59,1,23705.07
3514,35,2023,1474.02,70.29,1,26010.904
3512,35,2022,1638.5,68.25,1,9389.17
3214,32,2022,825.74,71.56,1,18143.428000000004
1108,11,2023,2903.5,74.53,2,5405.33
5313,53,2023,1343.83,66.42,1,3702.052
1406,14,2023,11289.28,74.24,3,16452.107
3305,33,2022,1281.11,70.79,2,16901.34
7403,74,2023,5351.85,72.77,1,4784.579
1114,11,2022,1957.02,70.43,1,4406.28
6210,62,2022,8997.0,69.01,1,2469.88
1802,18,2022,4654.96,67.22,1,13345.24
3577,35,2022,33.23,82.01,1,4421.98
9417,94,2023,15683.0,48.18,1,1846.222
3306,33,2023,1034.84,74.28,1,11743.29
3210,32,2023,1204.24,69.13,1,20602.443
7606,76,2023,3100.87,67.45,1,2173.441
2103,21,2023,1978.29,74.21,1,1272.58
7501,75,2023,1830.87,68.18,1,2257.938
7326,73,2022,1289.13,70.36,1,5784.78
1604,16,2022,4344.87,68.4,1,9840.69
6504,65,2023,13564.0,67.7,1,3154.974
1607,16,2022,11875.0,67.93,2,21123.59
6204,62,2022,7020.09,71.01,1,2443.97
9430,94,2023,2248.0,50.56,1,3767.299
3279,32,2022,113.49,72.55,1,3126.78
9431,94,2023,3743.64,50.22,1,640.323
1804,18,2023,5325.03,71.21,1,17608.796000000002
7601,76,2023,947.84,68.62,1,2697.527
1375,13,2023,25.24,81.78,1,3868.851
3279,32,2023,132.0,73.08,1,3162.42
1308,13,2023,3354.0,70.7,1,5826.523999999999
6104,61,2022,2797.88,66.94,1,3066.97
8171,81,2022,377.0,81.63,1,7105.545000000001
7306,73,2022,1813.0,70.99,1,11731.004
6305,63,2023,2175.0,72.0,1,3056.61
3303,33,2022,777.64,69.54,1,18612.08
8108,81,2023,8633.15,63.93,1,1058.0210000000002
7111,71,2022,859.97,67.21,1,1347.62
3508,35,2022,1790.9,66.95,1,19144.61
3329,33,2023,1769.62,67.95,2,36693.76
7414,74,2022,836.96,65.29,1,1914.37
5311,53,2022,2085.24,67.97,1,3905.306000000001
1701,17,2022,1186.7,71.42,1,2635.048
5307,53,2023,2928.56,62.99,1,3504.844
7317,73,2023,2902.07,72.16,1,6120.718
1110,11,2023,1781.34,73.63,1,6225.078
6411,64,2022,15315.0,68.75,1,558.46
5207,52,2023,1849.02,73.17,1,2674.119
3319,33,2022,425.2,75.89,1,16357.9
3471,34,2023,32.5,88.28,1,9994.392
7505,75,2023,1703.63,66.61,1,2087.885
3308,33,2022,1085.73,70.85,1,21552.448
7571,75,2022,70.93,78.22,1,5164.65
9103,91,2022,14953.8,60.87,1,669.72
6309,63,2022,3556.0,73.13,1,3750.78
3174,31,2022,125.0,82.51,1,73854.78
6411,64,2023,15315.0,69.59,1,653.81
1206,12,2022,2022.0,75.96,2,3505.9
3528,35,2023,792.2,67.96,1,10115.61
5319,53,2023,2389.53,63.24,1,3683.565
6372,63,2022,371.38,79.68,1,6707.97
1377,13,2023,64.97,78.13,1,1936.8860000000004
7306,73,2023,1813.0,71.57,1,14639.084000000004
8107,81,2022,3952.08,65.05,1,2639.032
1210,12,2022,1927.8,72.56,1,3894.424
3515,35,2022,714.27,81.02,1,56113.783
1471,14,2022,632.3,82.06,1,35650.33
1172,11,2022,122.13,76.85,1,630.84
1372,13,2023,58.72,79.58,1,2036.41
7104,71,2022,1012.14,70.43,1,1505.0709999999997
3574,35,2023,56.67,75.43,1,3570.56
7402,74,2022,1858.1,69.61,1,3393.76
1213,12,2022,6273.29,71.86,4,19032.38
3372,33,2023,44.04,83.54,1,19073.542
1303,13,2022,3738.0,70.02,1,5755.86
1606,16,2023,14265.96,69.17,8,9243.61
1805,18,2023,4559.56,71.6,1,25185.09
8204,82,2023,8096.4,65.83,1,4479.165999999999
3276,32,2023,200.29,82.38,1,60009.21299999999
1277,12,2023,159.3,76.44,1,4702.517000000001
9111,91,2022,2812.44,60.68,1,675.3230000000001
1571,15,2022,175.53,79.58,1,15968.8
3203,32,2023,3614.35,66.55,1,40159.291
1301,13,2023,6033.76,63.13,1,1212.428
3674,36,2023,147.19,82.28,1,36917.75
1205,12,2023,3793.71,74.65,1,3718.887
3602,36,2023,3305.07,65.21,2,21826.65
5304,53,2023,3933.15,63.58,1,7305.825
7206,72,2023,4079.77,67.66,1,3563.5980000000004
6205,62,2022,8300.0,71.21,1,2260.39
3576,35,2022,20.21,79.32,1,2442.03
7212,72,2022,8736.01,68.97,1,2230.88
1803,18,2023,2219.46,69.63,1,17796.115
7208,72,2022,5805.61,66.26,1,8258.25
2105,21,2023,590.14,70.26,1,487.68
7302,73,2022,1175.53,70.34,1,6530.46
1111,11,2022,3296.86,70.22,1,11499.884
9412,94,2022,21693.51,75.08,1,5774.21
3215,32,2022,1652.2,71.74,1,36643.65
1674,16,2022,401.5,75.53,1,3933.434
1409,14,2023,8881.59,70.78,3,11908.433
1613,16,2023,6008.55,66.6,1,3442.822
7373,73,2023,273.24,79.45,1,3483.32
3671,36,2022,164.55,78.9,1,50425.81
3321,33,2023,897.43,74.07,1,24695.992
3277,32,2023,42.73,79.46,1,18612.517
9417,94,2022,15683.0,47.21,1,1946.614
6102,61,2023,5396.3,69.53,1,5668.755999999999
1571,15,2023,205.38,80.15,1,16683.623
6101,61,2022,6395.7,67.95,5,11611.2
1374,13,2023,23.0,79.26,1,1288.206
7601,76,2022,947.84,67.84,1,2589.89
6105,61,2022,12857.7,66.91,6,8984.18
6303,63,2022,4668.5,70.72,1,13051.24
3373,33,2022,56.78,84.35,1,4166.83
6311,63,2022,1878.3,69.73,1,2057.63
9403,94,2022,17514.0,72.67,1,3136.03
1703,17,2023,4424.6,70.28,1,5795.536000000002
7318,73,2023,2043.62,70.73,1,3956.37
3324,33,2023,1002.23,73.86,1,18320.768000000004
3202,32,2022,4145.7,67.64,1,40059.958
3272,32,2022,48.25,75.4,1,6582.84
5204,52,2023,6643.98,69.87,3,10737.408
7103,71,2023,731.98,72.22,1,2187.992
7471,74,2023,265.79,84.85,1,9886.37
1572,15,2022,391.5,76.17,1,1829.54
5301,53,2022,757.41,64.43,1,2379.165
1274,12,2022,38.96,76.17,1,4548.82
